Trd, 171427.517, 98
Trd, 171428.033, 106
Trd, 171428.367, 109
Trd, 171428.633, 109
Trd, 171429.483, 94
Trd, 171429.983, 114
Trd, 171430.300, 115
Trd, 171431.683, 99
Trd, 171432.133, 95
Trd, 171432.417, 85
Trd, 171432.433, 90
Trd, 171433.100, 117
Trd, 171433.400, 115
Trd, 171436.350, 102
Trd, 171437.417, 107
Trd, 171438.117, 99
Trd, 171438.800, 98
Trd, 171439.583, 84
Trd, 171439.983, 85
Trd, 171441.167, 107
Trd, 171441.683, 108
Trd, 171442.250, 93
Trd, 171442.767, 109
Trd, 171444.000, 117
Trd, 171445.983, 91
Trd, 171446.350, 92
Trd, 171447.700, 88
Trd, 171448.483, 92
Trd, 171448.767, 84
Trd, 171449.667, 103
Trd, 171451.667, 101
Trd, 171451.700, 102
Trd, 171451.783, 94
Trd, 171452.333, 106
Trd, 171452.717, 109
Trd, 171452.800, 85
Trd, 171455.050, 117
Trd, 171455.483, 103
Trd, 171456.417, 100
Trd, 171456.650, 111
Trd, 171456.967, 98
Trd, 171458.550, 104
Trd, 171459.133, 88
Trd, 171459.767, 102
Trd, 171459.850, 104
Trd, 171461.667, 106
Trd, 171461.933, 99
Trd, 171462.550, 105
Trd, 171462.783, 109
Trd, 171463.450, 108
Trd, 171463.717, 109
Trd, 171464.033, 101
Trd, 171466.267, 103
Trd, 171467.867, 102
Trd, 171469.067, 96
Trd, 171469.150, 102
Trd, 171470.200, 85
Trd, 171471.783, 98
Trd, 171471.917, 98
Trd, 171472.700, 103
Trd, 171472.900, 92
Trd, 171475.333, 84
Trd, 171476.933, 105
Trd, 171477.917, 89
Trd, 171477.983, 91
Trd, 171478.350, 87
Trd, 171479.050, 105
Trd, 171479.150, 84
Trd, 171479.350, 85
Trd, 171479.917, 106
Trd, 171482.200, 93
Trd, 171482.600, 86
Trd, 171482.633, 103
Trd, 171483.067, 116
Trd, 171483.867, 107
Trd, 171484.967, 112
Trd, 171485.383, 102
Trd, 171486.083, 109
Trd, 171488.083, 97
Trd, 171488.233, 97
Trd, 171488.417, 106
Trd, 171488.633, 91
Trd, 171491.667, 90
Trd, 171491.850, 91
Trd, 171493.217, 112
Trd, 171493.733, 117
Trd, 171493.800, 109
Trd, 171495.233, 114
Trd, 171496.450, 99
Trd, 171497.083, 111
Trd, 171497.100, 112
Trd, 171497.917, 110
Trd, 171499.000, 113
Trd, 171499.417, 109
Trd, 171499.800, 107
Trd, 171500.733, 115
Trd, 171500.867, 96
Trd, 171501.667, 115
Trd, 171501.883, 95
Trd, 171504.433, 102
Trd, 171504.600, 106
Trd, 171506.183, 108
Trd, 171507.550, 96
Trd, 171507.900, 103
Trd, 171508.350, 109
Trd, 171509.583, 90
Trd, 171511.133, 87
Trd, 171511.417, 88
Trd, 171512.150, 84
Trd, 171513.117, 87
Trd, 171513.500, 96
Trd, 171513.650, 97
Trd, 171514.783, 88
Trd, 171514.883, 102
Trd, 171515.200, 107
Trd, 171517.017, 91
Trd, 171517.167, 119
Trd, 171517.300, 116
Trd, 171517.383, 120
Trd, 171517.933, 98
Trd, 171518.367, 89
Trd, 171520.067, 88
Trd, 171520.433, 94
Trd, 171521.850, 104
Trd, 171522.217, 106
Trd, 171522.450, 109
Trd, 171522.933, 100
Trd, 171523.783, 105
Trd, 171524.083, 113
Trd, 171525.017, 113
Trd, 171525.467, 79
Trd, 171526.200, 97
Trd, 171527.950, 92
Trd, 171528.867, 107
Trd, 171529.033, 98
Trd, 171531.200, 103
Trd, 171532.283, 106
Trd, 171532.867, 117
Trd, 171533.133, 115
Trd, 171533.183, 108
Trd, 171534.683, 88
Trd, 171536.600, 100
Trd, 171536.783, 80
Trd, 171537.483, 105
Trd, 171537.600, 78
Trd, 171539.500, 103
Trd, 171539.933, 109
Trd, 171541.417, 96
Trd, 171542.050, 96
Trd, 171542.350, 105
Trd, 171543.250, 92
Trd, 171543.417, 111
Trd, 171543.967, 92
Trd, 171544.350, 108
Trd, 171545.150, 95
Trd, 171545.500, 91
Trd, 171546.083, 99
Trd, 171546.750, 100
Trd, 171546.983, 96
Trd, 171547.733, 106
Trd, 171549.300, 109
Trd, 171550.817, 100
Trd, 171550.983, 101
Trd, 171551.367, 104
Trd, 171551.400, 94
Trd, 171552.367, 97
Trd, 171552.683, 83
Trd, 171553.817, 102
Trd, 171554.700, 101
Trd, 171555.050, 96
Trd, 171556.333, 99
Trd, 171557.400, 88
Trd, 171558.333, 95
Trd, 171559.283, 85
Trd, 171560.600, 99
Trd, 171561.600, 102
Trd, 171562.217, 106
Trd, 171562.700, 90
Trd, 171563.617, 90
Trd, 171565.450, 97
Trd, 171566.233, 94
Trd, 171566.500, 107
Trd, 171566.517, 101
Trd, 171566.883, 104
Trd, 171567.650, 107
Trd, 171568.050, 98
Trd, 171568.433, 104
Trd, 171568.950, 106
Trd, 171569.117, 106
Trd, 171570.700, 109
Trd, 171572.100, 103
Trd, 171572.650, 106
Trd, 171572.900, 119
Trd, 171573.150, 101
Trd, 171574.033, 100
Trd, 171575.383, 101
Trd, 171575.500, 103
Trd, 171575.683, 99
Trd, 171576.133, 98
Trd, 171576.850, 82
Trd, 171577.367, 98
Trd, 171578.267, 80
Trd, 171578.400, 106
Trd, 171579.167, 109
Trd, 171579.950, 89
Trd, 171582.283, 96
Trd, 171582.617, 106
Trd, 171583.100, 100
Trd, 171583.667, 100
Trd, 171584.567, 103
Trd, 171584.667, 99
Trd, 171585.550, 109
Trd, 171585.617, 120
Trd, 171586.917, 114
Trd, 171587.050, 109
Trd, 171587.333, 104
Trd, 171587.350, 98
Trd, 171588.583, 84
Trd, 171590.900, 105
Trd, 171591.550, 105
Trd, 171592.433, 116
Trd, 171593.200, 115
Trd, 171594.133, 111
Trd, 171594.833, 99
Trd, 171595.567, 99
Trd, 171595.967, 106
Trd, 171597.883, 107
Trd, 171600.200, 101
Trd, 171600.417, 104
Trd, 171601.150, 101
Trd, 171603.000, 104
Trd, 171603.150, 98
Trd, 171603.550, 104
Trd, 171603.700, 84
Trd, 171603.783, 106
Trd, 171604.500, 109
Trd, 171605.050, 86
Trd, 171606.367, 95
Trd, 171607.933, 107
Trd, 171608.950, 98
Trd, 171609.033, 108
Trd, 171609.467, 92
Trd, 171609.933, 105
Trd, 171610.217, 106
Trd, 171611.300, 109
Trd, 171612.250, 108
Trd, 171613.883, 92
Trd, 171614.617, 104
Trd, 171615.017, 106
Trd, 171615.517, 107
Trd, 171617.617, 98
Trd, 171617.633, 98
Trd, 171619.217, 84
Trd, 171619.567, 92
Trd, 171620.083, 94
Trd, 171620.600, 94
Trd, 171620.683, 98
Trd, 171622.367, 90
Trd, 171623.300, 99
Trd, 171624.850, 97
Trd, 171625.800, 93
Trd, 171627.883, 98
Trd, 171628.683, 83
Trd, 171628.733, 98
Trd, 171629.317, 98
Trd, 171630.050, 100
Trd, 171630.767, 106
Trd, 171632.167, 96
Trd, 171632.217, 105
Trd, 171633.033, 100
Trd, 171633.100, 101
Trd, 171633.233, 105
Trd, 171636.283, 112
Trd, 171636.750, 111
Trd, 171637.500, 115
Trd, 171638.133, 104
Trd, 171640.167, 104
Trd, 171640.600, 118
Trd, 171640.833, 101
Trd, 171641.400, 120
Trd, 171641.617, 117
Trd, 171641.783, 98
Trd, 171643.233, 108
Trd, 171643.550, 100
Trd, 171644.167, 106
Trd, 171645.217, 96
Trd, 171645.250, 104
Trd, 171646.633, 105
Trd, 171647.333, 106
Trd, 171648.433, 109
Trd, 171649.100, 117
Trd, 171649.617, 108
Trd, 171650.750, 100
Trd, 171651.533, 98
Trd, 171652.600, 102
Trd, 171652.983, 101
Trd, 171654.333, 96
Trd, 171655.133, 90
Trd, 171655.300, 82
Trd, 171657.850, 94
Trd, 171658.350, 94
Trd, 171658.800, 97
Trd, 171659.300, 102
Trd, 171659.450, 99
Trd, 171659.883, 88
Trd, 171660.300, 98
Trd, 171660.383, 100
Trd, 171660.450, 118
Trd, 171661.233, 99
Trd, 171662.250, 89
Trd, 171663.267, 100
Trd, 171664.217, 87
Trd, 171665.017, 86
Trd, 171665.183, 106
Trd, 171666.917, 84
Trd, 171667.683, 92
Trd, 171667.700, 97
Trd, 171668.333, 103
Trd, 171669.033, 109
Trd, 171669.267, 106
Trd, 171670.233, 88
Trd, 171670.467, 115
Trd, 171671.950, 109
Trd, 171673.183, 90
Trd, 171673.667, 91
Trd, 171674.867, 90
Trd, 171675.333, 87
Trd, 171676.183, 102
Trd, 171676.233, 106
Trd, 171676.350, 109
Trd, 171678.500, 100
Trd, 171678.600, 109
Trd, 171680.017, 94
Trd, 171681.450, 92
Trd, 171682.350, 84
Trd, 171682.733, 86
Trd, 171683.533, 89
Trd, 171685.100, 104
Trd, 171685.650, 109
Trd, 171685.950, 102
Trd, 171688.617, 91
Trd, 171688.850, 87
Trd, 171690.117, 102
Trd, 171691.133, 99
Trd, 171691.300, 98
Trd, 171691.833, 83
Trd, 171692.567, 100
Trd, 171692.683, 108
Trd, 171694.050, 80
Trd, 171695.250, 112
Trd, 171695.400, 110
Trd, 171695.733, 101
Trd, 171696.117, 111
Trd, 171697.300, 93
Trd, 171699.817, 95
Trd, 171700.133, 99
Trd, 171701.333, 97
Trd, 171701.383, 106
Trd, 171702.517, 107
Trd, 171702.750, 100
Trd, 171702.933, 97
Trd, 171703.400, 100
Trd, 171704.267, 103
Trd, 171704.517, 105
Trd, 171704.800, 109
Trd, 171705.417, 89
Trd, 171706.917, 115
Trd, 171707.317, 115
Trd, 171707.850, 105
Trd, 171709.500, 108
Trd, 171710.067, 107
Trd, 171710.283, 98
Trd, 171711.833, 91
Trd, 171712.883, 99
Trd, 171713.333, 107
Trd, 171713.950, 86
Trd, 171714.417, 84
Trd, 171714.833, 92
Trd, 171715.950, 102
Trd, 171717.150, 103
Trd, 171718.150, 109
Trd, 171718.267, 114
Trd, 171718.583, 107
Trd, 171720.283, 107
Trd, 171721.333, 108
Trd, 171721.900, 107
Trd, 171722.167, 81
Trd, 171723.650, 100
Trd, 171724.617, 107
Trd, 171725.100, 97
Trd, 171725.500, 90
Trd, 171725.783, 106
Trd, 171726.167, 101
Trd, 171726.267, 109
Trd, 171726.783, 98
Trd, 171727.367, 99
Trd, 171729.317, 116
Trd, 171729.400, 117
Trd, 171730.767, 114
Trd, 171731.533, 112
Trd, 171732.767, 117
Trd, 171733.883, 109
Trd, 171734.167, 104
Trd, 171735.417, 101
Trd, 171737.400, 92
Trd, 171737.817, 106
Trd, 171738.283, 98
Trd, 171740.450, 97
Trd, 171741.817, 106
Trd, 171742.183, 109
Trd, 171742.533, 111
Trd, 171744.000, 98
Trd, 171744.500, 91
Trd, 171745.833, 99
Trd, 171745.850, 118
Trd, 171746.650, 115
Trd, 171746.983, 111
Trd, 171747.367, 110
Trd, 171748.467, 98
Trd, 171749.317, 84
Trd, 171750.000, 116
Trd, 171750.183, 91
Trd, 171750.600, 83
Trd, 171752.050, 110
Trd, 171752.550, 116
Trd, 171753.250, 118
Trd, 171753.367, 108
Trd, 171755.600, 103
Trd, 171756.500, 91
Trd, 171756.567, 100
Trd, 171756.783, 104
Trd, 171756.800, 90
Trd, 171757.450, 106
Trd, 171757.483, 123
Trd, 171757.817, 97
Trd, 171758.117, 107
Trd, 171760.283, 100
Trd, 171760.317, 103
Trd, 171760.733, 99
Trd, 171760.800, 107
Trd, 171761.017, 98
Trd, 171763.083, 102
Trd, 171764.000, 106
Trd, 171764.417, 109
Trd, 171767.100, 96
Trd, 171767.767, 90
Trd, 171768.300, 94
Trd, 171770.233, 92
Trd, 171770.250, 97
Trd, 171770.417, 90
Trd, 171771.200, 99
Trd, 171771.467, 106
Trd, 171772.133, 109
Trd, 171772.550, 112
Trd, 171773.450, 96
Trd, 171774.317, 84
Trd, 171775.483, 102
Trd, 171777.367, 109
Trd, 171777.433, 117
Trd, 171778.050, 114
Trd, 171778.167, 116
Trd, 171778.700, 114
Trd, 171778.950, 88
Trd, 171779.450, 94
Trd, 171780.300, 83
Trd, 171781.050, 115
Trd, 171781.383, 81
Trd, 171781.717, 88
Trd, 171782.583, 108
Trd, 171782.783, 114
Trd, 171783.283, 100
Trd, 171784.450, 114
Trd, 171785.050, 101
Trd, 171785.200, 106
Trd, 171785.517, 98
Trd, 171788.017, 90
Trd, 171788.783, 94
Trd, 171788.850, 83
Trd, 171789.550, 91
Trd, 171789.617, 100
Trd, 171789.700, 78
Trd, 171790.550, 103
Trd, 171790.633, 103
Trd, 171791.933, 108
Trd, 171792.367, 106
Trd, 171794.250, 109
Trd, 171794.650, 100
Trd, 171796.733, 105
Trd, 171797.133, 98
Trd, 171797.600, 101
Trd, 171800.433, 105
Trd, 171800.917, 89
Trd, 171801.467, 90
Trd, 171802.033, 88
Trd, 171802.317, 82
Trd, 171802.400, 83
Trd, 171802.833, 106
Trd, 171804.017, 87
Trd, 171805.383, 114
Trd, 171805.533, 108
Trd, 171806.883, 106
Trd, 171807.033, 89
Trd, 171809.233, 92
Trd, 171809.900, 91
Trd, 171811.083, 106
Trd, 171811.267, 109
Trd, 171811.500, 103
Trd, 171812.633, 99
Trd, 171812.933, 98
Trd, 171813.967, 105
Trd, 171815.083, 103
Trd, 171816.050, 106
Trd, 171816.300, 98
Trd, 171817.383, 105
Trd, 171818.250, 101
Trd, 171818.933, 105
Trd, 171819.633, 109
Trd, 171820.100, 105
Trd, 171821.000, 92
Trd, 171821.883, 100
Trd, 171822.933, 115
Trd, 171823.500, 104
Trd, 171823.983, 113
Trd, 171824.867, 115
Trd, 171824.933, 90
Trd, 171825.917, 107
Trd, 171826.133, 117
Trd, 171826.833, 114
Trd, 171826.883, 118
Trd, 171827.033, 86
Trd, 171827.533, 83
Trd, 171831.767, 111
Trd, 171832.433, 96
Trd, 171834.150, 103
Trd, 171834.683, 104
Trd, 171836.333, 102
Trd, 171837.067, 109
Trd, 171837.667, 93
Trd, 171838.133, 113
Trd, 171838.467, 117
Trd, 171840.617, 109
Trd, 171841.350, 109
Trd, 171842.150, 110
Trd, 171842.317, 98
Trd, 171843.850, 93
Trd, 171844.133, 94
Trd, 171844.617, 89
Trd, 171844.817, 84
Trd, 171844.883, 100
Trd, 171845.317, 79
Trd, 171847.183, 99
Trd, 171849.217, 98
Trd, 171849.283, 97
Trd, 171851.050, 98
Trd, 171851.167, 106
Trd, 171851.600, 93
Trd, 171851.683, 85
Trd, 171851.733, 107
Trd, 171853.283, 84
Trd, 171854.767, 83
Trd, 171855.200, 92
Trd, 171855.667, 105
Trd, 171856.500, 106
Trd, 171858.633, 99
Trd, 171859.350, 116
Trd, 171860.300, 97
Trd, 171860.467, 98
Trd, 171860.833, 121
Trd, 171861.383, 114
Trd, 171861.967, 99
Trd, 171864.983, 99
Trd, 171865.983, 109
Trd, 171866.000, 96
Trd, 171866.017, 111
Trd, 171867.383, 86
Trd, 171868.300, 97
Trd, 171869.467, 94
Trd, 171869.633, 98
Trd, 171871.050, 108
Trd, 171871.133, 109
Trd, 171873.333, 102
Trd, 171874.767, 94
Trd, 171875.450, 102
Trd, 171877.100, 101
Trd, 171877.183, 102
Trd, 171877.917, 104
Trd, 171878.350, 97
Trd, 171878.733, 106
Trd, 171880.033, 99
Trd, 171880.383, 92
Trd, 171881.400, 100
Trd, 171881.533, 95
Trd, 171882.633, 106
Trd, 171882.683, 106
Trd, 171883.433, 109
Trd, 171883.617, 90
Trd, 171885.167, 88
Trd, 171887.650, 102
Trd, 171888.767, 100
Trd, 171888.850, 90
Trd, 171889.233, 106
Trd, 171890.050, 109
Trd, 171891.217, 120
Trd, 171891.883, 111
Trd, 171892.067, 109
Trd, 171893.283, 108
Trd, 171894.067, 84
Trd, 171894.367, 91
Trd, 171895.333, 100
Trd, 171895.650, 98
Trd, 171898.333, 94
Trd, 171898.817, 102
Trd, 171899.250, 106
Trd, 171899.850, 98
Trd, 171901.050, 106
Trd, 171901.117, 109
Trd, 171901.983, 117
Trd, 171902.567, 108
Trd, 171902.950, 98
Trd, 171903.117, 87
Trd, 171903.583, 99
Trd, 171905.533, 100
Trd, 171905.583, 106
Trd, 171905.817, 97
Trd, 171906.117, 116
Trd, 171906.467, 119
Trd, 171907.017, 109
Trd, 171907.250, 91
Trd, 171907.633, 89
Trd, 171908.983, 103
Trd, 171911.633, 108
Trd, 171913.067, 106
Trd, 171915.283, 102
Trd, 171916.700, 106
Trd, 171917.833, 98
Trd, 171918.050, 107
Trd, 171918.400, 90
Trd, 171918.900, 107
Trd, 171919.133, 103
Trd, 171920.350, 104
Trd, 171921.100, 108
Trd, 171921.550, 109
Trd, 171921.717, 119
Trd, 171922.833, 110
Trd, 171923.167, 95
Trd, 171923.350, 94
Trd, 171923.550, 116
Trd, 171924.967, 93
Trd, 171927.433, 101
Trd, 171928.217, 110
Trd, 171928.867, 106
Trd, 171930.167, 98
Trd, 171930.783, 96
Trd, 171931.033, 110
Trd, 171932.567, 115
Trd, 171933.017, 110
Trd, 171933.433, 108
Trd, 171933.533, 107
Trd, 171933.850, 112
Trd, 171935.350, 108
Trd, 171935.500, 109
Trd, 171936.450, 101
Trd, 171936.800, 113
Trd, 171936.967, 98
Trd, 171938.400, 90
Trd, 171939.067, 91
Trd, 171939.317, 99
Trd, 171939.533, 111
Trd, 171939.783, 109
Trd, 171940.533, 107
Trd, 171943.400, 91
Trd, 171944.800, 114
Trd, 171945.317, 107
Trd, 171945.933, 84
Trd, 171946.483, 117
Trd, 171946.717, 100
Trd, 171947.667, 117
Trd, 171948.367, 83
Trd, 171950.117, 104
Trd, 171950.183, 89
Trd, 171950.967, 91
Trd, 171951.817, 106
Trd, 171952.917, 107
Trd, 171953.533, 89
Trd, 171953.567, 109
Trd, 171955.817, 102
Trd, 171956.733, 101
Trd, 171957.550, 105
Trd, 171958.033, 97
Trd, 171958.283, 117
Trd, 171959.150, 110
Trd, 171960.450, 117
Trd, 171960.683, 87
Trd, 171961.167, 115
Trd, 171963.333, 112
Trd, 171963.817, 111
Trd, 171963.967, 110
Trd, 171964.517, 108
Trd, 171964.617, 109
Trd, 171965.250, 107
Trd, 171966.367, 111
Trd, 171966.517, 119
Trd, 171966.717, 98
Trd, 171966.933, 102
Trd, 171967.400, 91
Trd, 171967.517, 109
Trd, 171968.533, 95
Trd, 171968.667, 87
Trd, 171968.700, 118
Trd, 171968.783, 84
Trd, 171969.183, 119
Trd, 171974.917, 100
Trd, 171975.033, 101
Trd, 171975.767, 95
Trd, 171975.850, 95
Trd, 171975.950, 109
Trd, 171975.983, 101
Trd, 171976.450, 104
Trd, 171977.417, 100
Trd, 171978.767, 98
Trd, 171980.667, 89
Trd, 171980.700, 101
Trd, 171981.767, 109
Trd, 171981.967, 102
Trd, 171983.583, 91
Trd, 171983.750, 116
Trd, 171984.550, 115
Trd, 171985.200, 109
Trd, 171987.017, 103
Trd, 171987.800, 114
Trd, 171989.483, 115
Trd, 171989.633, 109
Trd, 171989.700, 100
Trd, 171990.650, 101
Trd, 171990.783, 115
Trd, 171992.000, 98
Trd, 171992.800, 95
Trd, 171993.850, 104
Trd, 171994.367, 106
Trd, 171996.150, 92
Trd, 171996.183, 104
Trd, 171996.567, 102
Trd, 171996.617, 91
Trd, 171996.933, 109
Trd, 171998.067, 108
Trd, 171999.400, 89
Trd, 172000.617, 102
Trd, 172004.017, 111
Trd, 172004.817, 108
Trd, 172004.917, 102
Trd, 172005.050, 109
Trd, 172005.100, 110
Trd, 172005.267, 101
Trd, 172005.500, 114
Trd, 172006.417, 101
Trd, 172008.317, 100
Trd, 172009.567, 98
Trd, 172009.683, 99
Trd, 172009.867, 99
Trd, 172012.150, 95
Trd, 172012.650, 102
Trd, 172013.417, 95
Trd, 172015.283, 82
Trd, 172015.617, 80
Trd, 172015.900, 92
Trd, 172016.483, 94
Trd, 172016.517, 101
Trd, 172016.633, 90
Trd, 172016.700, 105
Trd, 172018.917, 105
Trd, 172019.033, 106
Trd, 172020.250, 109
Trd, 172020.450, 109
Trd, 172020.700, 110
Trd, 172021.300, 98
Trd, 172023.300, 106
Trd, 172024.617, 102
Trd, 172025.550, 85
Trd, 172025.933, 95
Trd, 172027.933, 108
Trd, 172028.700, 109
Trd, 172029.750, 103
Trd, 172031.700, 105
Trd, 172031.750, 107
Trd, 172031.983, 91
Trd, 172032.700, 95
Trd, 172032.900, 83
Trd, 172032.950, 108
Trd, 172035.967, 93
Trd, 172036.033, 94
Trd, 172036.050, 95
Trd, 172036.383, 109
Trd, 172037.033, 94
Trd, 172037.467, 94
Trd, 172037.617, 84
Trd, 172037.767, 108
Trd, 172040.117, 99
Trd, 172040.233, 109
Trd, 172041.767, 97
Trd, 172041.817, 107
Trd, 172042.317, 109
Trd, 172042.817, 98
Trd, 172043.550, 79
Trd, 172043.733, 120
Trd, 172047.650, 117
Trd, 172047.917, 123
Trd, 172047.950, 110
Trd, 172049.333, 108
Trd, 172049.967, 93
Trd, 172050.100, 89
Trd, 172050.500, 101
Trd, 172051.183, 84
Trd, 172051.467, 99
Trd, 172052.250, 109
Trd, 172052.850, 108
Trd, 172054.067, 110
Trd, 172054.617, 99
Trd, 172056.917, 98
Trd, 172057.100, 98
Trd, 172057.350, 99
Trd, 172058.017, 84
Trd, 172059.100, 90
Trd, 172059.500, 91
Trd, 172059.750, 107
Trd, 172061.817, 108
Trd, 172061.933, 110
Trd, 172062.383, 108
Trd, 172063.633, 93
Trd, 172064.100, 85
Trd, 172064.133, 106
Trd, 172064.283, 83
Trd, 172064.450, 97
Trd, 172065.733, 104
Trd, 172067.317, 109
Trd, 172068.383, 107
Trd, 172068.500, 119
Trd, 172069.717, 120
Trd, 172070.333, 116
Trd, 172070.650, 112
Trd, 172071.750, 112
Trd, 172071.867, 112
Trd, 172072.483, 115
Trd, 172073.400, 116
Trd, 172073.967, 98
Trd, 172075.117, 92
Trd, 172075.150, 79
Trd, 172075.283, 116
Trd, 172076.833, 89
Trd, 172079.150, 84
Trd, 172080.567, 105
Trd, 172081.383, 84
Trd, 172081.417, 100
Trd, 172081.600, 85
Trd, 172082.367, 106
Trd, 172083.100, 102
Trd, 172083.367, 106
Trd, 172084.317, 97
Trd, 172084.750, 98
Trd, 172084.800, 100
Trd, 172085.567, 102
Trd, 172086.700, 95
Trd, 172087.950, 96
Trd, 172088.650, 108
Trd, 172089.650, 102
Trd, 172091.500, 109
Trd, 172092.150, 94
Trd, 172092.233, 90
Trd, 172092.533, 106
Trd, 172094.167, 103
Trd, 172094.617, 104
Trd, 172094.817, 115
Trd, 172095.017, 101
Trd, 172095.850, 94
Trd, 172097.633, 91
Trd, 172098.267, 94
Trd, 172099.067, 102
Trd, 172100.000, 101
Trd, 172100.517, 106
Trd, 172100.917, 94
Trd, 172101.167, 103
Trd, 172101.883, 81
Trd, 172103.800, 108
Trd, 172104.417, 109
Trd, 172105.433, 112
Trd, 172105.617, 120
Trd, 172106.000, 110
Trd, 172106.233, 90
Trd, 172106.900, 99
Trd, 172109.250, 92
Trd, 172110.800, 107
Trd, 172111.667, 110
Trd, 172112.150, 98
Trd, 172112.300, 83
Trd, 172112.933, 108
Trd, 172114.617, 87
Trd, 172115.383, 98
Trd, 172115.683, 102
Trd, 172115.817, 106
Trd, 172115.950, 107
Trd, 172116.317, 109
Trd, 172118.750, 102
Trd, 172119.367, 108
Trd, 172119.700, 109
Trd, 172120.083, 117
Trd, 172120.450, 108
Trd, 172120.800, 103
Trd, 172122.217, 97
Trd, 172122.350, 90
Trd, 172122.700, 100
Trd, 172124.367, 98
Trd, 172125.250, 101
Trd, 172126.717, 95
Trd, 172127.233, 95
Trd, 172129.500, 101
Trd, 172129.850, 106
Trd, 172130.250, 94
Trd, 172130.917, 99
Trd, 172132.000, 93
Trd, 172132.617, 94
Trd, 172133.300, 87
Trd, 172133.333, 104
Trd, 172134.333, 98
Trd, 172134.817, 96
Trd, 172137.650, 100
Trd, 172137.917, 98
Trd, 172139.050, 85
Trd, 172139.933, 106
Trd, 172140.167, 85
Trd, 172141.317, 102
Trd, 172142.433, 99
Trd, 172143.017, 96
Trd, 172143.150, 97
Trd, 172143.250, 107
Trd, 172143.983, 103
Trd, 172144.333, 100
Trd, 172144.450, 105
Trd, 172146.333, 105
Trd, 172146.617, 108
Trd, 172147.217, 109
Trd, 172147.283, 103
Trd, 172147.917, 99
Trd, 172149.733, 108
Trd, 172150.100, 104
Trd, 172150.467, 98
Trd, 172150.517, 89
Trd, 172152.333, 91
Trd, 172153.050, 106
Trd, 172153.483, 105
Trd, 172155.467, 100
Trd, 172155.483, 100
Trd, 172155.767, 101
Trd, 172156.183, 89
Trd, 172156.233, 107
Trd, 172157.383, 105
Trd, 172157.883, 86
Trd, 172159.050, 107
Trd, 172161.050, 109
Trd, 172163.250, 98
Trd, 172163.900, 102
Trd, 172164.283, 107
Trd, 172164.650, 109
Trd, 172164.750, 99
Trd, 172165.517, 98
Trd, 172166.117, 104
Trd, 172166.850, 114
Trd, 172167.650, 104
Trd, 172168.250, 105
Trd, 172168.517, 114
Trd, 172169.933, 88
Trd, 172170.233, 115
Trd, 172171.417, 91
Trd, 172172.600, 91
Trd, 172173.233, 95
Trd, 172174.383, 106
Trd, 172174.917, 109
Trd, 172175.517, 100
Trd, 172176.133, 94
Trd, 172177.000, 115
Trd, 172177.017, 102
Trd, 172177.067, 92
Trd, 172177.267, 107
Trd, 172178.633, 117
Trd, 172182.117, 105
Trd, 172182.433, 106
Trd, 172183.183, 108
Trd, 172183.283, 103
Trd, 172183.567, 100
Trd, 172183.817, 98
Trd, 172184.317, 103
Trd, 172185.667, 103
Trd, 172185.717, 102
Trd, 172186.033, 108
Trd, 172188.800, 106
Trd, 172189.750, 86
Trd, 172190.700, 88
Trd, 172190.733, 92
Trd, 172191.550, 90
Trd, 172191.783, 106
Trd, 172191.967, 81
Trd, 172192.883, 115
Trd, 172192.917, 108
Trd, 172194.050, 98
Trd, 172194.933, 95
Trd, 172195.583, 102
Trd, 172196.000, 92
Trd, 172196.317, 106
Trd, 172198.383, 109
Trd, 172198.733, 111
Trd, 172199.500, 111
Trd, 172199.650, 87
Trd, 172200.950, 113
Trd, 172201.367, 112
Trd, 172201.717, 109
Trd, 172202.117, 111
Trd, 172202.350, 109
Trd, 172203.283, 94
Trd, 172204.450, 94
Trd, 172205.067, 102
Trd, 172205.517, 101
Trd, 172205.900, 102
Trd, 172206.367, 106
Trd, 172208.200, 90
Trd, 172208.433, 98
Trd, 172211.933, 108
Trd, 172212.017, 109
Trd, 172212.467, 109
Trd, 172212.483, 95
Trd, 172213.550, 95
Trd, 172213.767, 111
Trd, 172213.950, 98
Trd, 172215.233, 107
Trd, 172215.383, 71
Trd, 172215.583, 112
Trd, 172215.667, 113
Trd, 172216.250, 105
Trd, 172216.917, 98
Trd, 172219.683, 84
Trd, 172219.850, 101
Trd, 172220.833, 105
Trd, 172221.400, 111
Trd, 172222.017, 109
Trd, 172224.467, 92
Trd, 172224.933, 92
Trd, 172225.267, 93
Trd, 172226.267, 106
Trd, 172227.333, 106
Trd, 172227.883, 108
Trd, 172228.133, 109
Trd, 172228.633, 98
Trd, 172228.717, 110
Trd, 172229.167, 92
Trd, 172229.367, 81
Trd, 172230.733, 115
Trd, 172230.783, 109
Trd, 172231.483, 92
Trd, 172234.233, 105
Trd, 172234.300, 106
Trd, 172234.400, 109
Trd, 172235.283, 94
Trd, 172235.800, 96
Trd, 172235.950, 90
Trd, 172235.983, 91
Trd, 172236.800, 97
Trd, 172238.883, 92
Trd, 172240.967, 103
Trd, 172242.283, 107
Trd, 172242.817, 107
Trd, 172243.183, 98
Trd, 172243.983, 98
Trd, 172244.400, 109
Trd, 172247.033, 93
Trd, 172247.367, 87
Trd, 172248.283, 103
Trd, 172248.617, 96
Trd, 172249.350, 94
Trd, 172249.717, 84
Trd, 172252.117, 103
Trd, 172252.317, 104
Trd, 172252.567, 104
Trd, 172253.250, 94
Trd, 172253.433, 98
Trd, 172253.500, 106
Trd, 172255.033, 105
Trd, 172255.500, 98
Trd, 172256.183, 108
Trd, 172257.300, 106
Trd, 172257.500, 99
Trd, 172257.933, 98
Trd, 172259.400, 104
Trd, 172259.583, 92
Trd, 172259.617, 92
Trd, 172259.917, 106
Trd, 172261.150, 88
Trd, 172261.750, 87
Trd, 172263.100, 105
Trd, 172263.533, 101
Trd, 172263.650, 90
Trd, 172264.567, 100
Trd, 172264.900, 107
Trd, 172265.067, 109
Trd, 172266.333, 97
Trd, 172266.417, 99
Trd, 172266.600, 91
Trd, 172267.150, 85
Trd, 172268.417, 116
Trd, 172269.033, 105
Trd, 172269.117, 97
Trd, 172269.700, 112
Trd, 172270.067, 101
Trd, 172270.550, 109
Trd, 172271.033, 104
Trd, 172272.833, 113
Trd, 172273.267, 83
Trd, 172274.983, 87
Trd, 172275.033, 107
Trd, 172275.167, 89
Trd, 172277.967, 102
Trd, 172278.350, 110
Trd, 172278.483, 96
Trd, 172278.767, 95
Trd, 172279.817, 117
Trd, 172281.950, 92
Trd, 172282.333, 93
Trd, 172283.267, 85
Trd, 172283.767, 119
Trd, 172284.067, 122
Trd, 172284.150, 115
Trd, 172284.200, 104
Trd, 172286.100, 102
Trd, 172286.183, 104
Trd, 172286.700, 112
Trd, 172287.300, 100
Trd, 172287.633, 87
Trd, 172287.833, 83
Trd, 172288.900, 95
Trd, 172290.250, 107
Trd, 172291.250, 109
Trd, 172291.833, 98
Trd, 172292.817, 97
Trd, 172292.933, 110
Trd, 172295.183, 100
Trd, 172295.917, 106
Trd, 172297.200, 96
Trd, 172299.583, 104
Trd, 172300.067, 110
Trd, 172301.433, 92
Trd, 172301.450, 90
Trd, 172302.183, 84
Trd, 172302.600, 93
Trd, 172303.267, 104
Trd, 172304.367, 99
Trd, 172304.433, 88
Trd, 172304.733, 98
Trd, 172305.767, 104
Trd, 172305.900, 102
Trd, 172307.217, 101
Trd, 172308.000, 101
Trd, 172308.550, 102
Trd, 172309.500, 105
Trd, 172309.533, 106
Trd, 172312.050, 101
Trd, 172312.133, 98
Trd, 172312.183, 84
Trd, 172312.467, 86
Trd, 172312.683, 105
Trd, 172313.900, 102
Trd, 172315.283, 86
Trd, 172315.683, 85
Trd, 172315.750, 101
Trd, 172316.517, 106
Trd, 172316.800, 103
Trd, 172317.750, 109
Trd, 172318.967, 96
Trd, 172319.050, 90
Trd, 172320.317, 114
Trd, 172322.217, 106
Trd, 172322.500, 108
Trd, 172322.650, 100
Trd, 172324.583, 104
Trd, 172324.833, 109
Trd, 172325.017, 109
Trd, 172325.917, 98
Trd, 172326.450, 84
Trd, 172328.117, 98
Trd, 172328.217, 98
Trd, 172328.267, 107
Trd, 172329.967, 90
Trd, 172330.017, 100
Trd, 172330.117, 106
Trd, 172332.850, 101
Trd, 172332.900, 109
Trd, 172333.033, 117
Trd, 172333.183, 112
Trd, 172333.483, 106
Trd, 172333.883, 103
Trd, 172333.983, 121
Trd, 172336.733, 109
Trd, 172337.050, 98
Trd, 172337.800, 110
Trd, 172339.683, 108
Trd, 172340.033, 109
Trd, 172340.967, 98
Trd, 172341.883, 96
Trd, 172342.417, 101
Trd, 172342.633, 106
Trd, 172342.667, 87
Trd, 172342.850, 84
Trd, 172343.400, 104
Trd, 172345.800, 95
Trd, 172346.900, 110
Trd, 172346.933, 118
Trd, 172347.167, 99
Trd, 172347.183, 86
Trd, 172347.650, 84
Trd, 172348.683, 112
Trd, 172348.983, 109
Trd, 172349.483, 102
Trd, 172349.817, 109
Trd, 172351.850, 96
Trd, 172353.650, 93
Trd, 172355.650, 109
Trd, 172356.783, 96
Trd, 172356.817, 99
Trd, 172356.833, 94
Trd, 172357.900, 105
Trd, 172358.500, 103
Trd, 172359.017, 109
Trd, 172359.483, 104
Trd, 172359.500, 108
Trd, 172360.583, 107
Trd, 172361.500, 103
Trd, 172362.717, 109
Trd, 172362.967, 116
Trd, 172363.117, 98
Trd, 172365.567, 89
Trd, 172366.600, 88
Trd, 172367.000, 93
Trd, 172367.683, 84
Trd, 172368.633, 98
Trd, 172369.567, 92
Trd, 172369.600, 108
Trd, 172369.833, 105
Trd, 172369.950, 100
Trd, 172371.150, 99
Trd, 172372.000, 95
Trd, 172372.400, 109
Trd, 172372.817, 93
Trd, 172373.083, 115
Trd, 172373.250, 118
Trd, 172374.350, 100
Trd, 172376.500, 97
Trd, 172378.583, 93
Trd, 172378.750, 86
Trd, 172378.783, 82
Trd, 172379.533, 98
Trd, 172380.133, 97
Trd, 172380.317, 91
Trd, 172381.717, 106
Trd, 172381.733, 106
Trd, 172382.817, 96
Trd, 172383.967, 97
Trd, 172384.117, 108
Trd, 172384.600, 106
Trd, 172385.250, 109
Trd, 172386.383, 98
Trd, 172386.550, 96
Trd, 172387.850, 101
Trd, 172387.917, 102
Trd, 172388.067, 95
Trd, 172388.917, 106
Trd, 172390.133, 115
Trd, 172391.050, 109
Trd, 172391.767, 113
Trd, 172391.967, 111
Trd, 172393.517, 105
Trd, 172393.617, 88
Trd, 172393.817, 106
Trd, 172395.400, 97
Trd, 172399.017, 104
Trd, 172400.617, 99
Trd, 172400.700, 98
Trd, 172401.100, 85
Trd, 172401.333, 109
Trd, 172403.233, 96
Trd, 172403.383, 104
Trd, 172403.650, 106
Trd, 172404.150, 100
Trd, 172404.567, 99
Trd, 172405.117, 93
Trd, 172406.033, 96
Trd, 172406.167, 100
Trd, 172406.300, 92
Trd, 172407.800, 106
Trd, 172409.233, 115
Trd, 172409.450, 116
Trd, 172409.800, 109
Trd, 172410.683, 119
Trd, 172411.167, 94
Trd, 172411.750, 92
Trd, 172412.133, 88
Trd, 172412.417, 87
Trd, 172412.900, 108
Trd, 172413.700, 117
Trd, 172414.850, 91
Trd, 172415.683, 99
Trd, 172416.167, 117
Trd, 172419.433, 110
Trd, 172419.617, 109
Trd, 172419.983, 118
Trd, 172420.683, 109
Trd, 172421.917, 98
Trd, 172422.483, 111
Trd, 172423.017, 112
Trd, 172423.750, 106
Trd, 172425.883, 105
Trd, 172426.317, 103
Trd, 172427.400, 105
Trd, 172427.417, 106
Trd, 172427.850, 87
Trd, 172428.800, 87
Trd, 172429.683, 84
Trd, 172430.150, 80
Trd, 172431.383, 95
Trd, 172433.233, 99
Trd, 172433.933, 104
Trd, 172435.417, 100
Trd, 172435.800, 92
Trd, 172436.617, 116
Trd, 172436.933, 117
Trd, 172437.100, 118
Trd, 172437.183, 120
Trd, 172438.033, 111
Trd, 172439.883, 115
Trd, 172440.517, 109
Trd, 172440.767, 98
Trd, 172442.500, 106
Trd, 172443.683, 97
Trd, 172445.100, 99
Trd, 172445.150, 103
Trd, 172446.317, 104
Trd, 172446.383, 106
Trd, 172446.433, 90
Trd, 172447.167, 84
Trd, 172447.250, 91
Trd, 172447.400, 109
Trd, 172449.633, 88
Trd, 172450.067, 94
Trd, 172451.067, 106
Trd, 172452.450, 106
Trd, 172453.017, 97
Trd, 172453.150, 98
Trd, 172453.367, 95
Trd, 172454.933, 96
Trd, 172455.300, 101
Trd, 172456.833, 103
Trd, 172458.833, 92
Trd, 172458.883, 93
Trd, 172458.900, 94
Trd, 172460.050, 99
Trd, 172460.267, 108
Trd, 172460.567, 109
Trd, 172461.733, 90
Trd, 172461.867, 116
Trd, 172462.800, 91
Trd, 172465.067, 94
Trd, 172465.750, 84
Trd, 172465.883, 95
Trd, 172466.833, 109
Trd, 172467.783, 100
Trd, 172469.067, 92
Trd, 172469.583, 98
Trd, 172469.633, 99
Trd, 172470.067, 106
Trd, 172470.667, 99
Trd, 172470.900, 107
Trd, 172471.850, 111
Trd, 172472.500, 108
Trd, 172474.983, 92
Trd, 172477.617, 101
Trd, 172479.167, 99
Trd, 172479.267, 106
Trd, 172479.817, 101
Trd, 172481.217, 94
Trd, 172481.317, 104
Trd, 172482.383, 100
Trd, 172482.483, 106
Trd, 172482.933, 108
Trd, 172484.283, 108
Trd, 172484.367, 109
Trd, 172484.583, 119
Trd, 172485.700, 104
Trd, 172486.567, 98
Trd, 172486.917, 88
Trd, 172487.317, 103
Trd, 172487.700, 104
Trd, 172490.200, 93
Trd, 172490.267, 99
Trd, 172491.267, 108
Trd, 172491.650, 109
Trd, 172491.950, 91
Trd, 172492.717, 108
Trd, 172494.450, 103
Trd, 172495.217, 105
Trd, 172495.333, 92
Trd, 172496.183, 92
Trd, 172496.317, 116
Trd, 172496.500, 101
Trd, 172497.250, 89
Trd, 172498.200, 104
Trd, 172498.633, 110
Trd, 172498.900, 91
Trd, 172499.167, 114
Trd, 172501.117, 79
Trd, 172501.567, 98
Trd, 172502.833, 90
Trd, 172503.550, 95
Trd, 172503.667, 104
Trd, 172504.183, 105
Trd, 172506.300, 101
Trd, 172506.383, 98
Trd, 172506.617, 106
Trd, 172507.567, 98
Trd, 172508.317, 101
Trd, 172509.200, 104
Trd, 172509.900, 92
Trd, 172509.967, 90
Trd, 172510.433, 105
Trd, 172513.433, 110
Trd, 172514.750, 93
Trd, 172515.383, 90
Trd, 172515.583, 94
Trd, 172516.550, 104
Trd, 172516.650, 106
Trd, 172517.750, 109
Trd, 172519.483, 102
Trd, 172520.450, 102
Trd, 172520.817, 99
Trd, 172522.150, 85
Trd, 172522.983, 87
Trd, 172523.517, 84
Trd, 172523.617, 106
Trd, 172525.450, 106
Trd, 172525.467, 109
Trd, 172527.033, 96
Trd, 172527.267, 114
Trd, 172527.583, 98
Trd, 172528.017, 96
Trd, 172529.167, 96
Trd, 172529.183, 87
Trd, 172530.950, 79
Trd, 172531.767, 112
Trd, 172532.417, 104
Trd, 172532.917, 113
Trd, 172533.883, 114
Trd, 172534.117, 92
Trd, 172535.250, 96
Trd, 172536.150, 111
Trd, 172537.800, 110
Trd, 172538.383, 109
Trd, 172540.183, 113
Trd, 172542.167, 103
Trd, 172542.750, 117
Trd, 172543.383, 114
Trd, 172544.383, 107
Trd, 172545.350, 95
Trd, 172545.767, 96
Trd, 172546.083, 85
Trd, 172549.183, 98
Trd, 172549.367, 86
Trd, 172550.667, 106
Trd, 172550.867, 109
Trd, 172551.400, 109
Trd, 172551.567, 109
Trd, 172551.933, 96
Trd, 172552.850, 96
Trd, 172554.050, 84
Trd, 172554.533, 95
Trd, 172556.000, 98
Trd, 172556.917, 90
Trd, 172557.600, 92
Trd, 172557.667, 93
Trd, 172558.100, 107
Trd, 172558.650, 98
Trd, 172560.967, 113
Trd, 172562.533, 111
Trd, 172562.617, 114
Trd, 172564.417, 110
Trd, 172564.600, 112
Trd, 172565.100, 113
Trd, 172566.450, 117
Trd, 172566.983, 110
Trd, 172567.417, 105
Trd, 172568.233, 98
Trd, 172568.250, 102
Trd, 172568.750, 106
Trd, 172569.150, 107
Trd, 172569.550, 85
Trd, 172571.717, 103
Trd, 172573.000, 84
Trd, 172573.033, 106
Trd, 172575.050, 98
Trd, 172575.850, 104
Trd, 172575.900, 106
Trd, 172576.083, 109
Trd, 172576.217, 93
Trd, 172576.633, 111
Trd, 172576.850, 84
Trd, 172577.650, 98
Trd, 172579.783, 115
Trd, 172579.900, 116
Trd, 172581.717, 96
Trd, 172583.367, 100
Trd, 172583.867, 101
Trd, 172584.333, 113
Trd, 172585.200, 107
Trd, 172586.467, 99
Trd, 172587.083, 98
Trd, 172587.233, 109
Trd, 172587.417, 85
Trd, 172588.550, 113
Trd, 172589.017, 108
Trd, 172591.067, 116
Trd, 172591.183, 105
Trd, 172592.083, 117
Trd, 172593.800, 115
Trd, 172594.117, 112
Trd, 172594.933, 105
Trd, 172595.050, 112
Trd, 172596.433, 102
Trd, 172596.633, 98
Trd, 172597.217, 86
Trd, 172597.350, 108
Trd, 172597.767, 109
Trd, 172598.733, 95
Trd, 172598.900, 99
Trd, 172600.750, 103
Trd, 172601.533, 109
Trd, 172602.333, 84
Trd, 172602.483, 95
Trd, 172603.250, 94
Trd, 172603.283, 109
Trd, 172603.350, 89
Trd, 172603.900, 119
Trd, 172604.367, 109
Trd, 172606.250, 107
Trd, 172606.300, 105
Trd, 172606.350, 113
Trd, 172606.533, 98
Trd, 172607.967, 111
Trd, 172611.450, 91
Trd, 172612.783, 96
Trd, 172612.800, 84
Trd, 172615.300, 89
Trd, 172615.583, 109
Trd, 172615.650, 110
Trd, 172616.517, 111
Trd, 172616.617, 88
Trd, 172617.967, 86
Trd, 172619.150, 112
Trd, 172619.450, 99
Trd, 172619.867, 112
Trd, 172620.350, 108
Trd, 172620.817, 90
Trd, 172621.967, 95
Trd, 172622.250, 101
Trd, 172623.450, 98
Trd, 172624.617, 107
Trd, 172625.317, 108
Trd, 172625.483, 109
Trd, 172627.400, 117
Trd, 172629.067, 106
Trd, 172629.167, 109
Trd, 172629.633, 116
Trd, 172629.650, 112
Trd, 172629.950, 110
Trd, 172631.217, 115
Trd, 172632.733, 84
Trd, 172633.383, 82
Trd, 172633.583, 93
Trd, 172634.200, 96
Trd, 172635.350, 107
Trd, 172636.150, 98
Trd, 172636.683, 90
Trd, 172637.083, 107
Trd, 172637.667, 84
Trd, 172637.783, 110
Trd, 172638.283, 100
Trd, 172638.900, 102
Trd, 172640.133, 95
Trd, 172641.250, 87
Trd, 172641.400, 106
Trd, 172642.100, 112
Trd, 172642.883, 107
Trd, 172645.617, 110
Trd, 172648.267, 105
Trd, 172648.500, 104
Trd, 172649.383, 98
Trd, 172649.450, 100
Trd, 172650.533, 99
Trd, 172651.183, 110
Trd, 172651.250, 94
Trd, 172651.783, 86
Trd, 172652.317, 105
Trd, 172652.750, 105
Trd, 172653.667, 109
Trd, 172655.767, 111
Trd, 172656.217, 111
Trd, 172656.567, 107
Trd, 172657.000, 112
Trd, 172657.683, 98
Trd, 172658.350, 99
Trd, 172659.067, 104
Trd, 172660.617, 102
Trd, 172661.800, 95
Trd, 172662.167, 101
Trd, 172662.767, 87
Trd, 172662.833, 100
Trd, 172663.317, 105
Trd, 172663.717, 86
Trd, 172664.950, 106
Trd, 172666.250, 103
Trd, 172666.867, 105
Trd, 172667.067, 107
Trd, 172667.133, 109
Trd, 172668.667, 108
Trd, 172669.567, 98
Trd, 172671.383, 105
Trd, 172671.800, 105
Trd, 172672.267, 89
Trd, 172674.417, 84
Trd, 172674.550, 101
Trd, 172675.200, 97
Trd, 172675.217, 106
Trd, 172677.383, 105
Trd, 172677.667, 107
Trd, 172677.917, 102
Trd, 172678.350, 98
Trd, 172678.900, 84
Trd, 172679.150, 109
Trd, 172679.833, 108
Trd, 172680.133, 101
Trd, 172682.050, 93
Trd, 172683.283, 91
Trd, 172684.367, 108
Trd, 172684.633, 84
Trd, 172685.017, 96
Trd, 172685.283, 108
Trd, 172685.817, 108
Trd, 172686.617, 89
Trd, 172688.300, 87
Trd, 172688.867, 109
Trd, 172689.217, 112
Trd, 172689.583, 101
Trd, 172690.083, 89
Trd, 172693.567, 88
Trd, 172694.050, 95
Trd, 172694.800, 98
Trd, 172695.267, 105
Trd, 172695.467, 100
Trd, 172695.733, 106
Trd, 172695.950, 107
Trd, 172696.617, 96
Trd, 172697.633, 106
Trd, 172698.200, 100
Trd, 172699.450, 96
Trd, 172699.700, 94
Trd, 172699.783, 103
Trd, 172702.400, 96
Trd, 172703.500, 102
Trd, 172705.167, 99
Trd, 172706.233, 83
Trd, 172706.833, 106
Trd, 172707.683, 98
Trd, 172708.600, 109
Trd, 172710.950, 114
Trd, 172711.250, 113
Trd, 172711.633, 118
Trd, 172711.850, 120
Trd, 172712.117, 114
Trd, 172714.333, 117
Trd, 172714.350, 110
Trd, 172716.033, 108
Trd, 172716.650, 109
Trd, 172717.350, 98
Trd, 172717.550, 93
Trd, 172718.083, 106
Trd, 172718.700, 108
Trd, 172718.883, 109
Trd, 172721.133, 98
Trd, 172721.400, 94
Trd, 172721.650, 91
Trd, 172722.817, 92
Trd, 172723.283, 99
Trd, 172723.300, 109
Trd, 172724.250, 113
Trd, 172724.333, 100
Trd, 172725.500, 98
Trd, 172725.717, 89
Trd, 172725.850, 84
Trd, 172726.483, 118
Trd, 172726.867, 113
Trd, 172727.333, 111
Trd, 172727.500, 108
Trd, 172727.533, 101
Trd, 172729.200, 87
Trd, 172729.400, 109
Trd, 172730.183, 106
Trd, 172730.550, 108
Trd, 172731.400, 112
Trd, 172732.333, 111
Trd, 172733.900, 109
Trd, 172735.600, 116
Trd, 172736.000, 89
Trd, 172736.183, 106
Trd, 172738.383, 107
Trd, 172738.400, 109
Trd, 172739.033, 92
Trd, 172739.367, 99
Trd, 172742.183, 87
Trd, 172742.200, 92
Trd, 172742.633, 100
Trd, 172743.050, 86
Trd, 172743.967, 108
Trd, 172746.600, 106
Trd, 172746.917, 100
Trd, 172747.350, 98
Trd, 172748.917, 101
Trd, 172749.467, 99
Trd, 172749.750, 109
Trd, 172751.850, 114
Trd, 172752.400, 98
Trd, 172752.750, 98
Trd, 172753.200, 113
Trd, 172753.283, 101
Trd, 172755.867, 86
Trd, 172758.067, 87
Trd, 172758.183, 84
Trd, 172758.783, 99
Trd, 172759.833, 100
Trd, 172759.933, 87
Trd, 172759.950, 109
Trd, 172760.750, 91
Trd, 172761.683, 92
Trd, 172763.183, 93
Trd, 172764.017, 113
Trd, 172765.050, 116
Trd, 172765.983, 104
Trd, 172766.517, 105
Trd, 172766.633, 106
Trd, 172767.633, 84
Trd, 172768.967, 103
Trd, 172770.750, 98
Trd, 172771.133, 96
Trd, 172771.417, 93
Trd, 172772.350, 87
Trd, 172772.783, 106
Trd, 172773.767, 106
Trd, 172774.333, 97
Trd, 172775.200, 85
Trd, 172775.383, 102
Trd, 172776.350, 104
Trd, 172777.183, 96
Trd, 172778.817, 106
Trd, 172779.883, 109
Trd, 172780.117, 113
Trd, 172780.283, 104
Trd, 172781.867, 91
Trd, 172782.300, 87
Trd, 172783.650, 106
Trd, 172784.317, 100
Trd, 172786.083, 106
Trd, 172787.267, 104
Trd, 172787.683, 108
Trd, 172788.417, 108
Trd, 172788.833, 99
Trd, 172789.217, 98
Trd, 172789.300, 109
Trd, 172791.433, 91
Trd, 172791.917, 87
Trd, 172792.350, 94
Trd, 172794.267, 97
Trd, 172794.767, 98
Trd, 172795.067, 100
Trd, 172796.817, 106
Trd, 172797.517, 101
Trd, 172798.550, 107
Trd, 172798.883, 99
Trd, 172799.133, 98
Trd, 172799.367, 108
Trd, 172799.483, 84
