Trd, 258598.033, 135
Trd, 258598.250, 124
Trd, 258598.300, 137
Trd, 258598.350, 122
Trd, 258598.617, 86
Trd, 258598.900, 107
Trd, 258598.917, 73
Trd, 258599.133, 107
Trd, 258599.200, 73
Trd, 258599.317, 106
Trd, 258599.950, 73
Trd, 258600.333, 103
Trd, 258600.433, 77
Trd, 258600.483, 74
Trd, 258600.600, 99
Trd, 258600.783, 103
Trd, 258601.133, 106
Trd, 258601.367, 106
Trd, 258601.417, 80
Trd, 258601.550, 111
Trd, 258601.917, 115
Trd, 258602.233, 114
Trd, 258602.417, 87
Trd, 258602.783, 87
Trd, 258602.850, 87
Trd, 258603.000, 88
Trd, 258603.033, 86
Trd, 258603.433, 88
Trd, 258603.467, 90
Trd, 258603.567, 96
Trd, 258603.933, 120
Trd, 258604.333, 140
Trd, 258604.450, 140
Trd, 258604.467, 140
Trd, 258604.533, 137
Trd, 258604.700, 93
Trd, 258605.433, 139
Trd, 258605.817, 140
Trd, 258605.867, 140
Trd, 258606.767, 140
Trd, 258606.800, 140
Trd, 258607.467, 140
Trd, 258607.667, 140
Trd, 258607.933, 140
Trd, 258608.167, 140
Trd, 258608.267, 140
Trd, 258608.383, 140
Trd, 258608.733, 140
Trd, 258609.000, 140
Trd, 258609.367, 140
Trd, 258609.517, 140
Trd, 258609.533, 140
Trd, 258609.600, 140
Trd, 258609.717, 140
Trd, 258609.733, 140
Trd, 258609.883, 140
Trd, 258610.283, 139
Trd, 258610.383, 139
Trd, 258610.567, 140
Trd, 258611.700, 140
Trd, 258612.000, 140
Trd, 258612.200, 140
Trd, 258612.383, 140
Trd, 258612.533, 140
Trd, 258612.983, 140
Trd, 258613.067, 140
Trd, 258613.183, 140
Trd, 258613.400, 140
Trd, 258614.150, 140
Trd, 258614.500, 140
Trd, 258614.583, 139
Trd, 258614.717, 140
Trd, 258614.783, 139
Trd, 258614.917, 136
Trd, 258614.950, 112
Trd, 258615.067, 140
Trd, 258615.133, 98
Trd, 258615.200, 96
Trd, 258615.217, 88
Trd, 258615.683, 67
Trd, 258615.750, 68
Trd, 258616.000, 63
Trd, 258616.033, 67
Trd, 258616.067, 95
Trd, 258616.433, 92
Trd, 258616.717, 68
Trd, 258616.967, 92
Trd, 258617.317, 86
Trd, 258617.433, 90
Trd, 258617.583, 92
Trd, 258617.800, 140
Trd, 258618.017, 140
Trd, 258618.317, 140
Trd, 258618.367, 140
Trd, 258619.083, 140
Trd, 258619.183, 140
Trd, 258619.950, 140
Trd, 258620.017, 140
Trd, 258620.217, 140
Trd, 258620.417, 140
Trd, 258620.450, 140
Trd, 258620.500, 140
Trd, 258620.650, 140
Trd, 258620.700, 140
Trd, 258620.983, 140
Trd, 258621.333, 140
Trd, 258621.517, 140
Trd, 258621.600, 140
Trd, 258621.617, 140
Trd, 258621.650, 139
Trd, 258622.383, 140
Trd, 258622.483, 140
Trd, 258622.750, 140
Trd, 258622.900, 140
Trd, 258623.467, 140
Trd, 258623.483, 140
Trd, 258623.850, 140
Trd, 258624.100, 140
Trd, 258624.533, 140
Trd, 258624.550, 140
Trd, 258624.567, 140
Trd, 258624.633, 140
Trd, 258625.300, 140
Trd, 258625.417, 140
Trd, 258625.450, 140
Trd, 258626.050, 140
Trd, 258626.300, 140
Trd, 258626.733, 140
Trd, 258627.267, 140
Trd, 258627.350, 140
Trd, 258627.400, 140
Trd, 258627.800, 140
Trd, 258628.217, 140
Trd, 258628.250, 140
Trd, 258628.533, 140
Trd, 258628.583, 140
Trd, 258628.600, 140
Trd, 258628.617, 140
Trd, 258628.667, 140
Trd, 258628.717, 139
Trd, 258628.850, 140
Trd, 258629.283, 115
Trd, 258629.300, 139
Trd, 258629.417, 114
Trd, 258629.733, 137
Trd, 258629.833, 100
Trd, 258630.033, 84
Trd, 258630.183, 137
Trd, 258630.267, 139
Trd, 258630.483, 138
Trd, 258631.000, 138
Trd, 258631.067, 139
Trd, 258631.383, 104
Trd, 258631.450, 81
Trd, 258631.683, 83
Trd, 258631.983, 84
Trd, 258632.283, 140
Trd, 258632.750, 140
Trd, 258633.033, 140
Trd, 258633.400, 140
Trd, 258633.533, 140
Trd, 258633.600, 139
Trd, 258633.883, 140
Trd, 258633.900, 140
Trd, 258633.917, 140
Trd, 258634.217, 140
Trd, 258634.350, 140
Trd, 258634.583, 140
Trd, 258634.667, 140
Trd, 258634.700, 140
Trd, 258634.983, 140
Trd, 258635.017, 140
Trd, 258635.633, 140
Trd, 258635.750, 140
Trd, 258635.817, 140
Trd, 258635.917, 140
Trd, 258635.983, 140
Trd, 258636.100, 139
Trd, 258636.467, 121
Trd, 258636.917, 120
Trd, 258637.150, 134
Trd, 258637.317, 136
Trd, 258637.483, 137
Trd, 258637.600, 138
Trd, 258637.783, 138
Trd, 258637.933, 138
Trd, 258638.133, 138
Trd, 258638.167, 132
Trd, 258638.383, 140
Trd, 258638.467, 139
Trd, 258638.667, 138
Trd, 258639.183, 133
Trd, 258639.367, 104
Trd, 258639.783, 134
Trd, 258639.900, 133
Trd, 258640.433, 124
Trd, 258640.550, 125
Trd, 258640.667, 124
Trd, 258640.783, 124
Trd, 258640.850, 124
Trd, 258640.917, 123
Trd, 258641.033, 110
Trd, 258641.083, 126
Trd, 258641.300, 123
Trd, 258641.400, 126
Trd, 258641.433, 107
Trd, 258641.717, 138
Trd, 258642.000, 136
Trd, 258642.517, 140
Trd, 258643.500, 140
Trd, 258643.933, 140
Trd, 258644.333, 140
Trd, 258644.433, 140
Trd, 258644.550, 140
Trd, 258644.567, 140
Trd, 258644.717, 140
Trd, 258644.900, 140
Trd, 258645.067, 140
Trd, 258645.100, 140
Trd, 258645.300, 139
Trd, 258645.400, 138
Trd, 258645.500, 138
Trd, 258645.583, 137
Trd, 258645.767, 137
Trd, 258646.000, 124
Trd, 258646.067, 140
Trd, 258646.233, 115
Trd, 258646.800, 110
Trd, 258647.033, 129
Trd, 258647.233, 104
Trd, 258647.933, 127
Trd, 258647.967, 128
Trd, 258648.117, 129
Trd, 258648.150, 126
Trd, 258648.333, 130
Trd, 258648.467, 132
Trd, 258648.583, 135
Trd, 258648.733, 108
Trd, 258648.800, 107
Trd, 258649.250, 138
Trd, 258649.850, 139
Trd, 258650.050, 132
Trd, 258651.583, 140
Trd, 258651.600, 140
Trd, 258651.683, 140
Trd, 258651.883, 140
Trd, 258652.167, 140
Trd, 258652.300, 140
Trd, 258652.350, 140
Trd, 258652.817, 140
Trd, 258653.017, 140
Trd, 258653.083, 140
Trd, 258653.300, 140
Trd, 258653.333, 140
Trd, 258653.933, 140
Trd, 258654.200, 140
Trd, 258654.267, 140
Trd, 258654.367, 140
Trd, 258654.500, 140
Trd, 258654.567, 140
Trd, 258654.783, 140
Trd, 258654.950, 140
Trd, 258655.267, 140
Trd, 258655.350, 140
Trd, 258655.533, 140
Trd, 258655.817, 140
Trd, 258656.317, 140
Trd, 258656.817, 140
Trd, 258656.900, 140
Trd, 258657.067, 140
Trd, 258657.133, 140
Trd, 258657.283, 140
Trd, 258657.367, 140
Trd, 258657.833, 140
Trd, 258658.033, 140
Trd, 258658.133, 139
Trd, 258658.550, 140
Trd, 258658.983, 140
Trd, 258659.100, 140
Trd, 258660.067, 140
Trd, 258660.150, 140
Trd, 258660.417, 140
Trd, 258660.967, 140
Trd, 258661.083, 139
Trd, 258661.117, 139
Trd, 258661.233, 139
Trd, 258661.283, 139
Trd, 258661.333, 140
Trd, 258661.383, 139
Trd, 258661.417, 136
Trd, 258661.433, 111
Trd, 258661.483, 103
Trd, 258661.767, 138
Trd, 258661.800, 100
Trd, 258661.917, 99
Trd, 258662.017, 137
Trd, 258662.300, 95
Trd, 258662.450, 94
Trd, 258662.767, 124
Trd, 258662.783, 135
Trd, 258663.117, 77
Trd, 258663.283, 79
Trd, 258663.567, 81
Trd, 258663.600, 82
Trd, 258663.683, 134
Trd, 258663.767, 82
Trd, 258664.817, 140
Trd, 258664.950, 140
Trd, 258665.317, 140
Trd, 258665.467, 140
Trd, 258665.633, 140
Trd, 258666.017, 140
Trd, 258666.300, 140
Trd, 258666.317, 139
Trd, 258666.633, 140
Trd, 258666.717, 140
Trd, 258666.833, 140
Trd, 258667.033, 140
Trd, 258667.267, 140
Trd, 258667.350, 140
Trd, 258667.533, 139
Trd, 258667.567, 127
Trd, 258667.700, 137
Trd, 258667.933, 131
Trd, 258668.383, 127
Trd, 258668.500, 127
Trd, 258668.550, 128
Trd, 258668.633, 127
Trd, 258668.667, 126
Trd, 258668.867, 122
Trd, 258669.383, 127
Trd, 258669.767, 121
Trd, 258669.917, 111
Trd, 258669.983, 112
Trd, 258670.300, 121
Trd, 258670.600, 122
Trd, 258670.717, 123
Trd, 258670.783, 124
Trd, 258670.883, 125
Trd, 258670.950, 112
Trd, 258671.133, 139
Trd, 258671.833, 140
Trd, 258672.133, 140
Trd, 258672.250, 140
Trd, 258672.450, 140
Trd, 258672.700, 118
Trd, 258672.867, 113
Trd, 258673.200, 127
Trd, 258673.267, 114
Trd, 258673.483, 140
Trd, 258673.583, 114
Trd, 258674.050, 114
Trd, 258674.200, 114
Trd, 258674.667, 106
Trd, 258674.700, 140
Trd, 258674.783, 139
Trd, 258674.900, 105
Trd, 258675.200, 138
Trd, 258675.333, 140
Trd, 258675.517, 140
Trd, 258675.533, 139
Trd, 258675.817, 137
Trd, 258675.900, 140
Trd, 258675.933, 120
Trd, 258676.333, 129
Trd, 258676.600, 101
Trd, 258676.700, 139
Trd, 258676.783, 139
Trd, 258676.800, 138
Trd, 258677.267, 107
Trd, 258677.800, 136
Trd, 258677.967, 115
Trd, 258678.300, 117
Trd, 258678.350, 136
Trd, 258678.700, 119
Trd, 258678.900, 119
Trd, 258679.033, 139
Trd, 258679.283, 118
Trd, 258679.483, 117
Trd, 258679.617, 128
Trd, 258680.150, 140
Trd, 258680.417, 139
Trd, 258680.467, 138
Trd, 258680.750, 140
Trd, 258680.900, 105
Trd, 258680.933, 103
Trd, 258681.100, 96
Trd, 258681.733, 140
Trd, 258682.100, 140
Trd, 258682.200, 140
Trd, 258682.467, 140
Trd, 258682.500, 140
Trd, 258682.683, 140
Trd, 258682.783, 140
Trd, 258682.800, 140
Trd, 258682.850, 140
Trd, 258682.983, 140
Trd, 258683.200, 138
Trd, 258683.283, 114
Trd, 258683.933, 61
Trd, 258683.967, 62
Trd, 258684.117, 65
Trd, 258684.367, 62
Trd, 258684.733, 61
Trd, 258684.950, 63
Trd, 258685.150, 62
Trd, 258685.300, 62
Trd, 258685.450, 64
Trd, 258685.500, 62
Trd, 258685.767, 64
Trd, 258686.267, 64
Trd, 258686.333, 64
Trd, 258686.500, 60
Trd, 258686.550, 60
Trd, 258686.733, 64
Trd, 258686.933, 64
Trd, 258687.267, 65
Trd, 258687.417, 67
Trd, 258687.650, 66
Trd, 258687.750, 67
Trd, 258687.833, 66
Trd, 258687.917, 68
Trd, 258688.000, 69
Trd, 258688.067, 77
Trd, 258688.233, 68
Trd, 258688.400, 99
Trd, 258688.433, 69
Trd, 258688.817, 116
Trd, 258689.350, 69
Trd, 258689.667, 137
Trd, 258689.700, 135
Trd, 258689.717, 138
Trd, 258689.967, 70
Trd, 258690.767, 140
Trd, 258690.800, 140
Trd, 258690.900, 140
Trd, 258690.950, 140
Trd, 258691.067, 136
Trd, 258691.850, 140
Trd, 258691.933, 140
Trd, 258692.000, 140
Trd, 258692.533, 140
Trd, 258693.133, 140
Trd, 258693.483, 140
Trd, 258693.533, 140
Trd, 258693.550, 140
Trd, 258693.633, 140
Trd, 258693.717, 140
Trd, 258693.783, 140
Trd, 258693.933, 140
Trd, 258693.950, 139
Trd, 258694.150, 138
Trd, 258694.317, 138
Trd, 258694.550, 137
Trd, 258694.733, 139
Trd, 258695.000, 140
Trd, 258695.167, 140
Trd, 258695.600, 140
Trd, 258696.333, 140
Trd, 258696.400, 140
Trd, 258696.417, 140
Trd, 258696.450, 140
Trd, 258696.783, 140
Trd, 258697.317, 140
Trd, 258697.700, 140
Trd, 258697.733, 140
Trd, 258697.883, 140
Trd, 258697.917, 140
Trd, 258698.000, 140
Trd, 258698.583, 140
Trd, 258699.000, 140
Trd, 258699.100, 140
Trd, 258699.167, 140
Trd, 258699.433, 140
Trd, 258699.650, 140
Trd, 258699.750, 140
Trd, 258699.817, 140
Trd, 258699.933, 140
Trd, 258700.117, 139
Trd, 258700.183, 139
Trd, 258700.317, 137
Trd, 258700.350, 137
Trd, 258700.400, 136
Trd, 258701.067, 138
Trd, 258701.150, 138
Trd, 258701.167, 136
Trd, 258701.533, 133
Trd, 258701.667, 134
Trd, 258702.033, 139
Trd, 258702.083, 140
Trd, 258702.150, 139
Trd, 258702.967, 140
Trd, 258703.933, 140
Trd, 258703.950, 140
Trd, 258704.183, 140
Trd, 258704.367, 139
Trd, 258704.767, 140
Trd, 258704.783, 140
Trd, 258704.883, 139
Trd, 258704.933, 139
Trd, 258705.017, 140
Trd, 258705.317, 140
Trd, 258705.467, 139
Trd, 258705.517, 139
Trd, 258705.867, 134
Trd, 258705.950, 133
Trd, 258706.200, 138
Trd, 258706.483, 119
Trd, 258706.650, 119
Trd, 258706.667, 138
Trd, 258707.100, 134
Trd, 258707.200, 120
Trd, 258707.867, 126
Trd, 258707.900, 120
Trd, 258707.933, 129
Trd, 258708.300, 129
Trd, 258708.550, 125
Trd, 258708.600, 124
Trd, 258708.633, 120
Trd, 258709.017, 140
Trd, 258709.083, 140
Trd, 258710.050, 140
Trd, 258710.150, 140
Trd, 258710.167, 140
Trd, 258710.250, 139
Trd, 258710.433, 139
Trd, 258710.683, 138
Trd, 258710.783, 128
Trd, 258710.883, 123
Trd, 258711.117, 131
Trd, 258711.167, 132
Trd, 258711.233, 87
Trd, 258711.617, 86
Trd, 258711.933, 121
Trd, 258712.250, 73
Trd, 258712.633, 72
Trd, 258712.783, 74
Trd, 258712.950, 123
Trd, 258713.367, 106
Trd, 258713.400, 72
Trd, 258713.467, 122
Trd, 258713.517, 71
Trd, 258713.817, 123
Trd, 258713.917, 124
Trd, 258713.983, 78
Trd, 258714.450, 136
Trd, 258714.550, 136
Trd, 258714.600, 135
Trd, 258714.800, 91
Trd, 258714.867, 84
Trd, 258714.917, 122
Trd, 258715.017, 77
Trd, 258715.100, 69
Trd, 258715.567, 94
Trd, 258715.633, 95
Trd, 258715.733, 95
Trd, 258715.933, 140
Trd, 258717.300, 77
Trd, 258717.733, 65
Trd, 258717.767, 78
Trd, 258717.850, 82
Trd, 258718.033, 60
Trd, 258718.183, 109
Trd, 258718.617, 73
Trd, 258718.633, 74
Trd, 258719.083, 90
Trd, 258719.133, 64
Trd, 258719.267, 105
Trd, 258719.550, 68
Trd, 258719.583, 66
Trd, 258719.767, 105
Trd, 258719.967, 104
Trd, 258720.133, 104
Trd, 258720.283, 70
Trd, 258720.367, 105
Trd, 258720.450, 106
Trd, 258720.767, 137
Trd, 258721.017, 140
Trd, 258721.067, 140
Trd, 258721.083, 140
Trd, 258721.150, 139
Trd, 258722.433, 140
Trd, 258723.450, 140
Trd, 258723.467, 140
Trd, 258723.700, 140
Trd, 258724.967, 140
Trd, 258725.000, 140
Trd, 258725.200, 140
Trd, 258725.517, 140
Trd, 258725.683, 140
Trd, 258726.183, 140
Trd, 258726.350, 140
Trd, 258726.367, 140
Trd, 258726.650, 140
Trd, 258726.667, 140
Trd, 258726.800, 140
Trd, 258726.883, 139
Trd, 258726.933, 138
Trd, 258727.050, 137
Trd, 258727.083, 137
Trd, 258727.267, 138
Trd, 258727.433, 140
Trd, 258727.583, 140
Trd, 258727.900, 140
Trd, 258728.017, 140
Trd, 258728.417, 140
Trd, 258728.467, 140
Trd, 258728.850, 140
Trd, 258729.133, 140
Trd, 258729.633, 140
Trd, 258730.217, 140
Trd, 258730.433, 140
Trd, 258731.000, 140
Trd, 258731.150, 140
Trd, 258731.233, 140
Trd, 258731.567, 140
Trd, 258731.667, 140
Trd, 258731.783, 140
Trd, 258732.000, 140
Trd, 258732.117, 140
Trd, 258732.350, 140
Trd, 258732.467, 140
Trd, 258732.500, 140
Trd, 258732.583, 140
Trd, 258733.050, 140
Trd, 258733.083, 140
Trd, 258733.117, 140
Trd, 258733.433, 140
Trd, 258733.633, 139
Trd, 258733.750, 139
Trd, 258733.850, 130
Trd, 258734.083, 104
Trd, 258734.900, 117
Trd, 258734.983, 116
Trd, 258735.117, 116
Trd, 258735.350, 125
Trd, 258735.433, 128
Trd, 258735.550, 128
Trd, 258735.600, 128
Trd, 258735.767, 129
Trd, 258735.900, 127
Trd, 258736.167, 132
Trd, 258736.233, 131
Trd, 258736.500, 127
Trd, 258736.517, 126
Trd, 258736.533, 114
Trd, 258736.750, 140
Trd, 258736.867, 121
Trd, 258737.283, 105
Trd, 258737.333, 106
Trd, 258738.167, 140
Trd, 258738.250, 140
Trd, 258738.433, 140
Trd, 258738.617, 140
Trd, 258738.717, 139
Trd, 258738.733, 138
Trd, 258739.083, 140
Trd, 258739.167, 140
Trd, 258739.217, 140
Trd, 258739.950, 112
Trd, 258740.617, 140
Trd, 258740.700, 100
Trd, 258740.783, 96
Trd, 258741.233, 138
Trd, 258741.400, 123
Trd, 258741.483, 138
Trd, 258741.633, 138
Trd, 258742.067, 130
Trd, 258742.083, 121
Trd, 258742.300, 120
Trd, 258742.833, 102
Trd, 258742.900, 133
Trd, 258742.967, 102
Trd, 258743.000, 134
Trd, 258743.133, 132
Trd, 258743.333, 102
Trd, 258743.533, 90
Trd, 258743.600, 112
Trd, 258743.633, 90
Trd, 258744.283, 121
Trd, 258744.433, 130
Trd, 258744.500, 121
Trd, 258744.567, 120
Trd, 258744.617, 129
Trd, 258744.667, 130
Trd, 258744.950, 137
Trd, 258745.033, 95
Trd, 258745.283, 84
Trd, 258745.417, 136
Trd, 258745.650, 134
Trd, 258745.750, 135
Trd, 258746.333, 91
Trd, 258746.383, 134
Trd, 258747.000, 102
Trd, 258747.067, 93
Trd, 258747.183, 109
Trd, 258747.350, 133
Trd, 258747.383, 135
Trd, 258747.400, 91
Trd, 258747.650, 140
Trd, 258748.017, 115
Trd, 258748.217, 114
Trd, 258748.300, 96
Trd, 258748.483, 95
Trd, 258748.617, 95
Trd, 258749.067, 140
Trd, 258749.350, 140
Trd, 258749.617, 140
Trd, 258749.750, 140
Trd, 258749.850, 139
Trd, 258750.350, 140
Trd, 258750.833, 140
Trd, 258750.850, 140
Trd, 258751.217, 139
Trd, 258751.233, 140
Trd, 258751.483, 116
Trd, 258751.500, 140
Trd, 258751.517, 104
Trd, 258751.767, 138
Trd, 258751.917, 140
Trd, 258752.000, 140
Trd, 258752.083, 136
Trd, 258752.183, 135
Trd, 258752.367, 140
Trd, 258752.683, 137
Trd, 258752.733, 140
Trd, 258753.133, 140
Trd, 258753.200, 140
Trd, 258753.333, 140
Trd, 258753.733, 140
Trd, 258753.950, 140
Trd, 258754.450, 140
Trd, 258754.683, 140
Trd, 258754.783, 140
Trd, 258755.083, 140
Trd, 258756.083, 140
Trd, 258756.233, 140
Trd, 258756.383, 140
Trd, 258756.550, 140
Trd, 258756.633, 140
Trd, 258756.667, 140
Trd, 258756.683, 139
Trd, 258756.817, 137
Trd, 258756.967, 138
Trd, 258757.050, 132
Trd, 258757.717, 134
Trd, 258757.817, 116
Trd, 258757.867, 114
Trd, 258758.033, 108
Trd, 258758.050, 101
Trd, 258758.383, 131
Trd, 258758.400, 132
Trd, 258758.433, 134
Trd, 258758.500, 85
Trd, 258758.717, 73
Trd, 258758.767, 66
Trd, 258758.900, 108
Trd, 258759.417, 130
Trd, 258759.633, 130
Trd, 258759.667, 131
Trd, 258759.767, 133
Trd, 258760.483, 140
Trd, 258760.500, 140
Trd, 258760.617, 140
Trd, 258760.733, 140
Trd, 258760.783, 131
Trd, 258762.450, 140
Trd, 258762.717, 140
Trd, 258762.783, 140
Trd, 258762.917, 140
Trd, 258763.000, 140
Trd, 258763.083, 140
Trd, 258763.117, 140
Trd, 258763.167, 139
Trd, 258763.400, 139
Trd, 258763.450, 138
Trd, 258763.500, 140
Trd, 258763.533, 137
Trd, 258763.550, 135
Trd, 258763.683, 140
Trd, 258763.783, 139
Trd, 258764.100, 140
Trd, 258764.150, 139
Trd, 258764.267, 135
Trd, 258764.500, 105
Trd, 258764.917, 140
Trd, 258765.217, 140
Trd, 258765.450, 139
Trd, 258765.533, 139
Trd, 258766.200, 138
Trd, 258766.650, 140
Trd, 258766.867, 140
Trd, 258767.050, 140
Trd, 258767.083, 139
Trd, 258767.167, 138
Trd, 258767.217, 138
Trd, 258767.233, 140
Trd, 258767.400, 138
Trd, 258767.483, 137
Trd, 258767.633, 119
Trd, 258767.733, 91
Trd, 258768.367, 140
Trd, 258768.583, 140
Trd, 258768.700, 140
Trd, 258769.517, 140
Trd, 258769.550, 140
Trd, 258769.583, 139
Trd, 258769.900, 140
Trd, 258770.183, 140
Trd, 258770.200, 139
Trd, 258770.267, 139
Trd, 258770.600, 139
Trd, 258770.700, 140
Trd, 258771.017, 139
Trd, 258771.100, 138
Trd, 258771.133, 140
Trd, 258771.583, 140
Trd, 258771.667, 140
Trd, 258771.883, 140
Trd, 258772.100, 140
Trd, 258772.233, 140
Trd, 258772.350, 140
Trd, 258772.750, 140
Trd, 258773.300, 140
Trd, 258773.350, 140
Trd, 258773.383, 140
Trd, 258773.783, 140
Trd, 258773.867, 140
Trd, 258774.383, 140
Trd, 258775.183, 140
Trd, 258775.850, 140
Trd, 258776.050, 140
Trd, 258776.267, 140
Trd, 258776.283, 140
Trd, 258776.333, 140
Trd, 258776.533, 140
Trd, 258776.567, 140
Trd, 258776.600, 140
Trd, 258776.683, 140
Trd, 258776.717, 140
Trd, 258777.033, 140
Trd, 258777.050, 140
Trd, 258777.167, 140
Trd, 258777.200, 138
Trd, 258777.383, 139
Trd, 258777.433, 140
Trd, 258777.483, 129
Trd, 258777.950, 140
Trd, 258778.000, 140
Trd, 258778.050, 138
Trd, 258778.417, 139
Trd, 258778.550, 127
Trd, 258778.917, 112
Trd, 258778.967, 91
Trd, 258779.033, 81
Trd, 258779.100, 62
Trd, 258779.400, 139
Trd, 258779.467, 139
Trd, 258780.017, 140
Trd, 258780.050, 140
Trd, 258780.200, 131
Trd, 258780.350, 130
Trd, 258780.983, 139
Trd, 258781.100, 138
Trd, 258781.150, 101
Trd, 258781.267, 140
Trd, 258781.750, 140
Trd, 258782.417, 140
Trd, 258782.550, 140
Trd, 258782.567, 140
Trd, 258782.750, 140
Trd, 258782.867, 140
Trd, 258783.017, 140
Trd, 258783.100, 140
Trd, 258783.117, 139
Trd, 258783.250, 140
Trd, 258783.400, 140
Trd, 258783.433, 140
Trd, 258783.900, 140
Trd, 258784.100, 140
Trd, 258784.200, 140
Trd, 258784.217, 140
Trd, 258784.367, 140
Trd, 258784.617, 140
Trd, 258785.183, 140
Trd, 258785.550, 140
Trd, 258785.817, 140
Trd, 258785.867, 140
Trd, 258786.550, 140
Trd, 258786.683, 140
Trd, 258786.767, 139
Trd, 258786.783, 139
Trd, 258787.083, 139
Trd, 258787.150, 129
Trd, 258787.550, 117
Trd, 258787.967, 112
Trd, 258788.017, 104
Trd, 258788.100, 90
Trd, 258788.183, 113
Trd, 258788.300, 73
Trd, 258788.333, 116
Trd, 258788.383, 116
Trd, 258788.883, 63
Trd, 258789.217, 113
Trd, 258789.317, 62
Trd, 258789.483, 61
Trd, 258789.550, 62
Trd, 258789.667, 63
Trd, 258789.717, 62
Trd, 258789.817, 61
Trd, 258789.867, 62
Trd, 258789.967, 66
Trd, 258790.517, 100
Trd, 258790.733, 114
Trd, 258791.100, 67
Trd, 258791.183, 63
Trd, 258791.217, 119
Trd, 258792.550, 140
Trd, 258793.067, 140
Trd, 258793.550, 140
Trd, 258793.983, 140
Trd, 258794.033, 140
Trd, 258794.550, 140
Trd, 258794.733, 140
Trd, 258794.833, 140
Trd, 258795.000, 140
Trd, 258795.050, 140
Trd, 258795.083, 140
Trd, 258795.317, 140
Trd, 258795.517, 140
Trd, 258795.550, 140
Trd, 258795.567, 139
Trd, 258795.633, 138
Trd, 258795.900, 138
Trd, 258796.050, 138
Trd, 258796.217, 137
Trd, 258796.267, 136
Trd, 258796.333, 133
Trd, 258796.500, 132
Trd, 258796.867, 133
Trd, 258797.217, 106
Trd, 258797.433, 129
Trd, 258797.467, 102
Trd, 258797.633, 100
Trd, 258797.800, 100
Trd, 258798.217, 126
Trd, 258798.400, 125
Trd, 258798.600, 126
Trd, 258798.650, 126
Trd, 258798.917, 125
Trd, 258799.017, 122
Trd, 258799.167, 140
Trd, 258799.183, 121
Trd, 258800.450, 140
Trd, 258800.733, 140
Trd, 258800.883, 140
Trd, 258800.967, 140
Trd, 258801.667, 140
Trd, 258801.967, 140
Trd, 258802.100, 140
Trd, 258802.217, 140
Trd, 258802.250, 140
Trd, 258802.417, 140
Trd, 258802.450, 140
Trd, 258802.517, 140
Trd, 258802.700, 140
Trd, 258802.917, 140
Trd, 258803.367, 140
Trd, 258803.483, 140
Trd, 258803.517, 140
Trd, 258803.783, 138
Trd, 258803.917, 140
Trd, 258804.517, 111
Trd, 258804.750, 120
Trd, 258804.767, 110
Trd, 258805.150, 108
Trd, 258805.433, 107
Trd, 258805.767, 108
Trd, 258805.983, 132
Trd, 258806.000, 134
Trd, 258806.167, 134
Trd, 258806.400, 110
Trd, 258806.450, 133
Trd, 258806.917, 131
Trd, 258806.933, 113
Trd, 258807.100, 119
Trd, 258807.150, 134
Trd, 258807.167, 136
Trd, 258807.750, 127
Trd, 258807.767, 126
Trd, 258808.133, 132
Trd, 258808.200, 119
Trd, 258808.933, 140
Trd, 258809.083, 140
Trd, 258809.367, 140
Trd, 258809.383, 140
Trd, 258809.433, 140
Trd, 258809.717, 140
Trd, 258809.900, 140
Trd, 258809.917, 139
Trd, 258810.033, 140
Trd, 258810.283, 140
Trd, 258810.983, 140
Trd, 258811.450, 140
Trd, 258811.733, 140
Trd, 258811.750, 140
Trd, 258811.833, 139
Trd, 258811.900, 136
Trd, 258812.283, 136
Trd, 258812.350, 135
Trd, 258812.500, 138
Trd, 258812.650, 132
Trd, 258812.800, 138
Trd, 258812.883, 132
Trd, 258812.967, 132
Trd, 258813.283, 137
Trd, 258813.333, 134
Trd, 258813.417, 138
Trd, 258813.617, 135
Trd, 258813.633, 139
Trd, 258814.067, 133
Trd, 258814.233, 127
Trd, 258814.583, 139
Trd, 258814.717, 117
Trd, 258814.950, 139
Trd, 258815.000, 116
Trd, 258815.067, 115
Trd, 258815.183, 114
Trd, 258815.200, 139
Trd, 258815.383, 123
Trd, 258815.617, 102
Trd, 258815.950, 125
Trd, 258816.700, 117
Trd, 258816.783, 116
Trd, 258817.050, 103
Trd, 258817.417, 120
Trd, 258817.600, 139
Trd, 258818.017, 140
Trd, 258818.067, 140
Trd, 258818.233, 137
Trd, 258818.433, 114
Trd, 258818.817, 99
Trd, 258818.933, 131
Trd, 258819.250, 140
Trd, 258819.283, 140
Trd, 258819.417, 65
Trd, 258819.533, 67
Trd, 258819.717, 70
Trd, 258820.383, 63
Trd, 258820.467, 66
Trd, 258820.683, 140
Trd, 258821.600, 140
Trd, 258821.650, 140
Trd, 258821.850, 140
Trd, 258822.200, 140
Trd, 258822.433, 140
Trd, 258822.633, 140
Trd, 258822.750, 140
Trd, 258822.867, 140
Trd, 258822.883, 140
Trd, 258822.983, 140
Trd, 258823.050, 140
Trd, 258823.117, 138
Trd, 258823.167, 138
Trd, 258823.333, 140
Trd, 258823.400, 137
Trd, 258823.517, 140
Trd, 258823.550, 139
Trd, 258823.583, 132
Trd, 258823.700, 132
Trd, 258824.050, 137
Trd, 258824.083, 115
Trd, 258824.633, 138
Trd, 258824.867, 136
Trd, 258825.200, 140
Trd, 258825.317, 140
Trd, 258825.617, 140
Trd, 258826.117, 140
Trd, 258826.200, 140
Trd, 258826.233, 140
Trd, 258826.733, 140
Trd, 258826.850, 140
Trd, 258827.050, 140
Trd, 258827.250, 140
Trd, 258827.483, 140
Trd, 258827.517, 140
Trd, 258827.917, 140
Trd, 258828.117, 140
Trd, 258828.183, 134
Trd, 258828.450, 125
Trd, 258828.533, 140
Trd, 258828.550, 125
Trd, 258828.717, 123
Trd, 258828.933, 140
Trd, 258829.500, 140
Trd, 258829.567, 140
Trd, 258829.700, 140
Trd, 258829.850, 132
Trd, 258830.317, 130
Trd, 258830.683, 128
Trd, 258830.800, 111
Trd, 258830.950, 125
Trd, 258831.100, 110
Trd, 258831.217, 125
Trd, 258831.283, 127
Trd, 258831.333, 132
Trd, 258831.633, 125
Trd, 258831.833, 126
Trd, 258831.900, 113
Trd, 258832.383, 113
Trd, 258832.533, 112
Trd, 258832.750, 128
Trd, 258832.767, 129
Trd, 258832.883, 111
Trd, 258833.283, 119
Trd, 258833.300, 84
Trd, 258833.383, 132
Trd, 258833.600, 134
Trd, 258833.733, 102
Trd, 258833.933, 76
Trd, 258834.167, 75
Trd, 258834.350, 129
Trd, 258834.733, 106
Trd, 258835.050, 129
Trd, 258835.300, 127
Trd, 258835.317, 107
Trd, 258835.500, 106
Trd, 258835.633, 105
Trd, 258835.750, 127
Trd, 258836.000, 140
Trd, 258836.300, 140
Trd, 258836.500, 140
Trd, 258836.600, 140
Trd, 258836.833, 140
Trd, 258837.083, 140
Trd, 258837.117, 140
Trd, 258837.650, 140
Trd, 258837.700, 140
Trd, 258838.433, 140
Trd, 258838.867, 140
Trd, 258839.133, 140
Trd, 258839.550, 140
Trd, 258839.633, 140
Trd, 258839.667, 140
Trd, 258840.133, 140
Trd, 258840.383, 140
Trd, 258840.433, 140
Trd, 258840.650, 140
Trd, 258840.867, 140
Trd, 258841.733, 140
Trd, 258841.750, 140
Trd, 258841.783, 140
Trd, 258841.817, 140
Trd, 258841.900, 140
Trd, 258842.117, 140
Trd, 258842.250, 140
Trd, 258842.367, 140
Trd, 258842.767, 140
Trd, 258843.233, 140
Trd, 258843.300, 140
Trd, 258843.333, 140
Trd, 258843.650, 140
Trd, 258843.700, 140
Trd, 258844.100, 140
Trd, 258844.117, 140
Trd, 258844.283, 138
Trd, 258844.467, 137
Trd, 258844.533, 140
Trd, 258844.750, 123
Trd, 258844.883, 122
Trd, 258844.983, 139
Trd, 258845.767, 109
Trd, 258845.883, 122
Trd, 258845.950, 132
Trd, 258846.283, 127
Trd, 258846.383, 129
Trd, 258846.517, 114
Trd, 258846.533, 108
Trd, 258846.633, 108
Trd, 258847.033, 120
Trd, 258847.067, 109
Trd, 258847.417, 109
Trd, 258847.483, 108
Trd, 258847.767, 114
Trd, 258847.867, 115
Trd, 258848.000, 107
Trd, 258848.017, 112
Trd, 258848.533, 114
Trd, 258848.650, 118
Trd, 258848.733, 119
Trd, 258848.767, 89
Trd, 258848.883, 67
Trd, 258848.983, 128
Trd, 258849.083, 129
Trd, 258850.183, 140
Trd, 258850.250, 140
Trd, 258850.683, 140
Trd, 258851.033, 140
Trd, 258851.150, 140
Trd, 258851.683, 140
Trd, 258851.767, 140
Trd, 258851.800, 140
Trd, 258851.833, 140
Trd, 258852.133, 140
Trd, 258852.183, 140
Trd, 258852.200, 140
Trd, 258852.283, 140
Trd, 258853.350, 140
Trd, 258853.500, 140
Trd, 258854.083, 140
Trd, 258854.733, 140
Trd, 258855.167, 140
Trd, 258855.267, 140
Trd, 258855.400, 140
Trd, 258855.417, 140
Trd, 258855.667, 140
Trd, 258856.083, 140
Trd, 258857.150, 140
Trd, 258857.233, 140
Trd, 258857.283, 140
Trd, 258857.300, 140
Trd, 258857.367, 139
Trd, 258857.400, 139
Trd, 258857.800, 134
Trd, 258858.033, 131
Trd, 258858.150, 131
Trd, 258858.267, 132
Trd, 258858.300, 130
Trd, 258858.583, 122
Trd, 258858.600, 130
Trd, 258858.617, 131
Trd, 258858.633, 121
Trd, 258858.650, 114
Trd, 258859.567, 140
Trd, 258859.700, 140
Trd, 258859.717, 140
Trd, 258859.733, 140
Trd, 258860.383, 140
Trd, 258861.133, 140
Trd, 258861.383, 140
Trd, 258861.750, 140
Trd, 258862.433, 140
Trd, 258862.450, 140
Trd, 258862.583, 140
Trd, 258863.117, 140
Trd, 258863.433, 140
Trd, 258863.550, 140
Trd, 258863.800, 140
Trd, 258863.817, 140
Trd, 258863.833, 140
Trd, 258863.983, 140
Trd, 258864.167, 140
Trd, 258864.200, 140
Trd, 258864.333, 140
Trd, 258864.450, 140
Trd, 258864.750, 140
Trd, 258864.983, 140
Trd, 258865.167, 140
Trd, 258865.183, 140
Trd, 258865.800, 140
Trd, 258866.100, 140
Trd, 258866.117, 140
Trd, 258866.333, 140
Trd, 258866.450, 140
Trd, 258866.483, 140
Trd, 258866.800, 140
Trd, 258866.900, 140
Trd, 258867.150, 140
Trd, 258867.183, 140
Trd, 258868.267, 140
Trd, 258868.417, 140
Trd, 258868.500, 140
Trd, 258868.567, 140
Trd, 258868.583, 140
Trd, 258868.750, 140
Trd, 258869.050, 140
Trd, 258869.983, 140
Trd, 258870.117, 140
Trd, 258870.317, 140
Trd, 258870.533, 140
Trd, 258870.583, 140
Trd, 258870.633, 140
Trd, 258870.700, 140
Trd, 258871.717, 140
Trd, 258871.883, 140
Trd, 258872.150, 140
Trd, 258872.233, 140
Trd, 258872.333, 139
Trd, 258872.517, 138
Trd, 258872.567, 139
Trd, 258872.767, 139
Trd, 258872.783, 138
Trd, 258872.833, 137
Trd, 258873.017, 133
Trd, 258873.050, 137
Trd, 258873.117, 116
Trd, 258873.583, 121
Trd, 258873.667, 131
Trd, 258873.800, 90
Trd, 258873.833, 131
Trd, 258874.117, 132
Trd, 258874.183, 137
Trd, 258874.217, 139
Trd, 258874.450, 119
Trd, 258874.483, 118
Trd, 258874.767, 139
Trd, 258874.867, 135
Trd, 258875.117, 93
Trd, 258875.333, 62
Trd, 258875.350, 79
Trd, 258875.550, 60
Trd, 258875.900, 60
Trd, 258876.100, 78
Trd, 258876.800, 65
Trd, 258876.917, 69
Trd, 258877.350, 83
Trd, 258877.633, 98
Trd, 258877.667, 61
Trd, 258877.683, 64
Trd, 258878.283, 86
Trd, 258879.000, 70
Trd, 258879.033, 92
Trd, 258879.100, 72
Trd, 258879.817, 91
Trd, 258879.867, 83
Trd, 258880.083, 91
Trd, 258880.100, 85
Trd, 258880.217, 92
Trd, 258880.300, 86
Trd, 258880.517, 91
Trd, 258880.617, 92
Trd, 258880.767, 92
Trd, 258881.067, 93
Trd, 258881.167, 92
Trd, 258881.300, 132
Trd, 258881.500, 120
Trd, 258881.533, 119
Trd, 258882.267, 140
Trd, 258882.367, 139
Trd, 258882.533, 139
Trd, 258882.750, 140
Trd, 258882.767, 140
Trd, 258882.817, 123
Trd, 258882.867, 122
Trd, 258882.933, 83
Trd, 258883.083, 65
Trd, 258883.167, 61
Trd, 258883.183, 62
Trd, 258883.500, 77
Trd, 258883.817, 60
Trd, 258883.917, 77
Trd, 258884.017, 77
Trd, 258884.167, 78
Trd, 258885.150, 134
Trd, 258885.233, 135
Trd, 258885.467, 135
Trd, 258885.717, 137
Trd, 258885.767, 137
Trd, 258885.883, 136
Trd, 258885.917, 135
Trd, 258885.950, 132
Trd, 258885.983, 130
Trd, 258886.567, 95
Trd, 258887.067, 60
Trd, 258887.100, 61
Trd, 258887.367, 60
Trd, 258887.450, 65
Trd, 258887.950, 61
Trd, 258888.850, 140
Trd, 258889.233, 140
Trd, 258889.417, 140
Trd, 258889.433, 140
Trd, 258889.817, 140
Trd, 258889.933, 140
Trd, 258889.983, 140
Trd, 258890.617, 140
Trd, 258890.817, 140
Trd, 258891.200, 140
Trd, 258891.400, 140
Trd, 258891.517, 140
Trd, 258892.183, 140
Trd, 258892.317, 140
Trd, 258892.517, 140
Trd, 258892.583, 140
Trd, 258892.750, 140
Trd, 258893.083, 140
Trd, 258893.117, 140
Trd, 258893.167, 140
Trd, 258893.267, 140
Trd, 258893.350, 140
Trd, 258893.400, 140
Trd, 258893.483, 140
Trd, 258893.900, 140
Trd, 258893.983, 140
Trd, 258894.217, 140
Trd, 258894.367, 140
Trd, 258895.117, 140
Trd, 258895.267, 140
Trd, 258895.450, 140
Trd, 258895.550, 140
Trd, 258895.650, 140
Trd, 258896.017, 140
Trd, 258896.033, 140
Trd, 258896.100, 140
Trd, 258896.150, 139
Trd, 258896.567, 139
Trd, 258896.600, 139
Trd, 258896.883, 138
Trd, 258897.183, 138
Trd, 258897.367, 138
Trd, 258897.383, 139
Trd, 258897.683, 140
Trd, 258897.700, 140
Trd, 258897.917, 138
Trd, 258898.050, 136
Trd, 258898.633, 139
Trd, 258898.800, 106
Trd, 258898.883, 106
Trd, 258899.117, 140
Trd, 258899.367, 140
Trd, 258899.650, 140
Trd, 258900.400, 140
Trd, 258900.783, 140
Trd, 258900.883, 140
Trd, 258901.233, 140
Trd, 258901.417, 140
Trd, 258901.450, 140
Trd, 258902.017, 140
Trd, 258902.050, 140
Trd, 258902.250, 140
Trd, 258902.767, 140
Trd, 258902.933, 140
Trd, 258903.233, 140
Trd, 258903.450, 140
Trd, 258903.550, 140
Trd, 258903.617, 140
Trd, 258903.817, 139
Trd, 258903.900, 140
Trd, 258904.000, 139
Trd, 258904.067, 140
Trd, 258904.133, 140
Trd, 258904.217, 140
Trd, 258904.417, 140
Trd, 258905.450, 140
Trd, 258905.800, 140
Trd, 258907.083, 140
Trd, 258907.200, 140
Trd, 258907.217, 140
Trd, 258907.433, 140
Trd, 258907.517, 140
Trd, 258907.583, 139
Trd, 258907.650, 139
Trd, 258907.733, 140
Trd, 258907.767, 140
Trd, 258907.783, 139
Trd, 258908.133, 138
Trd, 258908.250, 137
Trd, 258908.267, 137
Trd, 258908.350, 137
Trd, 258908.450, 135
Trd, 258908.683, 127
Trd, 258908.783, 125
Trd, 258909.150, 115
Trd, 258909.783, 125
Trd, 258909.850, 128
Trd, 258909.933, 119
Trd, 258910.117, 125
Trd, 258910.750, 108
Trd, 258910.950, 125
Trd, 258911.450, 118
Trd, 258911.483, 117
Trd, 258911.650, 101
Trd, 258911.683, 123
Trd, 258911.750, 125
Trd, 258911.867, 93
Trd, 258912.050, 92
Trd, 258912.450, 123
Trd, 258912.517, 124
Trd, 258912.683, 90
Trd, 258912.883, 92
Trd, 258913.200, 92
Trd, 258913.267, 63
Trd, 258913.333, 93
Trd, 258913.483, 139
Trd, 258913.783, 140
Trd, 258913.800, 140
Trd, 258914.167, 140
Trd, 258914.600, 140
Trd, 258915.017, 140
Trd, 258915.567, 140
Trd, 258915.650, 140
Trd, 258915.683, 140
Trd, 258915.783, 140
Trd, 258915.800, 140
Trd, 258916.300, 140
Trd, 258916.333, 140
Trd, 258916.517, 140
Trd, 258917.033, 140
Trd, 258917.333, 140
Trd, 258917.450, 140
Trd, 258917.650, 139
Trd, 258917.683, 139
Trd, 258917.833, 138
Trd, 258918.350, 140
Trd, 258918.967, 140
Trd, 258919.067, 140
Trd, 258919.333, 140
Trd, 258919.417, 140
Trd, 258919.700, 140
Trd, 258919.800, 140
Trd, 258919.833, 140
Trd, 258919.867, 140
Trd, 258920.533, 139
Trd, 258920.550, 140
Trd, 258920.667, 139
Trd, 258920.717, 139
Trd, 258920.917, 139
Trd, 258921.000, 138
Trd, 258921.083, 134
Trd, 258921.433, 140
Trd, 258921.467, 140
Trd, 258921.683, 140
Trd, 258921.867, 140
Trd, 258921.933, 139
Trd, 258922.000, 139
Trd, 258922.350, 139
Trd, 258922.533, 139
Trd, 258922.900, 140
Trd, 258923.133, 140
Trd, 258923.683, 140
Trd, 258923.783, 140
Trd, 258923.933, 140
Trd, 258923.950, 139
Trd, 258924.267, 140
Trd, 258924.533, 128
Trd, 258924.867, 122
Trd, 258925.150, 109
Trd, 258925.333, 135
Trd, 258925.383, 136
Trd, 258925.617, 135
Trd, 258925.850, 130
Trd, 258925.933, 113
Trd, 258926.050, 131
Trd, 258926.200, 133
Trd, 258926.367, 130
Trd, 258926.400, 123
Trd, 258926.733, 140
Trd, 258926.850, 114
Trd, 258927.133, 138
Trd, 258928.117, 140
Trd, 258928.333, 140
Trd, 258928.483, 140
Trd, 258928.617, 140
Trd, 258928.833, 140
Trd, 258928.950, 140
Trd, 258929.167, 140
Trd, 258929.317, 140
Trd, 258929.333, 140
Trd, 258929.417, 140
Trd, 258929.667, 140
Trd, 258929.683, 131
Trd, 258930.017, 140
Trd, 258930.283, 140
Trd, 258930.417, 139
Trd, 258930.450, 139
Trd, 258930.667, 118
Trd, 258930.683, 117
Trd, 258931.350, 60
Trd, 258931.367, 61
Trd, 258931.400, 62
Trd, 258931.733, 86
Trd, 258932.000, 101
Trd, 258932.083, 101
Trd, 258932.400, 101
Trd, 258932.567, 100
Trd, 258932.783, 60
Trd, 258933.000, 63
Trd, 258933.150, 64
Trd, 258933.233, 66
Trd, 258933.500, 104
Trd, 258933.900, 64
Trd, 258934.067, 62
Trd, 258934.183, 64
Trd, 258934.450, 65
Trd, 258934.500, 66
Trd, 258934.917, 78
Trd, 258935.233, 78
Trd, 258935.300, 77
Trd, 258935.317, 100
Trd, 258935.650, 77
Trd, 258936.017, 78
Trd, 258936.233, 78
Trd, 258936.450, 114
Trd, 258936.500, 78
Trd, 258937.283, 78
Trd, 258937.517, 107
Trd, 258937.833, 81
Trd, 258937.850, 104
Trd, 258938.033, 101
Trd, 258938.133, 105
Trd, 258938.200, 81
Trd, 258938.267, 96
Trd, 258938.317, 80
Trd, 258938.417, 110
Trd, 258938.450, 110
Trd, 258938.717, 109
Trd, 258939.383, 108
Trd, 258939.517, 96
Trd, 258939.583, 109
Trd, 258940.000, 91
Trd, 258940.217, 121
Trd, 258940.767, 140
Trd, 258940.883, 140
Trd, 258941.500, 140
Trd, 258942.283, 140
Trd, 258942.500, 140
Trd, 258943.283, 140
Trd, 258943.417, 140
Trd, 258943.583, 140
Trd, 258943.650, 140
Trd, 258943.833, 140
Trd, 258944.100, 140
Trd, 258944.183, 140
Trd, 258944.200, 140
Trd, 258944.450, 140
Trd, 258944.783, 140
Trd, 258944.800, 140
Trd, 258944.833, 140
Trd, 258944.950, 140
Trd, 258944.983, 140
Trd, 258945.083, 140
Trd, 258945.350, 140
Trd, 258946.017, 140
Trd, 258946.267, 140
Trd, 258946.367, 140
Trd, 258946.650, 140
Trd, 258947.050, 140
Trd, 258947.800, 140
Trd, 258948.100, 140
Trd, 258948.117, 140
Trd, 258948.133, 140
Trd, 258948.200, 140
Trd, 258948.333, 140
Trd, 258948.600, 140
Trd, 258948.633, 140
Trd, 258948.733, 140
Trd, 258948.750, 139
Trd, 258949.167, 140
Trd, 258949.367, 140
Trd, 258949.717, 140
Trd, 258950.150, 140
Trd, 258950.550, 140
Trd, 258950.883, 140
Trd, 258951.100, 140
Trd, 258951.117, 140
Trd, 258951.183, 140
Trd, 258951.250, 139
Trd, 258951.467, 139
Trd, 258951.567, 135
Trd, 258951.700, 137
Trd, 258952.050, 136
Trd, 258952.200, 138
Trd, 258952.683, 138
Trd, 258952.750, 137
Trd, 258953.000, 138
Trd, 258953.033, 134
Trd, 258953.100, 139
Trd, 258953.133, 140
Trd, 258953.233, 140
Trd, 258953.400, 110
Trd, 258953.567, 109
Trd, 258953.883, 106
Trd, 258953.900, 139
Trd, 258954.450, 129
Trd, 258954.767, 140
Trd, 258955.417, 140
Trd, 258955.650, 140
Trd, 258955.800, 140
Trd, 258955.917, 140
Trd, 258956.117, 140
Trd, 258956.200, 140
Trd, 258956.383, 140
Trd, 258956.450, 140
Trd, 258956.533, 140
Trd, 258957.250, 140
Trd, 258957.683, 140
Trd, 258957.700, 140
Trd, 258958.117, 140
Trd, 258958.383, 140
Trd, 258958.450, 140
Trd, 258958.733, 140
Trd, 258958.883, 140
Trd, 258959.000, 140
Trd, 258959.083, 140
Trd, 258959.367, 140
Trd, 258959.383, 140
Trd, 258959.517, 140
Trd, 258959.600, 140
Trd, 258959.700, 138
Trd, 258960.250, 139
Trd, 258960.267, 140
Trd, 258960.483, 139
Trd, 258960.500, 139
Trd, 258960.550, 140
Trd, 258961.017, 140
Trd, 258961.433, 140
Trd, 258961.550, 140
Trd, 258961.733, 139
Trd, 258961.833, 139
Trd, 258962.250, 140
Trd, 258962.333, 140
Trd, 258962.800, 139
Trd, 258963.067, 139
Trd, 258963.400, 140
Trd, 258963.533, 139
Trd, 258963.767, 139
Trd, 258963.817, 138
Trd, 258963.833, 137
Trd, 258963.983, 139
Trd, 258964.267, 132
Trd, 258964.433, 102
Trd, 258964.467, 138
Trd, 258964.550, 140
Trd, 258964.700, 101
Trd, 258965.133, 139
Trd, 258965.350, 138
Trd, 258965.667, 134
Trd, 258966.117, 139
Trd, 258966.217, 129
Trd, 258966.800, 140
Trd, 258966.933, 140
Trd, 258967.300, 140
Trd, 258967.383, 140
Trd, 258967.433, 140
Trd, 258967.500, 140
Trd, 258968.300, 140
Trd, 258968.517, 140
Trd, 258968.850, 140
Trd, 258968.983, 140
Trd, 258969.450, 140
Trd, 258969.500, 140
Trd, 258969.683, 140
Trd, 258969.933, 140
Trd, 258970.017, 140
Trd, 258970.283, 139
Trd, 258970.333, 139
Trd, 258970.367, 140
Trd, 258970.383, 139
Trd, 258970.433, 127
Trd, 258970.950, 118
Trd, 258971.167, 138
Trd, 258971.300, 118
Trd, 258971.683, 133
Trd, 258971.700, 134
Trd, 258971.800, 119
Trd, 258972.133, 135
Trd, 258972.283, 134
Trd, 258972.400, 133
Trd, 258972.567, 132
Trd, 258972.583, 131
Trd, 258972.633, 133
Trd, 258972.767, 120
Trd, 258972.900, 86
Trd, 258973.383, 84
Trd, 258973.583, 122
Trd, 258973.983, 86
Trd, 258974.350, 128
Trd, 258974.383, 87
Trd, 258974.400, 129
Trd, 258974.750, 91
Trd, 258974.817, 104
Trd, 258974.867, 140
Trd, 258975.850, 140
Trd, 258976.200, 140
Trd, 258976.483, 140
Trd, 258976.750, 140
Trd, 258976.783, 139
Trd, 258977.150, 138
Trd, 258977.517, 138
Trd, 258977.617, 120
Trd, 258978.100, 140
Trd, 258978.433, 140
Trd, 258978.467, 139
Trd, 258978.517, 137
Trd, 258978.850, 139
Trd, 258978.983, 140
Trd, 258979.100, 140
Trd, 258979.183, 139
Trd, 258979.200, 139
Trd, 258979.367, 135
Trd, 258979.617, 137
Trd, 258979.733, 119
Trd, 258980.133, 132
Trd, 258980.317, 134
Trd, 258980.483, 134
Trd, 258980.833, 123
Trd, 258980.883, 135
Trd, 258981.100, 121
Trd, 258981.583, 122
Trd, 258981.633, 135
Trd, 258981.783, 120
Trd, 258981.867, 118
Trd, 258981.967, 95
Trd, 258982.067, 91
Trd, 258982.350, 91
Trd, 258982.633, 74
Trd, 258982.733, 70
Trd, 258982.800, 133
Trd, 258982.833, 135
Trd, 258983.367, 134
Trd, 258983.500, 133
Trd, 258983.667, 140
Trd, 258984.467, 140
Trd, 258985.017, 140
Trd, 258985.067, 140
Trd, 258985.167, 140
Trd, 258985.717, 140
Trd, 258985.817, 140
Trd, 258986.300, 140
Trd, 258986.600, 140
Trd, 258987.400, 140
Trd, 258987.933, 140
Trd, 258988.200, 140
Trd, 258988.350, 140
Trd, 258988.667, 140
Trd, 258988.700, 140
Trd, 258988.800, 140
Trd, 258988.917, 140
Trd, 258989.000, 140
Trd, 258989.467, 140
Trd, 258989.517, 140
Trd, 258989.550, 140
Trd, 258989.600, 140
Trd, 258989.617, 140
Trd, 258989.717, 140
Trd, 258990.017, 139
Trd, 258990.417, 140
Trd, 258990.567, 140
Trd, 258990.683, 140
Trd, 258991.050, 140
Trd, 258991.067, 140
Trd, 258991.083, 140
Trd, 258991.383, 140
Trd, 258991.517, 140
Trd, 258991.650, 138
Trd, 258991.767, 139
Trd, 258992.033, 139
Trd, 258992.267, 140
Trd, 258992.650, 140
Trd, 258992.800, 140
Trd, 258992.900, 140
Trd, 258993.300, 140
Trd, 258993.317, 140
Trd, 258993.667, 140
Trd, 258993.750, 140
Trd, 258993.883, 139
Trd, 258994.050, 127
Trd, 258994.167, 120
Trd, 258994.817, 125
Trd, 258994.850, 126
Trd, 258994.867, 127
Trd, 258994.917, 122
Trd, 258995.000, 129
Trd, 258995.250, 127
Trd, 258995.417, 125
Trd, 258995.650, 121
Trd, 258995.750, 127
Trd, 258995.917, 115
Trd, 258996.083, 124
Trd, 258996.167, 115
Trd, 258996.850, 123
Trd, 258996.917, 115
Trd, 258997.017, 114
Trd, 258997.050, 124
Trd, 258997.183, 113
Trd, 258997.300, 124
Trd, 258997.350, 112
Trd, 258997.567, 85
Trd, 258997.617, 84
Trd, 258997.867, 87
Trd, 258998.350, 123
Trd, 258998.617, 122
Trd, 258999.083, 122
Trd, 258999.483, 119
Trd, 258999.667, 120
Trd, 258999.683, 115
Trd, 259000.033, 140
Trd, 259000.083, 140
Trd, 259000.350, 140
Trd, 259000.367, 140
Trd, 259001.067, 140
Trd, 259001.250, 140
Trd, 259001.750, 140
Trd, 259001.867, 140
Trd, 259002.183, 140
Trd, 259002.450, 140
Trd, 259003.650, 140
Trd, 259003.683, 140
Trd, 259003.833, 140
Trd, 259004.367, 140
Trd, 259004.383, 140
Trd, 259004.467, 140
Trd, 259004.500, 140
Trd, 259004.583, 140
Trd, 259004.617, 140
Trd, 259004.683, 140
Trd, 259004.767, 140
Trd, 259004.900, 140
Trd, 259005.733, 140
Trd, 259005.917, 140
Trd, 259005.967, 140
Trd, 259006.100, 135
Trd, 259006.583, 140
Trd, 259006.683, 140
Trd, 259006.700, 135
Trd, 259007.100, 140
Trd, 259007.217, 140
Trd, 259007.233, 140
Trd, 259008.100, 140
Trd, 259008.167, 140
Trd, 259008.217, 140
Trd, 259008.250, 140
Trd, 259008.417, 140
Trd, 259008.433, 140
Trd, 259009.083, 140
Trd, 259009.217, 140
Trd, 259009.517, 140
Trd, 259009.633, 140
Trd, 259009.850, 140
Trd, 259009.933, 140
Trd, 259009.950, 139
Trd, 259010.033, 140
Trd, 259010.250, 139
Trd, 259010.300, 120
Trd, 259010.783, 136
Trd, 259010.967, 139
Trd, 259011.033, 109
Trd, 259011.133, 100
Trd, 259011.367, 140
Trd, 259011.650, 140
Trd, 259012.517, 140
Trd, 259012.900, 140
Trd, 259013.350, 140
Trd, 259013.433, 140
Trd, 259013.467, 140
Trd, 259013.750, 138
Trd, 259013.850, 136
Trd, 259014.100, 134
Trd, 259014.267, 133
Trd, 259014.483, 126
Trd, 259014.617, 126
Trd, 259014.800, 138
Trd, 259015.183, 139
Trd, 259015.533, 140
Trd, 259015.700, 140
Trd, 259015.850, 138
Trd, 259016.133, 138
Trd, 259016.150, 137
Trd, 259016.350, 136
Trd, 259016.367, 140
Trd, 259016.567, 139
Trd, 259016.900, 138
Trd, 259016.967, 128
Trd, 259017.317, 130
Trd, 259017.517, 138
Trd, 259017.717, 137
Trd, 259018.100, 137
Trd, 259018.267, 140
Trd, 259018.350, 135
Trd, 259018.767, 140
Trd, 259018.850, 140
Trd, 259018.917, 139
Trd, 259019.017, 136
Trd, 259019.333, 135
Trd, 259019.383, 132
Trd, 259019.550, 131
Trd, 259019.850, 140
Trd, 259020.467, 140
Trd, 259020.833, 140
Trd, 259021.050, 140
Trd, 259021.083, 140
Trd, 259021.150, 140
Trd, 259021.167, 140
Trd, 259021.483, 139
Trd, 259021.517, 139
Trd, 259021.617, 140
Trd, 259021.667, 137
Trd, 259022.100, 136
Trd, 259022.183, 139
Trd, 259022.233, 138
Trd, 259022.467, 137
Trd, 259022.517, 121
Trd, 259022.800, 137
Trd, 259023.083, 117
Trd, 259023.117, 85
Trd, 259023.283, 66
Trd, 259023.450, 129
Trd, 259023.533, 128
Trd, 259023.650, 126
Trd, 259023.750, 74
Trd, 259024.450, 126
Trd, 259024.833, 71
Trd, 259025.367, 96
Trd, 259025.450, 97
Trd, 259025.600, 114
Trd, 259026.017, 136
Trd, 259026.167, 81
Trd, 259026.567, 140
Trd, 259027.700, 140
Trd, 259027.767, 140
Trd, 259027.833, 140
Trd, 259028.350, 140
Trd, 259028.550, 140
Trd, 259028.733, 140
Trd, 259028.783, 140
Trd, 259028.950, 140
Trd, 259028.983, 140
Trd, 259029.000, 140
Trd, 259029.050, 140
Trd, 259029.200, 140
Trd, 259029.300, 139
Trd, 259029.717, 140
Trd, 259029.883, 138
Trd, 259030.433, 135
Trd, 259030.583, 136
Trd, 259030.783, 138
Trd, 259030.850, 137
Trd, 259031.000, 135
Trd, 259031.100, 103
Trd, 259031.233, 139
Trd, 259031.367, 138
Trd, 259031.667, 140
Trd, 259031.833, 140
Trd, 259032.200, 140
Trd, 259032.600, 139
Trd, 259032.733, 139
Trd, 259032.750, 138
Trd, 259033.150, 138
Trd, 259033.400, 139
Trd, 259033.817, 139
Trd, 259034.100, 139
Trd, 259034.383, 138
Trd, 259034.533, 139
Trd, 259034.617, 124
Trd, 259034.983, 137
Trd, 259035.267, 135
Trd, 259035.367, 135
Trd, 259035.383, 134
Trd, 259035.783, 119
Trd, 259035.850, 129
Trd, 259035.867, 118
Trd, 259036.383, 117
Trd, 259036.400, 91
Trd, 259036.550, 71
Trd, 259036.800, 82
Trd, 259037.233, 105
Trd, 259037.483, 104
Trd, 259037.700, 103
Trd, 259037.717, 78
Trd, 259038.417, 108
Trd, 259038.500, 110
Trd, 259038.617, 82
Trd, 259039.217, 140
Trd, 259039.517, 140
Trd, 259039.917, 140
Trd, 259040.067, 140
Trd, 259040.800, 140
Trd, 259041.467, 140
Trd, 259042.117, 140
Trd, 259042.700, 140
Trd, 259043.450, 140
Trd, 259043.483, 140
Trd, 259043.550, 140
Trd, 259043.833, 140
Trd, 259043.917, 140
Trd, 259044.033, 140
Trd, 259044.100, 140
Trd, 259044.117, 140
Trd, 259044.283, 140
Trd, 259044.367, 140
Trd, 259044.383, 140
Trd, 259044.450, 140
Trd, 259044.700, 140
Trd, 259044.767, 140
Trd, 259044.967, 140
Trd, 259044.983, 139
Trd, 259045.167, 140
Trd, 259045.600, 140
Trd, 259045.633, 140
Trd, 259045.667, 140
Trd, 259045.950, 139
Trd, 259046.050, 139
Trd, 259046.083, 138
Trd, 259046.150, 129
Trd, 259046.467, 137
Trd, 259046.683, 137
Trd, 259046.867, 133
Trd, 259047.417, 118
Trd, 259047.517, 117
Trd, 259047.533, 130
Trd, 259047.717, 116
Trd, 259047.733, 130
Trd, 259047.867, 97
Trd, 259048.317, 128
Trd, 259048.383, 91
Trd, 259048.583, 131
Trd, 259048.600, 92
Trd, 259048.650, 138
Trd, 259048.883, 107
Trd, 259049.067, 91
Trd, 259049.267, 65
Trd, 259049.633, 72
Trd, 259049.700, 74
Trd, 259050.117, 140
Trd, 259050.317, 64
Trd, 259050.750, 85
Trd, 259050.917, 81
Trd, 259051.050, 128
Trd, 259051.167, 139
Trd, 259051.233, 80
Trd, 259051.617, 140
Trd, 259051.650, 138
Trd, 259051.867, 140
Trd, 259052.417, 134
Trd, 259052.450, 132
Trd, 259052.500, 107
Trd, 259052.583, 136
Trd, 259053.083, 128
Trd, 259053.133, 136
Trd, 259053.433, 138
Trd, 259053.517, 133
Trd, 259053.983, 140
Trd, 259054.200, 133
Trd, 259054.233, 124
Trd, 259054.250, 121
Trd, 259054.917, 64
Trd, 259055.367, 61
Trd, 259055.550, 63
Trd, 259055.567, 65
Trd, 259055.917, 63
Trd, 259056.300, 63
Trd, 259056.317, 64
Trd, 259056.433, 65
Trd, 259056.717, 67
Trd, 259057.017, 67
Trd, 259057.150, 66
Trd, 259057.283, 66
Trd, 259057.300, 74
Trd, 259057.483, 119
Trd, 259057.617, 120
Trd, 259057.717, 120
Trd, 259057.800, 119
Trd, 259057.833, 121
Trd, 259057.933, 122
Trd, 259058.317, 73
Trd, 259058.417, 139
Trd, 259058.917, 140
Trd, 259059.683, 140
Trd, 259059.717, 140
Trd, 259060.150, 140
Trd, 259060.583, 140
Trd, 259060.767, 140
Trd, 259060.867, 140
Trd, 259060.917, 140
Trd, 259060.950, 140
Trd, 259061.000, 140
Trd, 259061.100, 140
Trd, 259061.600, 140
Trd, 259061.700, 140
Trd, 259062.550, 140
Trd, 259062.933, 140
Trd, 259063.383, 140
Trd, 259063.500, 140
Trd, 259064.100, 140
Trd, 259064.350, 140
Trd, 259064.650, 140
Trd, 259065.250, 140
Trd, 259065.667, 140
Trd, 259065.733, 140
Trd, 259065.750, 140
Trd, 259065.817, 140
Trd, 259066.750, 140
Trd, 259066.950, 140
Trd, 259067.350, 140
Trd, 259067.433, 140
Trd, 259067.517, 140
Trd, 259067.567, 140
Trd, 259067.583, 140
Trd, 259067.650, 140
Trd, 259067.667, 140
Trd, 259067.683, 140
Trd, 259067.717, 140
Trd, 259068.150, 140
Trd, 259068.550, 138
Trd, 259068.600, 138
Trd, 259068.617, 139
Trd, 259068.683, 103
Trd, 259069.050, 139
Trd, 259069.133, 116
Trd, 259069.150, 115
Trd, 259069.350, 121
Trd, 259069.517, 120
Trd, 259069.867, 120
Trd, 259069.917, 120
Trd, 259069.950, 119
Trd, 259070.000, 121
Trd, 259070.267, 137
Trd, 259070.533, 71
Trd, 259070.633, 137
Trd, 259070.883, 140
Trd, 259071.050, 110
Trd, 259071.600, 140
Trd, 259071.700, 140
Trd, 259072.417, 139
Trd, 259072.867, 140
Trd, 259073.267, 140
Trd, 259073.350, 140
Trd, 259073.400, 139
Trd, 259073.950, 140
Trd, 259074.000, 139
Trd, 259074.667, 140
Trd, 259074.700, 140
Trd, 259074.833, 140
Trd, 259075.117, 140
Trd, 259075.267, 140
Trd, 259075.350, 140
Trd, 259075.750, 140
Trd, 259075.983, 140
Trd, 259076.033, 140
Trd, 259076.150, 140
Trd, 259076.333, 140
Trd, 259076.517, 140
Trd, 259076.733, 140
Trd, 259076.950, 140
Trd, 259077.017, 140
Trd, 259077.067, 140
Trd, 259077.167, 140
Trd, 259078.083, 140
Trd, 259078.167, 140
Trd, 259078.500, 140
Trd, 259078.517, 140
Trd, 259078.700, 140
Trd, 259078.783, 140
Trd, 259078.800, 140
Trd, 259078.833, 140
Trd, 259078.850, 140
Trd, 259079.183, 140
Trd, 259079.283, 140
Trd, 259079.433, 140
Trd, 259079.467, 140
Trd, 259079.733, 140
Trd, 259079.800, 140
Trd, 259080.117, 140
Trd, 259080.317, 140
Trd, 259080.333, 121
Trd, 259080.850, 140
Trd, 259080.967, 102
Trd, 259081.017, 101
Trd, 259081.300, 139
Trd, 259081.800, 140
Trd, 259082.333, 140
Trd, 259082.483, 140
Trd, 259082.500, 140
Trd, 259082.617, 140
Trd, 259082.733, 139
Trd, 259083.100, 140
Trd, 259083.650, 133
Trd, 259083.833, 130
Trd, 259083.917, 126
Trd, 259083.933, 131
Trd, 259084.050, 125
Trd, 259084.083, 133
Trd, 259084.417, 110
Trd, 259084.433, 134
Trd, 259084.833, 60
Trd, 259085.150, 60
Trd, 259085.400, 60
Trd, 259085.683, 60
Trd, 259085.717, 60
Trd, 259085.733, 60
Trd, 259085.817, 61
Trd, 259085.883, 69
Trd, 259086.167, 110
Trd, 259086.317, 110
Trd, 259086.383, 63
Trd, 259086.750, 66
Trd, 259086.767, 92
Trd, 259087.550, 74
Trd, 259087.567, 89
Trd, 259087.850, 89
Trd, 259088.133, 88
Trd, 259088.200, 92
Trd, 259088.233, 93
Trd, 259088.483, 94
Trd, 259088.533, 79
Trd, 259088.583, 78
Trd, 259088.600, 76
Trd, 259088.733, 93
Trd, 259088.817, 94
Trd, 259089.650, 78
Trd, 259089.717, 80
Trd, 259089.867, 77
Trd, 259089.950, 76
Trd, 259090.067, 76
Trd, 259090.333, 75
Trd, 259090.600, 81
Trd, 259090.683, 72
Trd, 259091.300, 112
Trd, 259091.467, 138
Trd, 259091.550, 137
Trd, 259091.883, 140
Trd, 259091.967, 95
Trd, 259092.183, 95
Trd, 259092.650, 139
Trd, 259093.583, 140
Trd, 259093.900, 140
Trd, 259094.533, 140
Trd, 259094.783, 140
Trd, 259095.000, 140
Trd, 259095.167, 140
Trd, 259095.233, 140
Trd, 259095.917, 140
Trd, 259095.950, 140
Trd, 259095.983, 140
Trd, 259096.133, 140
Trd, 259096.217, 140
Trd, 259096.467, 140
Trd, 259096.683, 140
Trd, 259096.733, 140
Trd, 259096.817, 140
Trd, 259096.983, 140
Trd, 259097.117, 140
Trd, 259097.567, 140
Trd, 259097.683, 140
Trd, 259097.783, 140
Trd, 259098.183, 140
Trd, 259098.217, 140
Trd, 259098.267, 140
Trd, 259098.450, 140
Trd, 259098.483, 139
Trd, 259098.950, 140
Trd, 259099.017, 140
Trd, 259099.183, 139
Trd, 259099.367, 135
Trd, 259099.783, 132
Trd, 259099.950, 133
Trd, 259100.267, 132
Trd, 259100.300, 131
Trd, 259100.800, 120
Trd, 259100.967, 127
Trd, 259101.050, 131
Trd, 259101.117, 127
Trd, 259101.167, 134
Trd, 259101.200, 120
Trd, 259101.283, 118
Trd, 259101.350, 138
Trd, 259101.383, 113
Trd, 259102.017, 129
Trd, 259102.100, 129
Trd, 259102.183, 128
Trd, 259102.750, 140
Trd, 259103.283, 140
Trd, 259103.333, 139
Trd, 259103.417, 119
Trd, 259103.667, 131
Trd, 259103.833, 121
Trd, 259103.967, 131
Trd, 259104.233, 123
Trd, 259104.567, 115
Trd, 259104.750, 115
Trd, 259105.017, 119
Trd, 259105.150, 121
Trd, 259105.467, 116
Trd, 259105.500, 114
Trd, 259105.617, 120
Trd, 259105.900, 119
Trd, 259106.050, 121
Trd, 259106.083, 125
Trd, 259106.200, 119
Trd, 259106.233, 118
Trd, 259106.350, 114
Trd, 259106.383, 81
Trd, 259106.400, 125
Trd, 259106.917, 60
Trd, 259107.017, 60
Trd, 259107.050, 62
Trd, 259107.100, 63
Trd, 259107.317, 60
Trd, 259107.633, 64
Trd, 259107.800, 82
Trd, 259107.833, 83
Trd, 259108.767, 60
Trd, 259109.483, 60
Trd, 259110.067, 60
Trd, 259110.200, 60
Trd, 259110.283, 60
Trd, 259110.350, 61
Trd, 259110.500, 62
Trd, 259110.617, 63
Trd, 259110.633, 68
Trd, 259110.817, 75
Trd, 259111.117, 70
Trd, 259111.283, 69
Trd, 259111.383, 68
Trd, 259111.583, 68
Trd, 259111.650, 69
Trd, 259111.683, 70
Trd, 259111.983, 95
Trd, 259112.417, 70
Trd, 259112.567, 139
Trd, 259112.683, 138
Trd, 259113.583, 140
Trd, 259113.650, 140
Trd, 259113.667, 140
Trd, 259114.033, 140
Trd, 259114.350, 140
Trd, 259114.750, 140
Trd, 259114.800, 140
Trd, 259114.900, 140
Trd, 259114.967, 140
Trd, 259115.167, 140
Trd, 259115.367, 139
Trd, 259115.550, 138
Trd, 259115.700, 138
Trd, 259115.767, 135
Trd, 259115.833, 123
Trd, 259116.000, 139
Trd, 259116.067, 140
Trd, 259116.167, 140
Trd, 259116.950, 140
Trd, 259117.283, 140
Trd, 259117.733, 140
Trd, 259117.833, 140
Trd, 259117.867, 140
Trd, 259118.000, 140
Trd, 259118.200, 139
Trd, 259118.600, 140
Trd, 259118.717, 140
Trd, 259118.800, 140
Trd, 259119.700, 140
Trd, 259120.000, 140
Trd, 259120.083, 140
Trd, 259120.133, 140
Trd, 259120.617, 140
Trd, 259120.667, 140
Trd, 259120.683, 140
Trd, 259120.750, 140
Trd, 259120.800, 139
Trd, 259120.967, 137
Trd, 259121.850, 89
Trd, 259122.133, 89
Trd, 259122.317, 110
Trd, 259122.333, 112
Trd, 259122.650, 112
Trd, 259122.683, 113
Trd, 259122.783, 95
Trd, 259123.150, 96
Trd, 259123.300, 95
Trd, 259123.417, 94
Trd, 259123.833, 106
Trd, 259124.000, 106
Trd, 259124.200, 106
Trd, 259124.433, 84
Trd, 259124.517, 108
Trd, 259124.767, 85
Trd, 259124.783, 106
Trd, 259124.850, 106
Trd, 259124.967, 107
Trd, 259125.017, 86
Trd, 259125.133, 85
Trd, 259125.217, 108
Trd, 259125.350, 107
Trd, 259125.450, 111
Trd, 259125.750, 85
Trd, 259125.867, 112
Trd, 259126.083, 110
Trd, 259126.267, 140
Trd, 259126.633, 69
Trd, 259127.100, 99
Trd, 259127.500, 138
Trd, 259127.717, 122
Trd, 259127.900, 129
Trd, 259128.200, 137
Trd, 259128.367, 124
Trd, 259128.500, 123
Trd, 259128.550, 121
Trd, 259128.883, 64
Trd, 259129.300, 74
Trd, 259129.550, 70
Trd, 259129.650, 66
Trd, 259130.350, 70
Trd, 259130.617, 71
Trd, 259130.783, 103
Trd, 259130.817, 70
Trd, 259130.900, 105
Trd, 259131.100, 113
Trd, 259131.167, 124
Trd, 259131.383, 73
Trd, 259131.533, 127
Trd, 259131.733, 131
Trd, 259131.750, 136
Trd, 259131.883, 138
Trd, 259132.017, 128
Trd, 259132.100, 129
Trd, 259132.600, 139
Trd, 259132.683, 138
Trd, 259132.800, 130
Trd, 259132.917, 130
Trd, 259133.050, 130
Trd, 259133.350, 131
Trd, 259133.833, 118
Trd, 259134.083, 100
Trd, 259134.417, 99
Trd, 259134.700, 99
Trd, 259135.850, 140
Trd, 259135.867, 140
Trd, 259135.950, 140
Trd, 259136.017, 140
Trd, 259136.083, 140
Trd, 259136.200, 138
Trd, 259136.250, 139
Trd, 259136.567, 140
Trd, 259137.417, 140
Trd, 259138.000, 140
Trd, 259138.450, 140
Trd, 259138.567, 140
Trd, 259138.833, 140
Trd, 259138.933, 140
Trd, 259139.033, 140
Trd, 259139.350, 140
Trd, 259139.367, 140
Trd, 259139.417, 140
Trd, 259139.633, 140
Trd, 259139.933, 140
Trd, 259140.033, 140
Trd, 259140.167, 140
Trd, 259140.283, 140
Trd, 259140.400, 140
Trd, 259141.000, 140
Trd, 259141.050, 140
Trd, 259141.100, 138
Trd, 259141.333, 138
Trd, 259141.383, 137
Trd, 259141.500, 136
Trd, 259141.750, 140
Trd, 259141.883, 140
Trd, 259141.967, 128
Trd, 259142.133, 115
Trd, 259142.250, 139
Trd, 259142.517, 135
Trd, 259142.783, 140
Trd, 259142.850, 138
Trd, 259142.950, 138
Trd, 259143.383, 137
Trd, 259143.633, 116
Trd, 259143.867, 114
Trd, 259144.317, 131
Trd, 259144.717, 120
Trd, 259145.083, 139
Trd, 259145.467, 89
Trd, 259145.550, 101
Trd, 259145.583, 89
Trd, 259145.633, 101
Trd, 259145.750, 102
Trd, 259145.783, 104
Trd, 259146.017, 88
Trd, 259146.233, 88
Trd, 259146.483, 139
Trd, 259146.517, 138
Trd, 259146.650, 137
Trd, 259147.017, 135
Trd, 259147.233, 135
Trd, 259147.467, 135
Trd, 259147.550, 125
Trd, 259147.650, 123
Trd, 259147.667, 122
Trd, 259148.100, 109
Trd, 259148.117, 133
Trd, 259148.600, 128
Trd, 259148.667, 133
Trd, 259148.717, 134
Trd, 259148.767, 103
Trd, 259149.250, 140
Trd, 259149.317, 140
Trd, 259149.450, 140
Trd, 259149.517, 140
Trd, 259149.550, 112
Trd, 259150.200, 97
Trd, 259150.367, 68
Trd, 259150.550, 139
Trd, 259151.050, 140
Trd, 259151.783, 140
Trd, 259152.117, 140
Trd, 259152.850, 140
Trd, 259153.083, 140
Trd, 259153.867, 140
Trd, 259153.967, 140
Trd, 259154.300, 140
Trd, 259154.517, 140
Trd, 259154.767, 140
Trd, 259155.017, 140
Trd, 259155.417, 140
Trd, 259155.450, 140
Trd, 259155.700, 140
Trd, 259155.783, 140
Trd, 259155.800, 140
Trd, 259155.833, 139
Trd, 259155.983, 139
Trd, 259156.050, 138
Trd, 259156.100, 137
Trd, 259156.317, 140
Trd, 259156.533, 139
Trd, 259156.617, 139
Trd, 259157.100, 137
Trd, 259157.200, 136
Trd, 259157.417, 138
Trd, 259157.550, 138
Trd, 259157.600, 132
Trd, 259157.833, 139
Trd, 259158.050, 140
Trd, 259158.367, 140
Trd, 259158.400, 137
Trd, 259158.467, 136
Trd, 259158.633, 140
Trd, 259158.733, 140
Trd, 259158.767, 138
Trd, 259159.267, 140
Trd, 259159.667, 140
Trd, 259159.850, 140
Trd, 259160.050, 137
Trd, 259160.433, 134
Trd, 259160.583, 135
Trd, 259160.967, 121
Trd, 259161.017, 136
Trd, 259161.300, 124
Trd, 259161.350, 137
Trd, 259161.667, 140
Trd, 259161.700, 140
Trd, 259162.067, 140
Trd, 259162.217, 140
Trd, 259162.317, 140
Trd, 259162.583, 140
Trd, 259162.767, 140
Trd, 259163.283, 140
Trd, 259163.383, 140
Trd, 259163.800, 140
Trd, 259163.817, 140
Trd, 259163.933, 140
Trd, 259163.950, 140
Trd, 259164.400, 140
Trd, 259164.583, 137
Trd, 259164.783, 139
Trd, 259164.983, 140
Trd, 259165.350, 139
Trd, 259165.450, 137
Trd, 259165.600, 137
Trd, 259165.700, 140
Trd, 259165.717, 134
Trd, 259166.083, 139
Trd, 259166.900, 132
Trd, 259166.950, 118
Trd, 259166.983, 117
Trd, 259167.150, 134
Trd, 259167.167, 136
Trd, 259167.800, 135
Trd, 259167.833, 134
Trd, 259167.850, 136
Trd, 259167.950, 134
Trd, 259168.017, 137
Trd, 259168.067, 134
Trd, 259168.450, 135
Trd, 259168.483, 138
Trd, 259168.650, 132
Trd, 259169.000, 135
Trd, 259169.183, 121
Trd, 259169.233, 126
Trd, 259169.717, 128
Trd, 259170.083, 139
Trd, 259170.133, 122
Trd, 259170.250, 121
Trd, 259170.350, 120
Trd, 259171.100, 104
Trd, 259172.117, 140
Trd, 259172.133, 140
Trd, 259172.233, 140
Trd, 259172.317, 139
Trd, 259172.400, 140
Trd, 259172.417, 139
Trd, 259172.500, 139
Trd, 259172.533, 139
Trd, 259173.200, 134
Trd, 259173.383, 134
Trd, 259173.400, 133
Trd, 259173.483, 135
Trd, 259173.600, 131
Trd, 259173.617, 105
Trd, 259173.683, 137
Trd, 259174.033, 136
Trd, 259174.283, 135
Trd, 259174.333, 123
Trd, 259174.417, 124
Trd, 259174.733, 123
Trd, 259175.000, 134
Trd, 259175.133, 135
Trd, 259175.183, 128
Trd, 259175.533, 122
Trd, 259175.750, 103
Trd, 259176.367, 60
Trd, 259176.500, 60
Trd, 259176.817, 61
Trd, 259176.867, 67
Trd, 259177.000, 76
Trd, 259177.217, 103
Trd, 259177.633, 127
Trd, 259177.917, 66
Trd, 259178.083, 135
Trd, 259178.450, 140
Trd, 259178.667, 140
Trd, 259178.917, 140
Trd, 259178.933, 140
Trd, 259179.033, 140
Trd, 259179.667, 140
Trd, 259179.683, 140
Trd, 259179.717, 140
Trd, 259179.733, 140
Trd, 259179.850, 140
Trd, 259180.050, 140
Trd, 259180.383, 140
Trd, 259180.433, 140
Trd, 259180.683, 140
Trd, 259180.850, 139
Trd, 259181.083, 139
Trd, 259181.100, 140
Trd, 259181.183, 139
Trd, 259181.633, 139
Trd, 259181.717, 138
Trd, 259181.733, 137
Trd, 259181.950, 136
Trd, 259182.167, 127
Trd, 259182.383, 125
Trd, 259182.533, 128
Trd, 259182.667, 96
Trd, 259182.750, 132
Trd, 259182.767, 134
Trd, 259182.950, 101
Trd, 259183.133, 137
Trd, 259183.400, 140
Trd, 259183.600, 81
Trd, 259183.617, 82
Trd, 259183.950, 80
Trd, 259184.250, 89
Trd, 259184.417, 138
Trd, 259184.500, 110
Trd, 259184.583, 140
Trd, 259184.867, 140
Trd, 259184.917, 140
Trd, 259185.150, 139
Trd, 259185.500, 105
Trd, 259185.850, 107
Trd, 259186.383, 140
Trd, 259186.500, 140
Trd, 259186.783, 139
Trd, 259187.283, 140
Trd, 259187.383, 83
Trd, 259187.800, 140
Trd, 259188.667, 140
Trd, 259188.800, 140
Trd, 259188.817, 139
Trd, 259189.000, 140
Trd, 259189.183, 140
Trd, 259189.300, 139
Trd, 259189.367, 106
Trd, 259189.400, 139
Trd, 259189.550, 139
Trd, 259189.583, 105
Trd, 259189.983, 130
Trd, 259190.317, 134
Trd, 259190.350, 113
Trd, 259190.533, 134
Trd, 259190.633, 136
Trd, 259190.733, 120
Trd, 259190.817, 112
Trd, 259191.200, 114
Trd, 259191.383, 140
Trd, 259191.433, 140
Trd, 259191.500, 137
Trd, 259191.617, 140
Trd, 259191.700, 140
Trd, 259191.767, 120
Trd, 259192.617, 128
Trd, 259193.150, 140
Trd, 259193.467, 140
Trd, 259193.533, 140
Trd, 259193.550, 140
Trd, 259193.600, 124
Trd, 259193.917, 140
Trd, 259194.017, 140
Trd, 259194.083, 140
Trd, 259195.183, 140
Trd, 259195.233, 140
Trd, 259195.450, 140
Trd, 259195.633, 140
Trd, 259195.733, 140
Trd, 259196.017, 140
Trd, 259196.083, 140
Trd, 259196.250, 140
Trd, 259196.983, 140
Trd, 259197.150, 140
Trd, 259197.300, 140
Trd, 259197.467, 140
Trd, 259197.833, 140
Trd, 259198.033, 139
Trd, 259198.067, 139
Trd, 259198.083, 138
Trd, 259198.250, 140
Trd, 259198.367, 140
Trd, 259198.517, 140
Trd, 259199.117, 140
Trd, 259199.317, 140
Trd, 259199.433, 140
Trd, 259199.733, 140
Trd, 259200.000, 140
