Trd, 431340.733, 88
Trd, 431341.267, 96
Trd, 431341.533, 102
Trd, 431341.717, 102
Trd, 431341.950, 101
Trd, 431342.550, 91
Trd, 431342.850, 90
Trd, 431343.483, 88
Trd, 431343.817, 91
Trd, 431344.283, 93
Trd, 431344.467, 93
Trd, 431344.983, 98
Trd, 431345.133, 99
Trd, 431345.217, 100
Trd, 431345.683, 91
Trd, 431345.833, 90
Trd, 431346.083, 102
Trd, 431346.417, 104
Trd, 431346.450, 92
Trd, 431346.767, 91
Trd, 431347.200, 97
Trd, 431347.500, 109
Trd, 431347.567, 112
Trd, 431348.100, 117
Trd, 431348.817, 91
Trd, 431348.900, 90
Trd, 431349.217, 83
Trd, 431349.317, 92
Trd, 431349.667, 85
Trd, 431350.233, 99
Trd, 431350.550, 100
Trd, 431350.833, 95
Trd, 431350.917, 93
Trd, 431351.083, 92
Trd, 431351.217, 101
Trd, 431351.483, 104
Trd, 431351.967, 103
Trd, 431352.800, 94
Trd, 431352.933, 91
Trd, 431353.133, 104
Trd, 431353.617, 98
Trd, 431353.967, 92
Trd, 431354.133, 90
Trd, 431354.283, 103
Trd, 431354.317, 97
Trd, 431354.733, 104
Trd, 431354.817, 89
Trd, 431355.033, 87
Trd, 431355.767, 90
Trd, 431356.050, 90
Trd, 431356.117, 92
Trd, 431356.317, 100
Trd, 431356.667, 101
Trd, 431357.083, 101
Trd, 431357.400, 96
Trd, 431357.550, 95
Trd, 431357.867, 107
Trd, 431357.950, 108
Trd, 431358.000, 112
Trd, 431359.083, 102
Trd, 431359.167, 95
Trd, 431359.550, 89
Trd, 431359.567, 88
Trd, 431359.700, 98
Trd, 431359.783, 104
Trd, 431360.200, 89
Trd, 431360.700, 101
Trd, 431360.783, 89
Trd, 431360.817, 84
Trd, 431361.083, 101
Trd, 431361.417, 106
Trd, 431361.533, 83
Trd, 431361.883, 111
Trd, 431361.983, 102
Trd, 431362.650, 101
Trd, 431362.667, 108
Trd, 431363.133, 107
Trd, 431363.150, 108
Trd, 431364.200, 104
Trd, 431364.517, 98
Trd, 431364.650, 90
Trd, 431364.767, 104
Trd, 431365.350, 103
Trd, 431365.400, 104
Trd, 431365.883, 90
Trd, 431365.950, 86
Trd, 431365.983, 81
Trd, 431367.100, 85
Trd, 431367.483, 90
Trd, 431367.650, 91
Trd, 431368.067, 88
Trd, 431368.517, 95
Trd, 431368.883, 96
Trd, 431369.183, 97
Trd, 431369.483, 95
Trd, 431369.550, 98
Trd, 431369.800, 94
Trd, 431370.183, 92
Trd, 431370.633, 98
Trd, 431370.667, 87
Trd, 431371.167, 83
Trd, 431371.283, 98
Trd, 431371.367, 99
Trd, 431371.383, 101
Trd, 431371.500, 106
Trd, 431371.517, 117
Trd, 431371.717, 110
Trd, 431372.133, 95
Trd, 431372.567, 96
Trd, 431372.700, 116
Trd, 431372.833, 89
Trd, 431373.433, 106
Trd, 431373.717, 107
Trd, 431373.733, 117
Trd, 431374.883, 92
Trd, 431375.150, 102
Trd, 431375.650, 102
Trd, 431376.400, 101
Trd, 431376.450, 100
Trd, 431376.533, 95
Trd, 431376.550, 92
Trd, 431376.633, 87
Trd, 431376.800, 101
Trd, 431377.050, 90
Trd, 431377.117, 103
Trd, 431377.233, 104
Trd, 431377.250, 88
Trd, 431377.383, 82
Trd, 431377.533, 79
Trd, 431377.883, 97
Trd, 431378.133, 90
Trd, 431379.033, 96
Trd, 431379.417, 92
Trd, 431379.650, 89
Trd, 431379.717, 97
Trd, 431380.183, 89
Trd, 431380.233, 87
Trd, 431380.933, 98
Trd, 431381.083, 103
Trd, 431381.800, 106
Trd, 431382.217, 98
Trd, 431382.350, 106
Trd, 431382.567, 116
Trd, 431382.583, 97
Trd, 431382.967, 115
Trd, 431383.350, 96
Trd, 431383.500, 95
Trd, 431383.517, 99
Trd, 431383.733, 104
Trd, 431384.067, 105
Trd, 431384.100, 106
Trd, 431384.450, 103
Trd, 431385.117, 96
Trd, 431385.617, 102
Trd, 431385.983, 102
Trd, 431386.167, 101
Trd, 431386.950, 93
Trd, 431387.183, 88
Trd, 431387.350, 91
Trd, 431388.300, 90
Trd, 431389.033, 94
Trd, 431389.250, 94
Trd, 431389.517, 91
Trd, 431390.133, 95
Trd, 431390.417, 104
Trd, 431390.467, 90
Trd, 431390.533, 108
Trd, 431390.733, 100
Trd, 431390.750, 110
Trd, 431390.817, 115
Trd, 431391.033, 91
Trd, 431391.650, 92
Trd, 431391.883, 93
Trd, 431392.083, 94
Trd, 431392.367, 86
Trd, 431392.717, 95
Trd, 431392.783, 92
Trd, 431392.983, 98
Trd, 431393.000, 99
Trd, 431393.100, 92
Trd, 431393.267, 86
Trd, 431394.767, 89
Trd, 431395.383, 87
Trd, 431395.767, 97
Trd, 431395.900, 86
Trd, 431396.067, 87
Trd, 431396.383, 95
Trd, 431396.717, 83
Trd, 431397.350, 91
Trd, 431397.483, 86
Trd, 431397.900, 87
Trd, 431397.933, 92
Trd, 431398.467, 92
Trd, 431398.500, 87
Trd, 431399.217, 100
Trd, 431399.400, 101
Trd, 431399.950, 103
Trd, 431400.017, 104
Trd, 431400.417, 101
Trd, 431400.567, 102
Trd, 431400.767, 99
Trd, 431401.283, 103
Trd, 431401.500, 103
Trd, 431401.517, 106
Trd, 431401.633, 102
Trd, 431401.817, 98
Trd, 431402.283, 101
Trd, 431402.300, 107
Trd, 431402.383, 95
Trd, 431402.683, 107
Trd, 431403.000, 92
Trd, 431403.400, 90
Trd, 431403.650, 87
Trd, 431403.767, 94
Trd, 431404.983, 88
Trd, 431405.100, 87
Trd, 431406.000, 90
Trd, 431406.200, 88
Trd, 431406.417, 91
Trd, 431406.717, 90
Trd, 431407.150, 97
Trd, 431407.517, 101
Trd, 431407.617, 98
Trd, 431407.667, 106
Trd, 431407.733, 112
Trd, 431408.117, 90
Trd, 431408.533, 88
Trd, 431409.083, 90
Trd, 431409.267, 89
Trd, 431409.783, 91
Trd, 431410.067, 88
Trd, 431410.200, 90
Trd, 431410.667, 92
Trd, 431410.850, 93
Trd, 431410.917, 91
Trd, 431411.550, 101
Trd, 431411.700, 101
Trd, 431411.833, 92
Trd, 431411.917, 104
Trd, 431412.783, 104
Trd, 431413.083, 100
Trd, 431413.583, 101
Trd, 431413.733, 105
Trd, 431413.883, 99
Trd, 431413.900, 98
Trd, 431413.917, 95
Trd, 431414.100, 101
Trd, 431414.200, 90
Trd, 431414.367, 86
Trd, 431415.650, 85
Trd, 431415.683, 86
Trd, 431417.017, 100
Trd, 431417.183, 102
Trd, 431417.267, 104
Trd, 431417.617, 105
Trd, 431417.967, 106
Trd, 431418.333, 105
Trd, 431418.533, 104
Trd, 431418.717, 109
Trd, 431418.750, 110
Trd, 431420.383, 105
Trd, 431420.433, 97
Trd, 431420.483, 90
Trd, 431420.500, 90
Trd, 431420.833, 87
Trd, 431421.017, 90
Trd, 431421.033, 83
Trd, 431421.483, 104
Trd, 431421.500, 106
Trd, 431422.100, 86
Trd, 431422.300, 106
Trd, 431423.633, 90
Trd, 431423.733, 99
Trd, 431423.917, 82
Trd, 431424.267, 88
Trd, 431424.850, 98
Trd, 431424.917, 87
Trd, 431425.383, 102
Trd, 431425.683, 104
Trd, 431425.900, 104
Trd, 431425.967, 105
Trd, 431426.033, 103
Trd, 431426.417, 105
Trd, 431427.250, 91
Trd, 431427.417, 92
Trd, 431427.450, 91
Trd, 431428.383, 105
Trd, 431428.400, 102
Trd, 431428.700, 92
Trd, 431428.717, 106
Trd, 431429.050, 112
Trd, 431429.267, 91
Trd, 431429.350, 116
Trd, 431429.500, 118
Trd, 431429.850, 103
Trd, 431430.167, 86
Trd, 431430.550, 82
Trd, 431431.250, 89
Trd, 431431.700, 86
Trd, 431432.667, 89
Trd, 431432.867, 89
Trd, 431433.317, 88
Trd, 431433.350, 90
Trd, 431433.583, 87
Trd, 431433.617, 90
Trd, 431433.717, 96
Trd, 431433.967, 101
Trd, 431434.667, 91
Trd, 431434.700, 100
Trd, 431434.800, 90
Trd, 431435.583, 87
Trd, 431435.633, 90
Trd, 431435.800, 101
Trd, 431436.533, 98
Trd, 431436.583, 82
Trd, 431436.733, 105
Trd, 431437.067, 80
Trd, 431437.750, 82
Trd, 431437.783, 101
Trd, 431437.833, 106
Trd, 431437.867, 112
Trd, 431438.217, 81
Trd, 431438.267, 87
Trd, 431439.283, 97
Trd, 431439.533, 82
Trd, 431441.033, 103
Trd, 431441.417, 102
Trd, 431441.650, 104
Trd, 431441.700, 104
Trd, 431441.900, 101
Trd, 431442.150, 94
Trd, 431442.167, 93
Trd, 431442.300, 92
Trd, 431442.517, 86
Trd, 431442.817, 102
Trd, 431443.683, 88
Trd, 431443.950, 87
Trd, 431444.050, 91
Trd, 431444.733, 90
Trd, 431444.917, 92
Trd, 431445.050, 93
Trd, 431445.067, 95
Trd, 431445.233, 101
Trd, 431445.250, 98
Trd, 431445.450, 96
Trd, 431445.467, 90
Trd, 431445.717, 102
Trd, 431446.350, 111
Trd, 431446.867, 102
Trd, 431447.083, 103
Trd, 431447.467, 108
Trd, 431447.533, 100
Trd, 431447.883, 90
Trd, 431447.917, 100
Trd, 431447.933, 110
Trd, 431448.117, 112
Trd, 431448.150, 85
Trd, 431449.567, 89
Trd, 431449.933, 101
Trd, 431450.017, 100
Trd, 431450.283, 95
Trd, 431450.433, 95
Trd, 431450.450, 104
Trd, 431450.600, 90
Trd, 431450.750, 89
Trd, 431451.217, 91
Trd, 431451.450, 101
Trd, 431451.517, 102
Trd, 431451.683, 90
Trd, 431452.217, 103
Trd, 431452.533, 106
Trd, 431452.783, 108
Trd, 431453.050, 107
Trd, 431453.833, 92
Trd, 431453.917, 95
Trd, 431453.950, 91
Trd, 431454.650, 102
Trd, 431454.783, 104
Trd, 431454.883, 91
Trd, 431455.033, 104
Trd, 431455.067, 106
Trd, 431455.300, 93
Trd, 431455.383, 90
Trd, 431455.683, 93
Trd, 431456.367, 86
Trd, 431456.500, 112
Trd, 431456.850, 115
Trd, 431457.833, 103
Trd, 431457.900, 101
Trd, 431458.133, 92
Trd, 431458.667, 105
Trd, 431458.783, 103
Trd, 431458.967, 108
Trd, 431459.017, 100
Trd, 431459.317, 90
Trd, 431459.650, 82
Trd, 431460.300, 84
Trd, 431460.433, 87
Trd, 431461.617, 107
Trd, 431461.800, 113
Trd, 431462.200, 106
Trd, 431462.417, 101
Trd, 431462.900, 108
Trd, 431463.133, 98
Trd, 431463.500, 100
Trd, 431463.700, 100
Trd, 431463.917, 100
Trd, 431464.017, 101
Trd, 431464.417, 98
Trd, 431464.517, 95
Trd, 431464.850, 104
Trd, 431464.917, 85
Trd, 431465.183, 104
Trd, 431465.317, 82
Trd, 431465.650, 94
Trd, 431465.833, 104
Trd, 431466.350, 78
Trd, 431466.517, 106
Trd, 431466.733, 97
Trd, 431466.967, 98
Trd, 431467.017, 95
Trd, 431467.117, 105
Trd, 431468.833, 109
Trd, 431469.250, 88
Trd, 431469.383, 87
Trd, 431469.700, 88
Trd, 431469.750, 89
Trd, 431470.833, 91
Trd, 431470.867, 89
Trd, 431471.317, 93
Trd, 431471.550, 89
Trd, 431472.117, 99
Trd, 431472.150, 103
Trd, 431472.300, 90
Trd, 431472.350, 106
Trd, 431472.617, 99
Trd, 431472.933, 88
Trd, 431472.950, 89
Trd, 431473.200, 107
Trd, 431473.250, 108
Trd, 431473.283, 88
Trd, 431473.817, 103
Trd, 431474.333, 110
Trd, 431474.583, 112
Trd, 431474.967, 95
Trd, 431475.033, 93
Trd, 431475.583, 92
Trd, 431475.867, 95
Trd, 431476.067, 96
Trd, 431476.233, 90
Trd, 431476.267, 83
Trd, 431476.483, 86
Trd, 431477.667, 105
Trd, 431477.933, 105
Trd, 431478.250, 105
Trd, 431478.783, 101
Trd, 431479.033, 95
Trd, 431479.167, 93
Trd, 431479.517, 98
Trd, 431479.617, 85
Trd, 431480.333, 86
Trd, 431480.350, 83
Trd, 431480.367, 82
Trd, 431480.583, 86
Trd, 431480.617, 96
Trd, 431481.350, 93
Trd, 431482.250, 98
Trd, 431482.367, 99
Trd, 431482.583, 101
Trd, 431482.700, 89
Trd, 431482.750, 112
Trd, 431483.183, 89
Trd, 431483.650, 104
Trd, 431483.950, 105
Trd, 431484.200, 104
Trd, 431484.817, 98
Trd, 431485.050, 103
Trd, 431485.517, 99
Trd, 431485.967, 99
Trd, 431486.217, 98
Trd, 431486.333, 105
Trd, 431486.350, 106
Trd, 431486.450, 109
Trd, 431486.567, 95
Trd, 431486.750, 90
Trd, 431487.083, 97
Trd, 431487.750, 90
Trd, 431488.667, 93
Trd, 431488.783, 101
Trd, 431489.083, 98
Trd, 431489.217, 90
Trd, 431489.383, 106
Trd, 431489.850, 89
Trd, 431490.150, 105
Trd, 431490.183, 118
Trd, 431490.350, 89
Trd, 431491.717, 92
Trd, 431492.067, 94
Trd, 431492.350, 88
Trd, 431492.650, 86
Trd, 431492.917, 93
Trd, 431493.133, 79
Trd, 431494.067, 87
Trd, 431494.150, 87
Trd, 431494.467, 88
Trd, 431494.833, 87
Trd, 431495.267, 88
Trd, 431495.617, 91
Trd, 431495.717, 91
Trd, 431495.833, 88
Trd, 431496.067, 91
Trd, 431496.117, 95
Trd, 431496.267, 98
Trd, 431496.867, 98
Trd, 431497.317, 95
Trd, 431497.867, 93
Trd, 431497.883, 101
Trd, 431497.950, 106
Trd, 431498.450, 105
Trd, 431498.667, 90
Trd, 431499.217, 82
Trd, 431499.533, 106
Trd, 431499.933, 108
Trd, 431500.117, 109
Trd, 431500.133, 104
Trd, 431500.367, 98
Trd, 431500.617, 83
Trd, 431501.217, 85
Trd, 431501.383, 86
Trd, 431501.683, 101
Trd, 431502.167, 101
Trd, 431502.250, 95
Trd, 431502.733, 101
Trd, 431503.217, 103
Trd, 431503.567, 91
Trd, 431504.400, 89
Trd, 431504.700, 83
Trd, 431505.200, 98
Trd, 431505.217, 90
Trd, 431505.500, 102
Trd, 431505.933, 103
Trd, 431505.983, 104
Trd, 431506.117, 100
Trd, 431506.383, 104
Trd, 431506.967, 100
Trd, 431507.033, 99
Trd, 431507.383, 104
Trd, 431507.617, 105
Trd, 431507.867, 103
Trd, 431508.033, 99
Trd, 431508.083, 106
Trd, 431508.483, 104
Trd, 431508.633, 97
Trd, 431508.917, 110
Trd, 431508.967, 98
Trd, 431509.150, 96
Trd, 431509.500, 95
Trd, 431510.467, 82
Trd, 431510.783, 83
Trd, 431511.167, 85
Trd, 431511.617, 93
Trd, 431512.050, 87
Trd, 431512.550, 98
Trd, 431513.017, 99
Trd, 431513.033, 90
Trd, 431513.100, 89
Trd, 431513.683, 101
Trd, 431514.217, 92
Trd, 431514.717, 102
Trd, 431514.983, 91
Trd, 431515.300, 100
Trd, 431515.617, 92
Trd, 431515.650, 100
Trd, 431515.800, 103
Trd, 431515.950, 98
Trd, 431516.267, 92
Trd, 431516.383, 91
Trd, 431516.433, 98
Trd, 431516.883, 98
Trd, 431517.650, 93
Trd, 431518.067, 104
Trd, 431518.317, 106
Trd, 431518.450, 112
Trd, 431518.967, 114
Trd, 431518.983, 96
Trd, 431519.417, 104
Trd, 431519.600, 98
Trd, 431520.167, 107
Trd, 431520.250, 102
Trd, 431520.283, 101
Trd, 431520.767, 105
Trd, 431520.933, 108
Trd, 431521.333, 104
Trd, 431521.517, 98
Trd, 431521.650, 110
Trd, 431522.067, 95
Trd, 431522.283, 90
Trd, 431522.567, 107
Trd, 431522.833, 88
Trd, 431523.183, 86
Trd, 431523.800, 100
Trd, 431524.133, 87
Trd, 431524.167, 91
Trd, 431524.433, 87
Trd, 431525.017, 93
Trd, 431525.583, 94
Trd, 431525.800, 97
Trd, 431526.183, 98
Trd, 431526.200, 101
Trd, 431526.250, 85
Trd, 431526.883, 101
Trd, 431527.100, 100
Trd, 431527.400, 96
Trd, 431528.217, 95
Trd, 431528.250, 97
Trd, 431528.333, 91
Trd, 431528.550, 100
Trd, 431529.067, 99
Trd, 431529.133, 91
Trd, 431529.250, 101
Trd, 431529.633, 102
Trd, 431529.667, 90
Trd, 431529.717, 106
Trd, 431530.233, 109
Trd, 431530.267, 112
Trd, 431530.333, 105
Trd, 431530.700, 98
Trd, 431530.850, 88
Trd, 431532.450, 107
Trd, 431533.033, 105
Trd, 431533.167, 103
Trd, 431534.367, 97
Trd, 431534.717, 95
Trd, 431534.800, 101
Trd, 431535.067, 100
Trd, 431535.250, 87
Trd, 431535.583, 100
Trd, 431536.183, 95
Trd, 431536.200, 94
Trd, 431536.267, 101
Trd, 431536.633, 91
Trd, 431536.767, 99
Trd, 431536.917, 101
Trd, 431537.317, 97
Trd, 431537.583, 112
Trd, 431537.683, 103
Trd, 431537.883, 91
Trd, 431538.333, 90
Trd, 431538.633, 92
Trd, 431539.033, 91
Trd, 431539.350, 93
Trd, 431539.517, 92
Trd, 431539.750, 94
Trd, 431539.967, 95
Trd, 431540.050, 98
Trd, 431540.567, 94
Trd, 431540.683, 93
Trd, 431541.100, 89
Trd, 431541.183, 86
Trd, 431541.200, 99
Trd, 431541.517, 101
Trd, 431541.550, 106
Trd, 431542.517, 97
Trd, 431542.900, 98
Trd, 431543.167, 105
Trd, 431543.817, 92
Trd, 431544.100, 105
Trd, 431545.117, 94
Trd, 431545.267, 92
Trd, 431545.633, 98
Trd, 431545.683, 90
Trd, 431546.283, 97
Trd, 431546.450, 98
Trd, 431546.700, 99
Trd, 431546.717, 86
Trd, 431547.017, 82
Trd, 431547.517, 88
Trd, 431547.650, 96
Trd, 431547.950, 98
Trd, 431548.133, 101
Trd, 431548.483, 93
Trd, 431548.550, 89
Trd, 431549.017, 90
Trd, 431549.333, 104
Trd, 431549.850, 97
Trd, 431549.950, 106
Trd, 431550.350, 111
Trd, 431550.583, 112
Trd, 431551.417, 117
Trd, 431551.767, 116
Trd, 431551.817, 112
Trd, 431552.067, 99
Trd, 431552.600, 104
Trd, 431552.783, 99
Trd, 431552.883, 116
Trd, 431553.167, 107
Trd, 431553.233, 97
Trd, 431553.833, 96
Trd, 431554.267, 95
Trd, 431554.383, 94
Trd, 431554.500, 90
Trd, 431554.517, 95
Trd, 431554.550, 96
Trd, 431554.733, 101
Trd, 431554.867, 112
Trd, 431555.133, 85
Trd, 431555.467, 85
Trd, 431555.633, 80
Trd, 431556.400, 105
Trd, 431556.933, 106
Trd, 431557.733, 91
Trd, 431558.217, 89
Trd, 431558.450, 88
Trd, 431558.483, 86
Trd, 431558.533, 90
Trd, 431559.150, 86
Trd, 431559.217, 92
Trd, 431559.550, 93
Trd, 431559.633, 90
Trd, 431559.833, 101
Trd, 431559.867, 106
Trd, 431560.100, 101
Trd, 431560.133, 97
Trd, 431560.183, 98
Trd, 431560.400, 92
Trd, 431560.567, 90
Trd, 431560.850, 111
Trd, 431561.550, 88
Trd, 431561.767, 103
Trd, 431562.817, 89
Trd, 431562.950, 89
Trd, 431563.100, 100
Trd, 431563.533, 87
Trd, 431563.667, 83
Trd, 431563.750, 81
Trd, 431564.650, 87
Trd, 431564.817, 88
Trd, 431564.933, 82
Trd, 431565.150, 82
Trd, 431565.967, 96
Trd, 431566.150, 96
Trd, 431566.383, 91
Trd, 431566.667, 103
Trd, 431567.267, 106
Trd, 431567.300, 101
Trd, 431567.333, 107
Trd, 431567.967, 92
Trd, 431568.067, 97
Trd, 431569.167, 94
Trd, 431569.383, 98
Trd, 431569.617, 105
Trd, 431569.650, 109
Trd, 431569.850, 98
Trd, 431570.117, 94
Trd, 431570.200, 93
Trd, 431570.483, 98
Trd, 431571.033, 100
Trd, 431571.333, 106
Trd, 431572.083, 104
Trd, 431572.283, 104
Trd, 431572.300, 102
Trd, 431572.733, 95
Trd, 431573.333, 105
Trd, 431573.567, 96
Trd, 431573.633, 97
Trd, 431573.750, 98
Trd, 431574.200, 95
Trd, 431574.600, 92
Trd, 431574.717, 103
Trd, 431575.033, 104
Trd, 431576.200, 93
Trd, 431576.333, 87
Trd, 431576.433, 95
Trd, 431577.550, 98
Trd, 431577.600, 94
Trd, 431577.683, 100
Trd, 431577.817, 94
Trd, 431578.500, 103
Trd, 431578.767, 94
Trd, 431579.483, 98
Trd, 431580.017, 97
Trd, 431580.500, 98
Trd, 431580.967, 99
Trd, 431580.983, 101
Trd, 431581.400, 104
Trd, 431581.550, 103
Trd, 431581.750, 103
Trd, 431582.100, 92
Trd, 431582.117, 91
Trd, 431582.417, 90
Trd, 431582.983, 100
Trd, 431583.167, 100
Trd, 431583.183, 87
Trd, 431583.200, 101
Trd, 431583.367, 79
Trd, 431583.400, 79
Trd, 431583.933, 84
Trd, 431584.617, 83
Trd, 431584.950, 95
Trd, 431585.067, 95
Trd, 431585.083, 96
Trd, 431585.567, 105
Trd, 431586.283, 105
Trd, 431587.150, 104
Trd, 431587.183, 106
Trd, 431587.233, 105
Trd, 431587.400, 104
Trd, 431587.550, 115
Trd, 431587.700, 100
Trd, 431587.983, 98
Trd, 431588.433, 95
Trd, 431588.700, 92
Trd, 431589.550, 103
Trd, 431589.683, 100
Trd, 431589.967, 106
Trd, 431590.083, 112
Trd, 431590.100, 101
Trd, 431590.233, 90
Trd, 431590.367, 115
Trd, 431590.617, 94
Trd, 431591.333, 102
Trd, 431592.083, 102
Trd, 431592.317, 100
Trd, 431592.333, 102
Trd, 431592.717, 101
Trd, 431592.900, 100
Trd, 431593.000, 104
Trd, 431593.217, 91
Trd, 431593.900, 106
Trd, 431594.433, 104
Trd, 431594.850, 103
Trd, 431595.350, 100
Trd, 431595.417, 98
Trd, 431595.467, 106
Trd, 431595.867, 104
Trd, 431596.100, 91
Trd, 431596.150, 109
Trd, 431596.217, 90
Trd, 431596.967, 91
Trd, 431597.067, 111
Trd, 431597.333, 115
Trd, 431597.883, 119
Trd, 431598.067, 98
Trd, 431598.083, 86
Trd, 431598.917, 85
Trd, 431599.433, 96
Trd, 431599.450, 85
Trd, 431599.717, 99
Trd, 431599.900, 98
Trd, 431600.517, 88
Trd, 431601.350, 87
Trd, 431601.850, 85
Trd, 431601.983, 96
Trd, 431602.300, 95
Trd, 431602.500, 97
Trd, 431602.600, 98
Trd, 431602.700, 98
Trd, 431602.983, 85
Trd, 431603.100, 99
Trd, 431603.317, 85
Trd, 431603.617, 100
Trd, 431603.933, 99
Trd, 431604.167, 101
Trd, 431604.200, 88
Trd, 431604.233, 104
Trd, 431604.650, 106
Trd, 431605.217, 93
Trd, 431606.150, 98
Trd, 431606.250, 102
Trd, 431606.400, 93
Trd, 431606.483, 90
Trd, 431606.550, 106
Trd, 431607.067, 111
Trd, 431607.100, 90
Trd, 431607.350, 86
Trd, 431607.933, 82
Trd, 431608.100, 84
Trd, 431608.117, 83
Trd, 431608.283, 90
Trd, 431608.717, 91
Trd, 431609.117, 99
Trd, 431609.550, 85
Trd, 431610.017, 100
Trd, 431610.283, 93
Trd, 431611.517, 95
Trd, 431611.933, 91
Trd, 431611.950, 92
Trd, 431611.983, 90
Trd, 431612.133, 95
Trd, 431612.183, 101
Trd, 431612.417, 98
Trd, 431612.783, 90
Trd, 431612.900, 87
Trd, 431613.017, 87
Trd, 431613.333, 98
Trd, 431615.000, 93
Trd, 431615.367, 94
Trd, 431615.783, 94
Trd, 431615.917, 97
Trd, 431616.183, 93
Trd, 431616.250, 101
Trd, 431616.650, 88
Trd, 431617.050, 89
Trd, 431617.100, 90
Trd, 431617.500, 90
Trd, 431617.850, 91
Trd, 431617.917, 88
Trd, 431618.000, 91
Trd, 431618.067, 87
Trd, 431618.117, 104
Trd, 431619.017, 89
Trd, 431619.100, 98
Trd, 431619.283, 104
Trd, 431620.467, 91
Trd, 431620.933, 94
Trd, 431621.133, 94
Trd, 431621.250, 100
Trd, 431621.650, 105
Trd, 431621.883, 105
Trd, 431621.983, 105
Trd, 431622.200, 104
Trd, 431622.283, 98
Trd, 431622.733, 112
Trd, 431622.900, 98
Trd, 431623.050, 97
Trd, 431623.267, 84
Trd, 431623.983, 89
Trd, 431624.000, 90
Trd, 431624.300, 83
Trd, 431624.867, 82
Trd, 431624.917, 83
Trd, 431624.967, 87
Trd, 431625.217, 79
Trd, 431625.533, 92
Trd, 431626.133, 91
Trd, 431626.667, 90
Trd, 431626.767, 101
Trd, 431627.400, 98
Trd, 431627.467, 94
Trd, 431627.550, 100
Trd, 431627.817, 105
Trd, 431628.350, 86
Trd, 431628.633, 85
Trd, 431629.333, 90
Trd, 431629.467, 86
Trd, 431629.667, 85
Trd, 431630.217, 89
Trd, 431630.283, 90
Trd, 431630.350, 93
Trd, 431630.367, 95
Trd, 431630.617, 97
Trd, 431631.017, 88
Trd, 431631.400, 103
Trd, 431631.417, 106
Trd, 431632.050, 108
Trd, 431632.367, 86
Trd, 431632.550, 109
Trd, 431632.633, 99
Trd, 431633.267, 87
Trd, 431633.500, 82
Trd, 431633.517, 102
Trd, 431633.833, 105
Trd, 431634.317, 85
Trd, 431634.533, 84
Trd, 431634.717, 91
Trd, 431635.117, 88
Trd, 431635.850, 90
Trd, 431636.133, 97
Trd, 431636.150, 101
Trd, 431636.717, 104
Trd, 431636.967, 91
Trd, 431637.017, 106
Trd, 431637.183, 101
Trd, 431637.500, 109
Trd, 431637.917, 96
Trd, 431638.133, 98
Trd, 431638.333, 100
Trd, 431639.467, 100
Trd, 431639.500, 102
Trd, 431639.533, 95
Trd, 431639.917, 104
Trd, 431640.267, 95
Trd, 431640.450, 82
Trd, 431640.733, 82
Trd, 431640.767, 104
Trd, 431641.867, 86
Trd, 431641.900, 106
Trd, 431642.233, 95
Trd, 431642.367, 87
Trd, 431642.783, 87
Trd, 431642.817, 100
Trd, 431643.667, 93
Trd, 431644.050, 106
Trd, 431644.100, 100
Trd, 431644.167, 99
Trd, 431644.483, 107
Trd, 431644.767, 109
Trd, 431644.833, 115
Trd, 431644.917, 106
Trd, 431645.533, 114
Trd, 431645.633, 113
Trd, 431645.667, 104
Trd, 431645.717, 104
Trd, 431645.850, 98
Trd, 431646.900, 98
Trd, 431646.917, 111
Trd, 431647.233, 95
Trd, 431647.317, 87
Trd, 431647.600, 86
Trd, 431647.933, 109
Trd, 431648.050, 97
Trd, 431649.283, 110
Trd, 431649.717, 100
Trd, 431650.017, 104
Trd, 431650.117, 101
Trd, 431650.367, 99
Trd, 431650.517, 101
Trd, 431651.217, 108
Trd, 431651.583, 105
Trd, 431652.017, 104
Trd, 431652.133, 98
Trd, 431652.550, 100
Trd, 431653.400, 101
Trd, 431653.417, 90
Trd, 431653.767, 88
Trd, 431653.967, 100
Trd, 431654.500, 95
Trd, 431654.867, 95
Trd, 431655.033, 101
Trd, 431655.067, 93
Trd, 431655.567, 106
Trd, 431655.917, 104
Trd, 431656.083, 109
Trd, 431656.283, 91
Trd, 431656.383, 98
Trd, 431656.700, 98
Trd, 431656.933, 98
Trd, 431656.950, 97
Trd, 431657.317, 92
Trd, 431657.467, 91
Trd, 431658.600, 95
Trd, 431658.900, 99
Trd, 431659.033, 99
Trd, 431659.050, 101
Trd, 431659.083, 91
Trd, 431659.233, 92
Trd, 431659.267, 106
Trd, 431660.083, 109
Trd, 431660.450, 94
Trd, 431660.500, 90
Trd, 431660.883, 82
Trd, 431661.333, 90
Trd, 431662.100, 103
Trd, 431662.367, 103
Trd, 431662.950, 100
Trd, 431662.967, 105
Trd, 431663.683, 100
Trd, 431663.750, 100
Trd, 431663.767, 98
Trd, 431663.783, 95
Trd, 431663.950, 105
Trd, 431664.183, 91
Trd, 431664.533, 87
Trd, 431665.533, 96
Trd, 431665.583, 97
Trd, 431666.233, 106
Trd, 431666.433, 84
Trd, 431666.900, 98
Trd, 431667.717, 109
Trd, 431667.933, 98
Trd, 431667.983, 91
Trd, 431668.167, 115
Trd, 431668.883, 100
Trd, 431668.983, 99
Trd, 431669.050, 98
Trd, 431669.183, 114
Trd, 431669.267, 104
Trd, 431669.667, 109
Trd, 431669.833, 102
Trd, 431670.133, 107
Trd, 431670.650, 102
Trd, 431671.200, 102
Trd, 431671.300, 104
Trd, 431671.333, 101
Trd, 431671.450, 95
Trd, 431672.217, 91
Trd, 431673.083, 96
Trd, 431673.300, 87
Trd, 431673.333, 101
Trd, 431673.833, 97
Trd, 431674.900, 98
Trd, 431674.967, 98
Trd, 431675.050, 98
Trd, 431675.233, 102
Trd, 431675.433, 103
Trd, 431675.917, 105
Trd, 431676.083, 109
Trd, 431676.417, 110
Trd, 431677.483, 99
Trd, 431677.500, 110
Trd, 431677.783, 97
Trd, 431677.817, 107
Trd, 431677.900, 110
Trd, 431678.517, 97
Trd, 431678.600, 95
Trd, 431678.683, 90
Trd, 431678.817, 85
Trd, 431679.650, 88
Trd, 431679.767, 87
Trd, 431680.600, 97
Trd, 431681.133, 92
Trd, 431681.383, 99
Trd, 431681.617, 101
Trd, 431681.683, 88
Trd, 431681.817, 89
Trd, 431682.050, 106
Trd, 431682.317, 107
Trd, 431682.650, 102
Trd, 431682.750, 111
Trd, 431683.200, 103
Trd, 431683.750, 104
Trd, 431683.850, 105
Trd, 431683.950, 102
Trd, 431684.733, 103
Trd, 431685.433, 102
Trd, 431685.500, 101
Trd, 431685.933, 96
Trd, 431686.000, 102
Trd, 431686.133, 96
Trd, 431686.317, 103
Trd, 431686.767, 95
Trd, 431687.067, 93
Trd, 431687.383, 90
Trd, 431687.650, 90
Trd, 431688.600, 94
Trd, 431688.867, 87
Trd, 431689.233, 81
Trd, 431689.517, 81
Trd, 431689.683, 96
Trd, 431689.733, 80
Trd, 431689.867, 97
Trd, 431690.600, 100
Trd, 431690.867, 101
Trd, 431691.550, 104
Trd, 431691.767, 100
Trd, 431691.817, 106
Trd, 431691.933, 97
Trd, 431692.017, 96
Trd, 431692.167, 95
Trd, 431692.750, 91
Trd, 431692.850, 108
Trd, 431693.483, 100
Trd, 431694.050, 92
Trd, 431694.100, 97
Trd, 431694.117, 98
Trd, 431694.150, 94
Trd, 431694.283, 98
Trd, 431695.067, 90
Trd, 431695.283, 89
Trd, 431695.617, 90
Trd, 431696.017, 92
Trd, 431696.167, 95
Trd, 431696.383, 90
Trd, 431696.650, 90
Trd, 431696.850, 112
Trd, 431696.900, 90
Trd, 431697.183, 104
Trd, 431697.333, 90
Trd, 431697.983, 100
Trd, 431698.200, 98
Trd, 431698.333, 87
Trd, 431698.950, 109
Trd, 431699.850, 107
Trd, 431700.017, 105
Trd, 431700.267, 105
Trd, 431700.550, 104
Trd, 431701.150, 107
Trd, 431701.417, 101
Trd, 431701.450, 108
Trd, 431701.933, 95
Trd, 431702.483, 108
Trd, 431702.833, 95
Trd, 431702.867, 90
Trd, 431703.117, 98
Trd, 431703.233, 91
Trd, 431703.283, 82
Trd, 431703.967, 103
Trd, 431704.050, 89
Trd, 431704.467, 87
Trd, 431705.000, 102
Trd, 431705.100, 79
Trd, 431705.350, 105
Trd, 431705.550, 99
Trd, 431705.633, 109
Trd, 431705.967, 107
Trd, 431706.083, 109
Trd, 431706.150, 98
Trd, 431706.383, 103
Trd, 431706.717, 102
Trd, 431706.833, 90
Trd, 431706.867, 88
Trd, 431707.183, 103
Trd, 431707.500, 104
Trd, 431707.650, 104
Trd, 431708.283, 105
Trd, 431708.417, 99
Trd, 431708.500, 98
Trd, 431708.583, 95
Trd, 431710.067, 92
Trd, 431710.533, 92
Trd, 431710.583, 90
Trd, 431710.650, 87
Trd, 431710.733, 97
Trd, 431710.800, 99
Trd, 431710.950, 86
Trd, 431711.333, 83
Trd, 431711.767, 93
Trd, 431712.900, 105
Trd, 431713.067, 104
Trd, 431713.600, 104
Trd, 431713.833, 105
Trd, 431714.050, 100
Trd, 431714.067, 106
Trd, 431714.300, 106
Trd, 431714.333, 99
Trd, 431714.483, 110
Trd, 431714.683, 116
Trd, 431714.883, 115
Trd, 431714.950, 91
Trd, 431715.417, 117
Trd, 431716.133, 115
Trd, 431716.517, 101
Trd, 431716.900, 101
Trd, 431717.233, 97
Trd, 431717.400, 101
Trd, 431718.350, 101
Trd, 431718.717, 96
Trd, 431718.800, 95
Trd, 431718.883, 101
Trd, 431719.383, 102
Trd, 431719.567, 99
Trd, 431720.033, 104
Trd, 431720.417, 110
Trd, 431720.633, 84
Trd, 431721.200, 82
Trd, 431721.650, 86
Trd, 431721.733, 87
Trd, 431721.783, 89
Trd, 431721.883, 90
Trd, 431721.900, 92
Trd, 431722.083, 84
Trd, 431722.217, 93
Trd, 431722.767, 87
Trd, 431723.283, 93
Trd, 431723.617, 99
Trd, 431723.817, 92
Trd, 431724.617, 93
Trd, 431724.783, 92
Trd, 431724.967, 95
Trd, 431725.100, 90
Trd, 431725.167, 99
Trd, 431725.367, 101
Trd, 431725.383, 106
Trd, 431725.783, 93
Trd, 431726.100, 98
Trd, 431726.283, 106
Trd, 431727.467, 110
Trd, 431727.717, 103
Trd, 431727.817, 102
Trd, 431727.933, 109
Trd, 431728.217, 101
Trd, 431728.383, 90
Trd, 431728.400, 110
Trd, 431728.900, 102
Trd, 431728.950, 86
Trd, 431729.250, 88
Trd, 431729.533, 87
Trd, 431729.867, 87
Trd, 431730.000, 98
Trd, 431730.317, 98
Trd, 431730.333, 104
Trd, 431730.683, 93
Trd, 431731.367, 88
Trd, 431732.183, 87
Trd, 431732.367, 106
Trd, 431732.483, 101
Trd, 431732.583, 82
Trd, 431733.000, 88
Trd, 431734.100, 101
Trd, 431734.350, 100
Trd, 431734.767, 99
Trd, 431735.100, 100
Trd, 431735.417, 104
Trd, 431735.483, 100
Trd, 431735.617, 100
Trd, 431735.650, 99
Trd, 431736.450, 98
Trd, 431737.417, 102
Trd, 431737.467, 103
Trd, 431737.617, 104
Trd, 431737.883, 95
Trd, 431737.983, 97
Trd, 431738.017, 93
Trd, 431738.633, 89
Trd, 431738.700, 88
Trd, 431738.917, 104
Trd, 431739.200, 102
Trd, 431739.583, 104
Trd, 431739.867, 105
Trd, 431739.917, 106
Trd, 431740.300, 86
Trd, 431740.333, 112
Trd, 431740.917, 85
Trd, 431740.967, 82
Trd, 431741.217, 111
Trd, 431741.483, 98
Trd, 431741.800, 83
Trd, 431742.033, 80
Trd, 431742.717, 91
Trd, 431743.000, 84
Trd, 431743.350, 85
Trd, 431743.517, 87
Trd, 431743.717, 88
Trd, 431744.033, 93
Trd, 431744.483, 93
Trd, 431744.800, 92
Trd, 431745.433, 101
Trd, 431745.883, 93
Trd, 431746.467, 96
Trd, 431746.617, 99
Trd, 431747.083, 97
Trd, 431747.100, 101
Trd, 431747.133, 105
Trd, 431747.183, 94
Trd, 431747.250, 93
Trd, 431747.383, 105
Trd, 431747.417, 106
Trd, 431748.133, 100
Trd, 431748.717, 99
Trd, 431748.950, 98
Trd, 431749.333, 97
Trd, 431749.467, 96
Trd, 431750.117, 104
Trd, 431750.133, 107
Trd, 431750.850, 98
Trd, 431750.950, 112
Trd, 431751.767, 111
Trd, 431752.117, 100
Trd, 431752.183, 98
Trd, 431752.217, 97
Trd, 431752.583, 103
Trd, 431752.917, 95
Trd, 431753.150, 90
Trd, 431753.200, 84
Trd, 431753.300, 106
Trd, 431753.567, 93
Trd, 431754.250, 99
Trd, 431754.617, 97
Trd, 431755.133, 98
Trd, 431755.183, 99
Trd, 431755.400, 106
Trd, 431755.467, 87
Trd, 431756.300, 100
Trd, 431756.900, 97
Trd, 431757.383, 93
Trd, 431757.417, 91
Trd, 431757.617, 97
Trd, 431757.750, 90
Trd, 431758.150, 88
Trd, 431758.233, 98
Trd, 431758.317, 101
Trd, 431759.233, 104
Trd, 431759.383, 105
Trd, 431759.433, 90
Trd, 431761.150, 103
Trd, 431761.233, 92
Trd, 431761.817, 89
Trd, 431762.000, 96
Trd, 431762.100, 87
Trd, 431762.233, 97
Trd, 431763.000, 84
Trd, 431763.150, 84
Trd, 431763.217, 91
Trd, 431763.583, 83
Trd, 431763.683, 97
Trd, 431763.767, 98
Trd, 431763.817, 101
Trd, 431764.217, 101
Trd, 431764.233, 103
Trd, 431764.400, 82
Trd, 431764.567, 102
Trd, 431764.833, 106
Trd, 431765.100, 101
Trd, 431765.500, 111
Trd, 431765.667, 112
Trd, 431765.933, 96
Trd, 431766.633, 112
Trd, 431766.733, 111
Trd, 431767.050, 104
Trd, 431767.217, 95
Trd, 431767.367, 99
Trd, 431768.617, 105
Trd, 431769.217, 89
Trd, 431769.233, 84
Trd, 431769.250, 92
Trd, 431769.683, 96
Trd, 431769.700, 83
Trd, 431769.733, 82
Trd, 431770.283, 97
Trd, 431770.867, 97
Trd, 431770.900, 96
Trd, 431771.433, 100
Trd, 431771.750, 98
Trd, 431772.233, 99
Trd, 431772.317, 97
Trd, 431772.667, 98
Trd, 431772.700, 97
Trd, 431772.750, 95
Trd, 431773.050, 90
Trd, 431773.333, 103
Trd, 431773.350, 104
Trd, 431773.417, 105
Trd, 431773.933, 91
Trd, 431774.650, 90
Trd, 431775.083, 111
Trd, 431775.817, 95
Trd, 431776.783, 99
Trd, 431777.083, 98
Trd, 431777.567, 97
Trd, 431777.617, 97
Trd, 431777.933, 95
Trd, 431778.133, 97
Trd, 431778.150, 89
Trd, 431778.267, 98
Trd, 431778.383, 84
Trd, 431778.567, 85
Trd, 431779.083, 98
Trd, 431779.733, 85
Trd, 431779.817, 94
Trd, 431780.250, 95
Trd, 431780.433, 89
Trd, 431780.483, 101
Trd, 431780.900, 104
Trd, 431781.067, 106
Trd, 431781.250, 90
Trd, 431781.767, 90
Trd, 431781.783, 91
Trd, 431781.900, 89
Trd, 431782.667, 87
Trd, 431782.817, 86
Trd, 431783.900, 100
Trd, 431784.333, 100
Trd, 431784.383, 101
Trd, 431784.433, 101
Trd, 431784.617, 97
Trd, 431785.167, 97
Trd, 431785.450, 104
Trd, 431785.883, 98
Trd, 431786.017, 104
Trd, 431786.133, 88
Trd, 431786.300, 98
Trd, 431786.550, 106
Trd, 431786.817, 95
Trd, 431786.983, 89
Trd, 431787.350, 88
Trd, 431787.667, 87
Trd, 431787.717, 106
Trd, 431788.267, 111
Trd, 431788.700, 112
Trd, 431788.817, 104
Trd, 431788.900, 103
Trd, 431789.017, 87
Trd, 431789.550, 91
Trd, 431789.800, 101
Trd, 431790.650, 111
Trd, 431791.500, 82
Trd, 431791.767, 90
Trd, 431791.983, 93
Trd, 431792.217, 85
Trd, 431792.833, 98
Trd, 431793.167, 89
Trd, 431793.333, 98
Trd, 431793.367, 99
Trd, 431793.500, 101
Trd, 431793.533, 107
Trd, 431793.567, 90
Trd, 431793.950, 91
Trd, 431794.200, 98
Trd, 431794.283, 111
Trd, 431794.633, 91
Trd, 431795.933, 91
Trd, 431795.967, 108
Trd, 431796.200, 90
Trd, 431796.400, 109
Trd, 431796.417, 87
Trd, 431796.667, 101
Trd, 431796.950, 100
Trd, 431797.033, 76
Trd, 431797.217, 85
Trd, 431797.783, 107
Trd, 431798.017, 108
Trd, 431798.417, 99
Trd, 431798.467, 107
Trd, 431798.650, 96
Trd, 431799.450, 109
Trd, 431799.600, 95
Trd, 431800.917, 100
Trd, 431801.300, 106
Trd, 431801.350, 106
Trd, 431801.417, 110
Trd, 431801.450, 97
Trd, 431801.633, 95
Trd, 431801.983, 102
Trd, 431802.650, 103
Trd, 431803.417, 106
Trd, 431803.450, 101
Trd, 431803.533, 97
Trd, 431803.900, 100
Trd, 431804.550, 96
Trd, 431804.733, 95
Trd, 431805.150, 104
Trd, 431805.417, 92
Trd, 431805.633, 90
Trd, 431805.667, 104
Trd, 431806.333, 98
Trd, 431806.733, 100
Trd, 431807.100, 92
Trd, 431807.167, 101
Trd, 431807.700, 90
Trd, 431807.883, 89
Trd, 431808.417, 102
Trd, 431808.567, 86
Trd, 431808.900, 106
Trd, 431809.033, 109
Trd, 431809.667, 103
Trd, 431809.983, 101
Trd, 431810.567, 110
Trd, 431810.617, 100
Trd, 431811.283, 86
Trd, 431811.300, 84
Trd, 431812.050, 85
Trd, 431812.833, 83
Trd, 431813.017, 85
Trd, 431813.117, 106
Trd, 431813.750, 94
Trd, 431814.033, 96
Trd, 431814.283, 93
Trd, 431814.400, 87
Trd, 431814.583, 88
Trd, 431814.617, 97
Trd, 431815.117, 101
Trd, 431815.583, 97
Trd, 431815.683, 102
Trd, 431815.883, 97
Trd, 431815.967, 96
Trd, 431816.400, 103
Trd, 431816.450, 106
Trd, 431817.217, 106
Trd, 431817.317, 101
Trd, 431817.533, 104
Trd, 431817.633, 109
Trd, 431817.800, 101
Trd, 431818.117, 97
Trd, 431818.550, 100
Trd, 431818.567, 101
Trd, 431819.067, 96
Trd, 431819.133, 95
Trd, 431819.950, 92
Trd, 431820.050, 93
Trd, 431820.700, 96
Trd, 431820.717, 97
Trd, 431821.050, 111
Trd, 431821.333, 108
Trd, 431821.467, 95
Trd, 431821.650, 104
Trd, 431822.883, 95
Trd, 431822.967, 95
Trd, 431823.400, 97
Trd, 431823.567, 93
Trd, 431823.950, 95
Trd, 431824.000, 90
Trd, 431824.300, 87
Trd, 431824.650, 89
Trd, 431825.350, 97
Trd, 431825.683, 97
Trd, 431825.950, 96
Trd, 431826.917, 88
Trd, 431827.033, 96
Trd, 431827.317, 97
Trd, 431827.350, 88
Trd, 431827.400, 98
Trd, 431827.817, 98
Trd, 431828.033, 100
Trd, 431828.233, 91
Trd, 431829.083, 104
Trd, 431829.300, 105
Trd, 431829.333, 107
Trd, 431829.450, 90
Trd, 431829.633, 88
Trd, 431829.750, 108
Trd, 431830.017, 86
Trd, 431830.350, 103
Trd, 431830.683, 79
Trd, 431830.833, 108
Trd, 431831.150, 84
Trd, 431831.400, 89
Trd, 431831.650, 93
Trd, 431831.700, 98
Trd, 431832.167, 80
Trd, 431832.300, 90
Trd, 431832.483, 97
Trd, 431833.817, 100
Trd, 431834.133, 98
Trd, 431834.217, 101
Trd, 431835.033, 101
Trd, 431835.267, 97
Trd, 431835.300, 96
Trd, 431835.333, 102
Trd, 431836.150, 95
Trd, 431836.883, 92
Trd, 431836.917, 90
Trd, 431836.933, 95
Trd, 431837.183, 106
Trd, 431837.250, 94
Trd, 431837.867, 106
Trd, 431838.183, 108
Trd, 431838.250, 106
Trd, 431838.767, 109
Trd, 431838.950, 105
Trd, 431839.617, 104
Trd, 431839.767, 105
Trd, 431839.850, 101
Trd, 431840.250, 96
Trd, 431840.400, 103
Trd, 431840.700, 94
Trd, 431841.033, 104
Trd, 431841.300, 107
Trd, 431841.517, 96
Trd, 431841.667, 107
Trd, 431842.350, 105
Trd, 431843.117, 106
Trd, 431843.317, 103
Trd, 431843.350, 100
Trd, 431843.500, 96
Trd, 431843.683, 95
Trd, 431843.800, 95
Trd, 431843.967, 96
Trd, 431844.250, 100
Trd, 431844.433, 101
Trd, 431844.733, 83
Trd, 431845.183, 82
Trd, 431846.200, 84
Trd, 431846.250, 81
Trd, 431846.267, 95
Trd, 431846.467, 105
Trd, 431847.017, 98
Trd, 431847.950, 84
Trd, 431848.400, 85
Trd, 431849.117, 102
Trd, 431849.233, 100
Trd, 431849.400, 90
Trd, 431849.517, 88
Trd, 431849.683, 93
Trd, 431850.433, 100
Trd, 431850.567, 103
Trd, 431850.683, 100
Trd, 431851.150, 100
Trd, 431851.783, 102
Trd, 431851.800, 106
Trd, 431852.183, 96
Trd, 431852.583, 98
Trd, 431852.650, 107
Trd, 431853.183, 96
Trd, 431853.417, 92
Trd, 431853.567, 91
Trd, 431853.700, 92
Trd, 431854.500, 81
Trd, 431854.700, 93
Trd, 431854.767, 85
Trd, 431855.033, 81
Trd, 431855.150, 86
Trd, 431855.167, 99
Trd, 431856.550, 90
Trd, 431856.717, 85
Trd, 431856.767, 91
Trd, 431857.400, 88
Trd, 431857.533, 87
Trd, 431857.883, 85
Trd, 431858.033, 89
Trd, 431858.300, 85
Trd, 431858.583, 93
Trd, 431858.633, 82
Trd, 431858.717, 101
Trd, 431858.933, 95
Trd, 431859.183, 80
Trd, 431859.467, 100
Trd, 431859.533, 104
Trd, 431859.650, 79
Trd, 431859.950, 106
Trd, 431860.467, 112
Trd, 431860.533, 119
Trd, 431860.967, 106
Trd, 431861.267, 105
Trd, 431861.433, 119
Trd, 431862.033, 115
Trd, 431862.733, 108
Trd, 431862.767, 107
Trd, 431862.800, 108
Trd, 431862.883, 100
Trd, 431863.533, 109
Trd, 431863.733, 99
Trd, 431863.967, 98
Trd, 431864.517, 103
Trd, 431864.950, 95
Trd, 431865.083, 90
Trd, 431865.183, 104
Trd, 431865.650, 86
Trd, 431866.017, 93
Trd, 431866.133, 94
Trd, 431867.267, 101
Trd, 431867.283, 86
Trd, 431867.600, 100
Trd, 431868.117, 88
Trd, 431868.500, 89
Trd, 431868.650, 89
Trd, 431869.167, 89
Trd, 431869.283, 88
Trd, 431870.000, 94
Trd, 431870.183, 94
Trd, 431870.250, 95
Trd, 431870.483, 96
Trd, 431870.500, 101
Trd, 431870.517, 106
Trd, 431870.917, 98
Trd, 431871.417, 107
Trd, 431872.467, 101
Trd, 431872.817, 92
Trd, 431873.533, 100
Trd, 431873.867, 94
Trd, 431874.583, 95
Trd, 431874.733, 97
Trd, 431874.917, 99
Trd, 431875.250, 97
Trd, 431875.400, 98
Trd, 431876.067, 97
Trd, 431876.483, 98
Trd, 431876.600, 101
Trd, 431876.683, 97
Trd, 431876.983, 95
Trd, 431877.017, 90
Trd, 431877.183, 106
Trd, 431877.433, 108
Trd, 431878.167, 101
Trd, 431878.233, 87
Trd, 431878.667, 94
Trd, 431879.117, 87
Trd, 431879.717, 107
Trd, 431879.883, 104
Trd, 431880.383, 105
Trd, 431880.550, 104
Trd, 431880.733, 108
Trd, 431880.833, 104
Trd, 431881.067, 112
Trd, 431881.300, 95
Trd, 431881.367, 85
Trd, 431881.483, 112
Trd, 431881.583, 98
Trd, 431881.633, 83
Trd, 431881.667, 87
Trd, 431882.300, 87
Trd, 431882.650, 98
Trd, 431883.100, 99
Trd, 431883.967, 82
Trd, 431884.633, 87
Trd, 431885.267, 91
Trd, 431885.567, 96
Trd, 431885.667, 93
Trd, 431885.683, 96
Trd, 431885.917, 97
Trd, 431885.933, 101
Trd, 431886.033, 104
Trd, 431886.250, 106
Trd, 431886.667, 95
Trd, 431886.750, 92
Trd, 431886.900, 101
Trd, 431886.950, 111
Trd, 431887.333, 89
Trd, 431887.667, 95
Trd, 431888.133, 98
Trd, 431888.400, 90
Trd, 431888.517, 87
Trd, 431888.583, 88
Trd, 431889.750, 105
Trd, 431889.950, 105
Trd, 431890.500, 99
Trd, 431890.583, 98
Trd, 431890.850, 87
Trd, 431891.400, 107
Trd, 431891.433, 108
Trd, 431892.033, 102
Trd, 431892.133, 101
Trd, 431892.183, 89
Trd, 431892.283, 87
Trd, 431892.383, 110
Trd, 431892.967, 111
Trd, 431893.033, 85
Trd, 431893.133, 108
Trd, 431893.283, 84
Trd, 431894.283, 110
Trd, 431894.450, 104
Trd, 431894.667, 112
Trd, 431895.017, 103
Trd, 431895.433, 103
Trd, 431895.900, 96
Trd, 431896.850, 93
Trd, 431896.867, 95
Trd, 431897.000, 96
Trd, 431897.650, 99
Trd, 431897.750, 90
Trd, 431897.917, 88
Trd, 431898.400, 100
Trd, 431898.667, 112
Trd, 431898.733, 111
Trd, 431898.750, 89
Trd, 431899.083, 89
Trd, 431900.150, 90
Trd, 431900.850, 95
Trd, 431901.100, 93
Trd, 431901.483, 92
Trd, 431901.917, 90
Trd, 431902.083, 99
Trd, 431902.300, 99
Trd, 431902.383, 88
Trd, 431902.750, 88
Trd, 431902.883, 87
Trd, 431903.100, 100
Trd, 431903.583, 87
Trd, 431903.833, 95
Trd, 431904.500, 100
Trd, 431904.750, 101
Trd, 431905.350, 87
Trd, 431905.700, 87
Trd, 431905.783, 92
Trd, 431905.817, 109
Trd, 431905.983, 110
Trd, 431906.117, 83
Trd, 431906.183, 112
Trd, 431906.550, 82
Trd, 431906.883, 117
Trd, 431907.083, 114
Trd, 431907.483, 98
Trd, 431908.267, 109
Trd, 431908.333, 103
Trd, 431909.117, 89
Trd, 431909.200, 96
Trd, 431909.700, 91
Trd, 431909.800, 91
Trd, 431910.367, 95
Trd, 431910.900, 95
Trd, 431911.300, 93
Trd, 431911.533, 97
Trd, 431911.967, 99
Trd, 431912.217, 99
Trd, 431912.250, 95
Trd, 431912.283, 90
Trd, 431912.950, 95
Trd, 431913.217, 99
Trd, 431913.267, 95
Trd, 431913.317, 101
Trd, 431913.700, 104
Trd, 431914.250, 103
Trd, 431914.400, 105
Trd, 431914.800, 101
Trd, 431914.917, 103
Trd, 431915.017, 101
Trd, 431915.050, 98
Trd, 431915.483, 90
Trd, 431915.600, 87
Trd, 431915.833, 97
Trd, 431915.900, 98
Trd, 431916.517, 100
Trd, 431916.600, 105
Trd, 431916.717, 106
Trd, 431917.017, 109
Trd, 431917.233, 104
Trd, 431917.367, 90
Trd, 431917.767, 105
Trd, 431917.967, 86
Trd, 431918.450, 98
Trd, 431919.967, 104
Trd, 431920.450, 85
Trd, 431920.467, 83
Trd, 431921.267, 102
Trd, 431921.983, 89
Trd, 431922.117, 88
Trd, 431922.450, 87
Trd, 431923.300, 87
Trd, 431923.333, 93
Trd, 431924.033, 98
Trd, 431924.300, 101
Trd, 431924.817, 90
Trd, 431924.967, 101
Trd, 431925.233, 96
Trd, 431925.317, 89
Trd, 431925.467, 88
Trd, 431925.933, 101
Trd, 431926.083, 101
Trd, 431926.317, 86
Trd, 431926.817, 98
Trd, 431926.967, 89
Trd, 431927.233, 98
Trd, 431927.433, 109
Trd, 431927.533, 103
Trd, 431927.800, 111
Trd, 431927.833, 104
Trd, 431928.300, 110
Trd, 431928.500, 90
Trd, 431928.667, 108
Trd, 431928.717, 109
Trd, 431929.917, 87
Trd, 431930.133, 104
Trd, 431930.700, 98
Trd, 431931.317, 98
Trd, 431931.667, 104
Trd, 431931.700, 102
Trd, 431931.817, 101
Trd, 431932.183, 97
Trd, 431932.633, 95
Trd, 431933.167, 104
Trd, 431933.433, 107
Trd, 431934.117, 90
Trd, 431934.483, 103
Trd, 431934.950, 89
Trd, 431935.200, 88
Trd, 431935.233, 86
Trd, 431935.350, 93
Trd, 431935.583, 94
Trd, 431936.133, 85
Trd, 431936.200, 97
Trd, 431936.717, 101
Trd, 431937.600, 103
Trd, 431938.033, 105
Trd, 431938.067, 95
Trd, 431938.133, 94
Trd, 431938.300, 96
Trd, 431938.567, 102
Trd, 431938.967, 100
Trd, 431939.250, 99
Trd, 431939.500, 104
Trd, 431939.767, 99
Trd, 431940.117, 104
Trd, 431940.383, 95
Trd, 431940.800, 104
Trd, 431941.133, 98
Trd, 431941.783, 103
Trd, 431942.133, 101
Trd, 431942.250, 102
Trd, 431942.567, 102
Trd, 431943.283, 100
Trd, 431943.333, 99
Trd, 431943.350, 103
Trd, 431943.517, 105
Trd, 431943.767, 98
Trd, 431944.150, 97
Trd, 431944.500, 106
Trd, 431945.383, 99
Trd, 431945.400, 98
Trd, 431945.850, 99
Trd, 431945.917, 97
Trd, 431946.050, 101
Trd, 431946.067, 103
Trd, 431946.850, 87
Trd, 431947.117, 86
Trd, 431947.250, 98
Trd, 431947.500, 90
Trd, 431948.433, 106
Trd, 431948.733, 82
Trd, 431949.933, 88
Trd, 431949.967, 104
Trd, 431950.017, 86
Trd, 431950.267, 89
Trd, 431950.283, 90
Trd, 431950.917, 94
Trd, 431951.333, 93
Trd, 431951.517, 101
Trd, 431951.617, 106
Trd, 431951.833, 96
Trd, 431951.850, 110
Trd, 431952.133, 108
Trd, 431952.667, 94
Trd, 431952.800, 100
Trd, 431953.667, 104
Trd, 431953.833, 96
Trd, 431954.467, 95
Trd, 431954.850, 101
Trd, 431955.150, 91
Trd, 431955.450, 90
Trd, 431955.567, 90
Trd, 431955.600, 99
Trd, 431956.333, 96
Trd, 431956.533, 82
Trd, 431956.617, 97
Trd, 431957.067, 98
Trd, 431957.550, 112
Trd, 431958.083, 89
Trd, 431958.783, 87
Trd, 431958.867, 102
Trd, 431958.983, 83
Trd, 431959.183, 99
Trd, 431959.250, 104
Trd, 431959.550, 105
Trd, 431959.817, 98
Trd, 431959.833, 109
Trd, 431961.300, 105
Trd, 431961.883, 106
Trd, 431961.900, 104
Trd, 431962.383, 104
Trd, 431962.400, 103
Trd, 431962.433, 106
Trd, 431962.633, 102
Trd, 431962.950, 102
Trd, 431963.117, 101
Trd, 431963.317, 95
Trd, 431963.383, 90
Trd, 431963.433, 105
Trd, 431963.667, 106
Trd, 431963.850, 107
Trd, 431964.817, 99
Trd, 431965.133, 98
Trd, 431965.150, 102
Trd, 431965.417, 90
Trd, 431965.617, 104
Trd, 431965.750, 105
Trd, 431965.883, 84
Trd, 431966.667, 85
Trd, 431967.583, 99
Trd, 431967.667, 99
Trd, 431967.800, 105
Trd, 431968.200, 106
Trd, 431968.267, 106
Trd, 431968.467, 110
Trd, 431968.683, 103
Trd, 431968.700, 100
Trd, 431969.050, 102
Trd, 431969.600, 100
Trd, 431969.617, 97
Trd, 431969.650, 95
Trd, 431969.700, 109
Trd, 431969.983, 110
Trd, 431970.200, 95
Trd, 431970.633, 112
Trd, 431971.333, 84
Trd, 431971.767, 117
Trd, 431971.867, 117
Trd, 431972.550, 101
Trd, 431972.633, 100
Trd, 431972.650, 87
Trd, 431973.000, 84
Trd, 431973.567, 104
Trd, 431973.733, 103
Trd, 431974.033, 92
Trd, 431974.150, 91
Trd, 431974.233, 90
Trd, 431974.617, 104
Trd, 431975.383, 97
Trd, 431975.417, 98
Trd, 431975.833, 97
Trd, 431976.033, 95
Trd, 431976.217, 95
Trd, 431976.533, 103
Trd, 431976.700, 104
Trd, 431977.317, 95
Trd, 431978.417, 98
Trd, 431978.433, 103
Trd, 431978.750, 98
Trd, 431978.867, 97
Trd, 431979.550, 98
Trd, 431979.800, 104
Trd, 431980.000, 95
Trd, 431980.217, 104
Trd, 431980.483, 104
Trd, 431980.550, 105
Trd, 431980.850, 111
Trd, 431980.950, 103
Trd, 431981.050, 101
Trd, 431981.300, 95
Trd, 431981.783, 112
Trd, 431982.117, 89
Trd, 431982.233, 111
Trd, 431982.900, 90
Trd, 431983.150, 90
Trd, 431983.700, 109
Trd, 431983.983, 99
Trd, 431984.183, 89
Trd, 431984.833, 95
Trd, 431984.917, 86
Trd, 431985.417, 83
Trd, 431985.767, 95
Trd, 431985.950, 84
Trd, 431986.450, 83
Trd, 431986.500, 82
Trd, 431986.550, 101
Trd, 431986.600, 82
Trd, 431986.933, 79
Trd, 431987.467, 87
Trd, 431987.900, 98
Trd, 431988.067, 92
Trd, 431988.483, 91
Trd, 431988.767, 96
Trd, 431988.883, 97
Trd, 431989.350, 97
Trd, 431989.683, 92
Trd, 431989.933, 100
Trd, 431990.117, 98
Trd, 431990.900, 101
Trd, 431991.017, 97
Trd, 431991.217, 96
Trd, 431991.333, 104
Trd, 431991.800, 95
Trd, 431992.300, 87
Trd, 431992.433, 98
Trd, 431992.450, 99
Trd, 431992.867, 97
Trd, 431993.417, 88
Trd, 431993.483, 98
Trd, 431993.667, 101
Trd, 431994.083, 106
Trd, 431994.450, 97
Trd, 431994.617, 107
Trd, 431994.933, 92
Trd, 431995.533, 94
Trd, 431995.567, 95
Trd, 431996.067, 98
Trd, 431996.583, 98
Trd, 431996.783, 97
Trd, 431997.383, 88
Trd, 431997.583, 106
Trd, 431997.633, 110
Trd, 431997.867, 90
Trd, 431998.050, 109
Trd, 431998.300, 112
Trd, 431999.300, 93
Trd, 431999.433, 110
