Trd, 258040.867, 107
Trd, 258042.950, 140
Trd, 258043.100, 140
Trd, 258043.733, 140
Trd, 258044.517, 140
Trd, 258044.717, 140
Trd, 258046.067, 140
Trd, 258046.083, 140
Trd, 258046.317, 140
Trd, 258047.000, 140
Trd, 258047.100, 140
Trd, 258047.167, 140
Trd, 258047.217, 140
Trd, 258047.400, 140
Trd, 258047.433, 140
Trd, 258048.050, 139
Trd, 258048.317, 140
Trd, 258048.483, 139
Trd, 258049.167, 140
Trd, 258049.250, 139
Trd, 258049.417, 118
Trd, 258049.617, 112
Trd, 258049.650, 139
Trd, 258049.783, 111
Trd, 258050.833, 134
Trd, 258051.117, 134
Trd, 258051.500, 136
Trd, 258051.867, 140
Trd, 258052.067, 140
Trd, 258052.233, 140
Trd, 258052.367, 139
Trd, 258052.400, 134
Trd, 258052.950, 134
Trd, 258052.967, 133
Trd, 258053.383, 140
Trd, 258053.583, 125
Trd, 258053.783, 109
Trd, 258054.033, 99
Trd, 258054.483, 62
Trd, 258054.650, 62
Trd, 258054.667, 63
Trd, 258055.467, 61
Trd, 258055.483, 62
Trd, 258055.950, 60
Trd, 258056.233, 63
Trd, 258056.483, 63
Trd, 258056.900, 64
Trd, 258057.150, 75
Trd, 258057.233, 65
Trd, 258059.083, 140
Trd, 258059.133, 140
Trd, 258060.367, 140
Trd, 258061.800, 140
Trd, 258061.950, 140
Trd, 258062.117, 140
Trd, 258062.450, 139
Trd, 258063.017, 140
Trd, 258063.533, 140
Trd, 258063.733, 140
Trd, 258063.967, 140
Trd, 258064.133, 139
Trd, 258064.150, 121
Trd, 258064.817, 119
Trd, 258064.833, 118
Trd, 258065.067, 128
Trd, 258065.083, 117
Trd, 258065.517, 86
Trd, 258065.583, 61
Trd, 258066.467, 62
Trd, 258068.117, 60
Trd, 258068.133, 60
Trd, 258068.917, 60
Trd, 258068.933, 61
Trd, 258069.183, 61
Trd, 258069.233, 63
Trd, 258069.667, 60
Trd, 258070.300, 60
Trd, 258070.967, 62
Trd, 258071.300, 76
Trd, 258072.050, 60
Trd, 258072.133, 76
Trd, 258072.833, 60
Trd, 258072.983, 63
Trd, 258073.017, 62
Trd, 258073.417, 64
Trd, 258073.467, 62
Trd, 258073.667, 66
Trd, 258073.883, 61
Trd, 258074.417, 60
Trd, 258074.700, 60
Trd, 258074.950, 61
Trd, 258075.183, 60
Trd, 258075.633, 63
Trd, 258075.750, 65
Trd, 258076.183, 64
Trd, 258076.350, 64
Trd, 258076.367, 70
Trd, 258076.517, 76
Trd, 258076.633, 61
Trd, 258076.650, 94
Trd, 258078.517, 60
Trd, 258078.650, 60
Trd, 258078.817, 61
Trd, 258078.850, 70
Trd, 258078.933, 74
Trd, 258079.600, 78
Trd, 258079.883, 97
Trd, 258079.983, 77
Trd, 258080.050, 103
Trd, 258081.150, 60
Trd, 258081.183, 60
Trd, 258081.867, 60
Trd, 258082.033, 62
Trd, 258082.083, 72
Trd, 258082.833, 140
Trd, 258083.550, 140
Trd, 258083.800, 140
Trd, 258084.017, 140
Trd, 258085.933, 140
Trd, 258086.300, 140
Trd, 258086.850, 140
Trd, 258087.450, 140
Trd, 258087.633, 140
Trd, 258087.850, 140
Trd, 258089.250, 140
Trd, 258089.283, 140
Trd, 258089.367, 140
Trd, 258089.517, 140
Trd, 258089.817, 140
Trd, 258090.233, 140
Trd, 258090.533, 140
Trd, 258091.017, 140
Trd, 258091.117, 140
Trd, 258092.217, 140
Trd, 258093.383, 140
Trd, 258093.600, 140
Trd, 258093.633, 140
Trd, 258095.017, 140
Trd, 258095.583, 140
Trd, 258095.667, 138
Trd, 258095.850, 137
Trd, 258095.900, 136
Trd, 258096.050, 119
Trd, 258096.217, 113
Trd, 258096.500, 135
Trd, 258096.750, 110
Trd, 258096.883, 108
Trd, 258097.067, 107
Trd, 258097.283, 135
Trd, 258098.550, 61
Trd, 258098.783, 61
Trd, 258098.950, 63
Trd, 258099.267, 64
Trd, 258099.633, 63
Trd, 258099.817, 64
Trd, 258099.917, 62
Trd, 258100.183, 65
Trd, 258100.850, 72
Trd, 258100.967, 77
Trd, 258101.167, 80
Trd, 258101.600, 75
Trd, 258101.783, 74
Trd, 258102.417, 63
Trd, 258103.033, 61
Trd, 258103.050, 64
Trd, 258103.933, 63
Trd, 258103.967, 64
Trd, 258105.300, 60
Trd, 258106.067, 60
Trd, 258107.700, 60
Trd, 258107.900, 60
Trd, 258108.100, 60
Trd, 258108.133, 61
Trd, 258108.233, 61
Trd, 258108.383, 61
Trd, 258108.417, 61
Trd, 258108.567, 63
Trd, 258108.700, 63
Trd, 258108.800, 64
Trd, 258109.467, 66
Trd, 258109.483, 67
Trd, 258109.517, 63
Trd, 258109.700, 67
Trd, 258109.750, 73
Trd, 258109.817, 74
Trd, 258109.867, 66
Trd, 258110.717, 77
Trd, 258110.817, 74
Trd, 258111.983, 139
Trd, 258112.033, 117
Trd, 258112.083, 106
Trd, 258112.950, 140
Trd, 258112.967, 139
Trd, 258113.417, 140
Trd, 258113.850, 140
Trd, 258113.900, 140
Trd, 258114.933, 140
Trd, 258115.450, 140
Trd, 258115.800, 140
Trd, 258115.867, 140
Trd, 258115.967, 140
Trd, 258116.317, 140
Trd, 258116.333, 140
Trd, 258117.033, 139
Trd, 258117.583, 140
Trd, 258118.850, 140
Trd, 258119.083, 140
Trd, 258119.683, 132
Trd, 258120.267, 113
Trd, 258120.633, 116
Trd, 258120.700, 115
Trd, 258121.633, 113
Trd, 258121.667, 110
Trd, 258121.817, 123
Trd, 258122.300, 123
Trd, 258122.433, 110
Trd, 258122.683, 123
Trd, 258123.067, 123
Trd, 258123.100, 124
Trd, 258124.067, 116
Trd, 258124.533, 125
Trd, 258124.917, 137
Trd, 258125.250, 119
Trd, 258125.800, 121
Trd, 258126.650, 140
Trd, 258126.833, 109
Trd, 258127.217, 108
Trd, 258127.883, 108
Trd, 258128.033, 104
Trd, 258128.533, 134
Trd, 258129.000, 106
Trd, 258129.033, 134
Trd, 258129.100, 138
Trd, 258129.317, 109
Trd, 258130.167, 140
Trd, 258130.417, 140
Trd, 258131.000, 140
Trd, 258131.317, 139
Trd, 258131.817, 137
Trd, 258132.133, 140
Trd, 258132.533, 140
Trd, 258133.750, 140
Trd, 258135.067, 140
Trd, 258135.133, 140
Trd, 258135.983, 140
Trd, 258136.117, 140
Trd, 258136.667, 140
Trd, 258137.050, 140
Trd, 258137.650, 140
Trd, 258137.667, 140
Trd, 258138.200, 140
Trd, 258138.317, 140
Trd, 258138.350, 140
Trd, 258138.500, 139
Trd, 258138.617, 140
Trd, 258138.733, 140
Trd, 258138.817, 140
Trd, 258139.083, 140
Trd, 258139.350, 122
Trd, 258139.700, 111
Trd, 258139.883, 119
Trd, 258140.550, 134
Trd, 258140.567, 105
Trd, 258140.933, 100
Trd, 258141.517, 134
Trd, 258141.817, 140
Trd, 258142.450, 80
Trd, 258142.567, 71
Trd, 258144.517, 131
Trd, 258144.633, 131
Trd, 258144.700, 73
Trd, 258145.217, 61
Trd, 258145.567, 134
Trd, 258145.767, 86
Trd, 258145.900, 119
Trd, 258146.233, 60
Trd, 258147.217, 129
Trd, 258147.500, 130
Trd, 258147.600, 83
Trd, 258147.717, 132
Trd, 258147.733, 133
Trd, 258148.283, 87
Trd, 258149.383, 100
Trd, 258149.533, 100
Trd, 258149.633, 99
Trd, 258150.050, 140
Trd, 258150.100, 102
Trd, 258150.133, 101
Trd, 258151.117, 140
Trd, 258151.817, 140
Trd, 258151.850, 140
Trd, 258152.867, 140
Trd, 258153.800, 140
Trd, 258153.917, 140
Trd, 258154.133, 140
Trd, 258154.983, 140
Trd, 258155.017, 140
Trd, 258155.100, 140
Trd, 258155.283, 140
Trd, 258155.883, 140
Trd, 258156.267, 140
Trd, 258156.333, 140
Trd, 258156.717, 140
Trd, 258156.883, 140
Trd, 258157.450, 140
Trd, 258157.967, 140
Trd, 258158.100, 140
Trd, 258158.367, 140
Trd, 258158.717, 140
Trd, 258159.467, 140
Trd, 258159.650, 140
Trd, 258159.733, 139
Trd, 258159.800, 132
Trd, 258160.233, 123
Trd, 258160.650, 123
Trd, 258160.867, 123
Trd, 258161.017, 122
Trd, 258161.350, 65
Trd, 258161.667, 60
Trd, 258161.933, 66
Trd, 258162.083, 68
Trd, 258162.150, 77
Trd, 258162.300, 139
Trd, 258163.483, 140
Trd, 258164.150, 140
Trd, 258164.167, 140
Trd, 258164.883, 140
Trd, 258165.550, 140
Trd, 258165.567, 140
Trd, 258165.817, 140
Trd, 258166.467, 138
Trd, 258167.067, 140
Trd, 258167.367, 140
Trd, 258167.917, 139
Trd, 258168.167, 140
Trd, 258168.433, 137
Trd, 258168.900, 138
Trd, 258169.250, 111
Trd, 258169.667, 96
Trd, 258169.900, 139
Trd, 258169.967, 140
Trd, 258170.017, 139
Trd, 258170.100, 113
Trd, 258170.583, 140
Trd, 258170.683, 140
Trd, 258170.967, 140
Trd, 258172.400, 140
Trd, 258172.583, 140
Trd, 258173.733, 140
Trd, 258174.550, 140
Trd, 258174.633, 139
Trd, 258174.717, 138
Trd, 258174.833, 139
Trd, 258175.700, 139
Trd, 258176.767, 140
Trd, 258176.950, 140
Trd, 258177.133, 140
Trd, 258177.633, 133
Trd, 258178.417, 131
Trd, 258178.783, 132
Trd, 258179.083, 132
Trd, 258179.100, 128
Trd, 258179.217, 128
Trd, 258179.283, 126
Trd, 258179.300, 136
Trd, 258179.550, 123
Trd, 258179.633, 122
Trd, 258180.383, 140
Trd, 258180.633, 130
Trd, 258180.967, 123
Trd, 258180.983, 122
Trd, 258181.100, 140
Trd, 258181.267, 104
Trd, 258181.533, 75
Trd, 258182.167, 140
Trd, 258182.317, 93
Trd, 258182.350, 69
Trd, 258183.167, 60
Trd, 258183.417, 60
Trd, 258184.800, 140
Trd, 258184.933, 140
Trd, 258185.017, 140
Trd, 258185.167, 140
Trd, 258185.833, 140
Trd, 258186.267, 81
Trd, 258186.900, 61
Trd, 258187.783, 60
Trd, 258187.833, 64
Trd, 258188.583, 62
Trd, 258188.867, 62
Trd, 258188.950, 63
Trd, 258189.183, 63
Trd, 258189.650, 64
Trd, 258189.667, 63
Trd, 258189.767, 68
Trd, 258190.250, 78
Trd, 258190.717, 80
Trd, 258190.850, 88
Trd, 258190.900, 80
Trd, 258191.033, 80
Trd, 258191.383, 140
Trd, 258191.567, 99
Trd, 258191.750, 98
Trd, 258192.500, 140
Trd, 258193.483, 140
Trd, 258195.050, 140
Trd, 258195.350, 140
Trd, 258195.667, 140
Trd, 258196.400, 140
Trd, 258197.067, 140
Trd, 258199.017, 140
Trd, 258199.200, 140
Trd, 258199.367, 140
Trd, 258199.717, 140
Trd, 258199.733, 140
Trd, 258199.767, 140
Trd, 258200.350, 140
Trd, 258200.550, 139
Trd, 258200.700, 138
Trd, 258201.033, 138
Trd, 258201.367, 139
Trd, 258201.400, 138
Trd, 258201.700, 140
Trd, 258202.050, 139
Trd, 258202.117, 138
Trd, 258202.500, 135
Trd, 258202.533, 138
Trd, 258202.650, 139
Trd, 258202.767, 133
Trd, 258202.850, 120
Trd, 258203.233, 136
Trd, 258203.267, 137
Trd, 258204.050, 114
Trd, 258204.967, 140
Trd, 258205.900, 140
Trd, 258205.983, 140
Trd, 258207.783, 140
Trd, 258208.917, 140
Trd, 258209.733, 140
Trd, 258209.800, 140
Trd, 258209.883, 140
Trd, 258210.183, 140
Trd, 258210.267, 140
Trd, 258210.667, 140
Trd, 258211.250, 140
Trd, 258212.200, 140
Trd, 258212.467, 140
Trd, 258212.717, 140
Trd, 258213.083, 140
Trd, 258213.667, 140
Trd, 258213.867, 140
Trd, 258214.100, 140
Trd, 258214.317, 138
Trd, 258214.583, 137
Trd, 258214.767, 139
Trd, 258214.900, 137
Trd, 258215.817, 137
Trd, 258216.033, 137
Trd, 258216.050, 139
Trd, 258216.217, 136
Trd, 258216.750, 134
Trd, 258216.833, 116
Trd, 258217.533, 103
Trd, 258218.450, 103
Trd, 258218.800, 135
Trd, 258219.017, 137
Trd, 258219.100, 135
Trd, 258219.200, 133
Trd, 258219.333, 116
Trd, 258220.050, 90
Trd, 258220.667, 93
Trd, 258221.250, 94
Trd, 258221.267, 130
Trd, 258221.317, 62
Trd, 258221.667, 140
Trd, 258221.983, 116
Trd, 258222.733, 140
Trd, 258223.200, 140
Trd, 258223.317, 140
Trd, 258223.767, 140
Trd, 258224.033, 140
Trd, 258224.050, 140
Trd, 258224.467, 140
Trd, 258225.050, 137
Trd, 258225.100, 139
Trd, 258225.950, 135
Trd, 258226.350, 136
Trd, 258226.583, 107
Trd, 258227.517, 106
Trd, 258227.550, 105
Trd, 258228.000, 98
Trd, 258228.283, 133
Trd, 258228.583, 134
Trd, 258229.350, 128
Trd, 258229.717, 131
Trd, 258229.983, 116
Trd, 258230.333, 106
Trd, 258230.350, 97
Trd, 258230.417, 61
Trd, 258230.750, 130
Trd, 258231.050, 134
Trd, 258231.600, 64
Trd, 258231.867, 60
Trd, 258232.067, 63
Trd, 258232.783, 73
Trd, 258234.083, 61
Trd, 258234.833, 60
Trd, 258235.750, 60
Trd, 258235.883, 60
Trd, 258236.417, 60
Trd, 258236.667, 60
Trd, 258236.933, 61
Trd, 258236.950, 62
Trd, 258237.167, 65
Trd, 258237.600, 62
Trd, 258237.700, 60
Trd, 258237.750, 66
Trd, 258238.317, 60
Trd, 258238.483, 62
Trd, 258239.033, 63
Trd, 258239.217, 68
Trd, 258239.450, 67
Trd, 258240.217, 67
Trd, 258240.417, 66
Trd, 258240.733, 68
Trd, 258241.550, 77
Trd, 258241.817, 76
Trd, 258241.950, 78
Trd, 258242.133, 89
Trd, 258242.150, 74
Trd, 258242.333, 67
Trd, 258242.567, 69
Trd, 258242.917, 89
Trd, 258243.083, 65
Trd, 258245.500, 60
Trd, 258245.850, 61
Trd, 258245.917, 61
Trd, 258246.733, 65
Trd, 258246.750, 68
Trd, 258247.017, 69
Trd, 258247.350, 62
Trd, 258247.417, 72
Trd, 258247.467, 74
Trd, 258248.433, 63
Trd, 258248.917, 67
Trd, 258249.200, 61
Trd, 258249.550, 64
Trd, 258249.833, 68
Trd, 258250.367, 78
Trd, 258250.600, 76
Trd, 258250.700, 75
Trd, 258250.800, 79
Trd, 258251.083, 80
Trd, 258251.100, 81
Trd, 258251.367, 83
Trd, 258251.867, 84
Trd, 258252.250, 91
Trd, 258252.667, 89
Trd, 258252.917, 87
Trd, 258253.233, 87
Trd, 258254.000, 87
Trd, 258254.083, 86
Trd, 258254.217, 94
Trd, 258254.633, 101
Trd, 258254.967, 63
Trd, 258255.017, 66
Trd, 258255.500, 137
Trd, 258255.583, 128
Trd, 258255.650, 79
Trd, 258255.817, 139
Trd, 258256.683, 140
Trd, 258256.733, 140
Trd, 258257.067, 140
Trd, 258257.150, 139
Trd, 258258.383, 140
Trd, 258258.533, 140
Trd, 258260.267, 140
Trd, 258260.700, 140
Trd, 258262.000, 140
Trd, 258262.467, 140
Trd, 258264.517, 140
Trd, 258264.950, 140
Trd, 258265.250, 140
Trd, 258265.917, 140
Trd, 258266.267, 140
Trd, 258266.300, 140
Trd, 258267.167, 140
Trd, 258267.317, 140
Trd, 258267.983, 140
Trd, 258268.017, 140
Trd, 258268.383, 140
Trd, 258269.083, 140
Trd, 258269.517, 140
Trd, 258269.767, 140
Trd, 258270.033, 140
Trd, 258270.217, 140
Trd, 258270.350, 140
Trd, 258272.233, 140
Trd, 258272.450, 140
Trd, 258272.700, 140
Trd, 258272.717, 140
Trd, 258272.950, 140
Trd, 258273.467, 140
Trd, 258274.317, 140
Trd, 258274.500, 140
Trd, 258274.717, 140
Trd, 258275.167, 140
Trd, 258275.300, 140
Trd, 258275.833, 140
Trd, 258275.933, 140
Trd, 258276.650, 140
Trd, 258276.733, 140
Trd, 258276.950, 140
Trd, 258277.017, 140
Trd, 258277.033, 140
Trd, 258277.583, 140
Trd, 258277.633, 140
Trd, 258278.467, 140
Trd, 258278.650, 139
Trd, 258278.833, 140
Trd, 258279.150, 122
Trd, 258279.650, 140
Trd, 258279.750, 140
Trd, 258281.583, 140
Trd, 258282.133, 140
Trd, 258282.167, 140
Trd, 258282.583, 140
Trd, 258283.300, 140
Trd, 258283.583, 140
Trd, 258283.717, 140
Trd, 258284.067, 140
Trd, 258284.117, 139
Trd, 258284.250, 122
Trd, 258285.533, 140
Trd, 258285.583, 140
Trd, 258286.200, 140
Trd, 258286.267, 140
Trd, 258286.317, 139
Trd, 258286.650, 119
Trd, 258287.100, 118
Trd, 258287.967, 132
Trd, 258288.083, 122
Trd, 258288.250, 133
Trd, 258289.633, 135
Trd, 258289.833, 127
Trd, 258290.017, 135
Trd, 258290.250, 128
Trd, 258290.783, 139
Trd, 258291.367, 140
Trd, 258291.617, 140
Trd, 258292.050, 140
Trd, 258292.317, 140
Trd, 258292.467, 140
Trd, 258293.183, 140
Trd, 258293.867, 140
Trd, 258294.250, 140
Trd, 258294.733, 139
Trd, 258294.900, 138
Trd, 258295.067, 85
Trd, 258295.850, 136
Trd, 258296.350, 139
Trd, 258297.150, 140
Trd, 258297.583, 102
Trd, 258298.600, 111
Trd, 258298.683, 111
Trd, 258298.933, 111
Trd, 258299.033, 110
Trd, 258299.100, 110
Trd, 258300.000, 140
Trd, 258300.117, 140
Trd, 258300.133, 140
Trd, 258300.483, 137
Trd, 258301.683, 140
Trd, 258301.883, 136
Trd, 258302.500, 140
Trd, 258302.700, 138
Trd, 258302.933, 140
Trd, 258303.067, 138
Trd, 258303.650, 138
Trd, 258303.917, 140
Trd, 258304.500, 140
Trd, 258304.967, 124
Trd, 258306.250, 124
Trd, 258306.950, 125
Trd, 258307.217, 125
Trd, 258307.350, 113
Trd, 258307.617, 120
Trd, 258307.767, 123
Trd, 258308.400, 122
Trd, 258308.467, 114
Trd, 258308.567, 113
Trd, 258308.633, 112
Trd, 258308.717, 122
Trd, 258308.967, 120
Trd, 258309.100, 105
Trd, 258309.300, 115
Trd, 258309.583, 103
Trd, 258309.617, 102
Trd, 258310.417, 63
Trd, 258310.900, 64
Trd, 258311.317, 65
Trd, 258311.800, 60
Trd, 258311.833, 65
Trd, 258312.267, 76
Trd, 258313.333, 76
Trd, 258314.283, 95
Trd, 258314.683, 96
Trd, 258314.817, 87
Trd, 258315.050, 85
Trd, 258315.267, 82
Trd, 258315.483, 81
Trd, 258315.500, 122
Trd, 258315.600, 79
Trd, 258315.850, 122
Trd, 258315.967, 76
Trd, 258316.000, 76
Trd, 258316.267, 84
Trd, 258317.833, 78
Trd, 258318.017, 139
Trd, 258318.117, 78
Trd, 258318.850, 79
Trd, 258319.217, 82
Trd, 258319.733, 139
Trd, 258319.817, 139
Trd, 258320.000, 138
Trd, 258320.667, 140
Trd, 258321.450, 140
Trd, 258321.567, 140
Trd, 258321.667, 138
Trd, 258322.750, 140
Trd, 258323.167, 140
Trd, 258323.867, 140
Trd, 258324.500, 140
Trd, 258324.517, 140
Trd, 258324.633, 140
Trd, 258324.817, 140
Trd, 258324.967, 140
Trd, 258325.117, 139
Trd, 258325.733, 136
Trd, 258326.217, 73
Trd, 258326.567, 80
Trd, 258326.833, 72
Trd, 258327.683, 112
Trd, 258327.717, 113
Trd, 258328.050, 91
Trd, 258328.600, 75
Trd, 258328.967, 99
Trd, 258329.017, 100
Trd, 258329.067, 94
Trd, 258330.317, 106
Trd, 258330.517, 111
Trd, 258330.600, 112
Trd, 258331.750, 100
Trd, 258332.217, 104
Trd, 258332.383, 107
Trd, 258332.533, 103
Trd, 258332.600, 102
Trd, 258333.283, 105
Trd, 258333.383, 105
Trd, 258333.817, 104
Trd, 258333.850, 103
Trd, 258333.933, 106
Trd, 258333.967, 112
Trd, 258334.267, 121
Trd, 258335.100, 113
Trd, 258336.400, 140
Trd, 258336.483, 140
Trd, 258337.200, 140
Trd, 258337.317, 140
Trd, 258337.583, 140
Trd, 258337.917, 140
Trd, 258338.100, 120
Trd, 258338.133, 117
Trd, 258338.400, 112
Trd, 258338.583, 140
Trd, 258338.600, 140
Trd, 258339.083, 140
Trd, 258339.667, 140
Trd, 258339.933, 140
Trd, 258341.267, 140
Trd, 258341.767, 140
Trd, 258343.167, 140
Trd, 258344.100, 140
Trd, 258344.267, 140
Trd, 258344.317, 140
Trd, 258344.533, 140
Trd, 258344.850, 140
Trd, 258344.883, 140
Trd, 258345.133, 140
Trd, 258345.383, 140
Trd, 258345.833, 140
Trd, 258346.167, 140
Trd, 258347.150, 140
Trd, 258347.200, 140
Trd, 258347.867, 140
Trd, 258347.883, 140
Trd, 258347.933, 140
Trd, 258348.017, 139
Trd, 258348.300, 138
Trd, 258348.633, 137
Trd, 258348.900, 127
Trd, 258349.283, 140
Trd, 258349.400, 107
Trd, 258350.033, 140
Trd, 258350.567, 140
Trd, 258350.983, 140
Trd, 258351.367, 140
Trd, 258351.733, 139
Trd, 258352.133, 89
Trd, 258352.783, 69
Trd, 258353.417, 139
Trd, 258353.550, 138
Trd, 258353.850, 67
Trd, 258354.283, 139
Trd, 258354.683, 99
Trd, 258354.933, 119
Trd, 258355.117, 77
Trd, 258355.667, 67
Trd, 258356.167, 102
Trd, 258357.083, 114
Trd, 258357.167, 114
Trd, 258357.283, 115
Trd, 258357.317, 118
Trd, 258357.633, 122
Trd, 258357.833, 114
Trd, 258358.233, 114
Trd, 258358.350, 113
Trd, 258359.067, 140
Trd, 258359.600, 140
Trd, 258359.683, 140
Trd, 258360.467, 140
Trd, 258360.750, 140
Trd, 258360.950, 140
Trd, 258361.067, 140
Trd, 258361.150, 140
Trd, 258361.333, 140
Trd, 258362.383, 140
Trd, 258362.650, 140
Trd, 258362.850, 140
Trd, 258363.017, 139
Trd, 258363.183, 139
Trd, 258363.617, 126
Trd, 258364.050, 138
Trd, 258364.217, 106
Trd, 258364.483, 105
Trd, 258364.917, 87
Trd, 258365.250, 112
Trd, 258366.000, 60
Trd, 258367.033, 60
Trd, 258367.217, 60
Trd, 258367.250, 60
Trd, 258367.667, 61
Trd, 258368.050, 61
Trd, 258368.200, 65
Trd, 258368.683, 69
Trd, 258368.983, 70
Trd, 258369.133, 80
Trd, 258369.250, 67
Trd, 258369.317, 66
Trd, 258369.350, 90
Trd, 258369.833, 65
Trd, 258371.567, 140
Trd, 258372.183, 140
Trd, 258373.200, 140
Trd, 258373.733, 140
Trd, 258374.050, 140
Trd, 258374.300, 140
Trd, 258375.933, 140
Trd, 258377.150, 140
Trd, 258377.367, 140
Trd, 258377.417, 140
Trd, 258377.833, 140
Trd, 258378.200, 140
Trd, 258378.783, 140
Trd, 258379.133, 140
Trd, 258379.250, 140
Trd, 258379.400, 140
Trd, 258379.617, 140
Trd, 258379.867, 140
Trd, 258380.117, 140
Trd, 258380.183, 140
Trd, 258380.233, 140
Trd, 258380.533, 140
Trd, 258380.600, 139
Trd, 258380.667, 139
Trd, 258380.767, 138
Trd, 258381.283, 137
Trd, 258381.500, 137
Trd, 258381.683, 138
Trd, 258381.933, 118
Trd, 258383.083, 140
Trd, 258383.150, 103
Trd, 258383.383, 72
Trd, 258383.450, 140
Trd, 258384.133, 140
Trd, 258384.433, 125
Trd, 258384.933, 113
Trd, 258384.967, 112
Trd, 258385.150, 118
Trd, 258385.300, 112
Trd, 258385.533, 113
Trd, 258385.967, 134
Trd, 258386.983, 136
Trd, 258387.017, 116
Trd, 258387.083, 115
Trd, 258387.467, 135
Trd, 258387.800, 116
Trd, 258388.500, 131
Trd, 258388.550, 132
Trd, 258388.783, 115
Trd, 258388.933, 136
Trd, 258388.983, 80
Trd, 258389.117, 79
Trd, 258389.367, 137
Trd, 258389.550, 77
Trd, 258390.167, 65
Trd, 258390.583, 65
Trd, 258390.850, 65
Trd, 258391.083, 92
Trd, 258391.433, 140
Trd, 258392.350, 122
Trd, 258392.917, 103
Trd, 258393.200, 140
Trd, 258393.500, 140
Trd, 258393.683, 140
Trd, 258394.467, 140
Trd, 258394.733, 134
Trd, 258395.217, 138
Trd, 258395.600, 138
Trd, 258396.000, 137
Trd, 258396.217, 140
Trd, 258397.033, 140
Trd, 258397.183, 140
Trd, 258397.317, 139
Trd, 258397.883, 122
Trd, 258397.983, 119
Trd, 258398.100, 119
Trd, 258398.500, 126
Trd, 258398.950, 119
Trd, 258399.750, 132
Trd, 258400.200, 86
Trd, 258400.533, 134
Trd, 258400.583, 136
Trd, 258400.750, 137
Trd, 258401.350, 138
Trd, 258402.133, 138
Trd, 258403.183, 140
Trd, 258403.433, 140
Trd, 258403.533, 140
Trd, 258404.300, 140
Trd, 258404.667, 139
Trd, 258404.850, 140
Trd, 258405.450, 138
Trd, 258405.567, 135
Trd, 258406.567, 101
Trd, 258406.633, 140
Trd, 258407.083, 101
Trd, 258408.000, 139
Trd, 258408.250, 107
Trd, 258408.750, 140
Trd, 258408.767, 136
Trd, 258408.867, 104
Trd, 258408.900, 100
Trd, 258409.317, 63
Trd, 258409.350, 76
Trd, 258410.000, 75
Trd, 258410.067, 64
Trd, 258410.467, 140
Trd, 258410.600, 140
Trd, 258410.883, 67
Trd, 258411.283, 75
Trd, 258411.667, 133
Trd, 258412.300, 72
Trd, 258412.450, 129
Trd, 258412.467, 130
Trd, 258413.017, 72
Trd, 258413.367, 72
Trd, 258413.900, 115
Trd, 258414.067, 65
Trd, 258414.117, 124
Trd, 258414.533, 126
Trd, 258415.517, 65
Trd, 258415.767, 66
Trd, 258415.833, 71
Trd, 258416.283, 78
Trd, 258416.583, 78
Trd, 258417.183, 68
Trd, 258417.333, 69
Trd, 258417.650, 81
Trd, 258418.283, 92
Trd, 258418.583, 68
Trd, 258418.800, 137
Trd, 258419.350, 138
Trd, 258419.850, 140
Trd, 258419.967, 138
Trd, 258420.000, 82
Trd, 258420.267, 135
Trd, 258420.300, 134
Trd, 258420.650, 71
Trd, 258422.500, 95
Trd, 258422.600, 73
Trd, 258422.667, 111
Trd, 258423.083, 77
Trd, 258423.483, 84
Trd, 258423.583, 86
Trd, 258423.733, 94
Trd, 258423.917, 79
Trd, 258424.700, 82
Trd, 258424.767, 80
Trd, 258425.517, 84
Trd, 258426.283, 86
Trd, 258426.333, 87
Trd, 258426.550, 84
Trd, 258426.733, 82
Trd, 258426.833, 80
Trd, 258427.000, 75
Trd, 258427.300, 62
Trd, 258427.383, 84
Trd, 258427.833, 94
Trd, 258428.733, 64
Trd, 258429.200, 62
Trd, 258429.217, 69
Trd, 258429.283, 79
Trd, 258429.500, 63
Trd, 258430.117, 65
Trd, 258430.267, 76
Trd, 258430.383, 64
Trd, 258430.967, 77
Trd, 258430.983, 81
Trd, 258431.250, 67
Trd, 258432.533, 133
Trd, 258432.633, 132
Trd, 258433.067, 128
Trd, 258433.183, 140
Trd, 258433.933, 140
Trd, 258434.417, 140
Trd, 258434.850, 140
Trd, 258435.050, 140
Trd, 258435.233, 140
Trd, 258435.267, 140
Trd, 258435.617, 120
Trd, 258435.883, 119
Trd, 258437.200, 117
Trd, 258437.817, 116
Trd, 258437.983, 96
Trd, 258438.050, 118
Trd, 258438.350, 122
Trd, 258439.183, 61
Trd, 258439.300, 63
Trd, 258439.850, 70
Trd, 258439.917, 69
Trd, 258440.350, 76
Trd, 258440.483, 73
Trd, 258440.633, 127
Trd, 258441.117, 135
Trd, 258441.283, 73
Trd, 258441.700, 136
Trd, 258441.950, 135
Trd, 258442.033, 109
Trd, 258442.917, 140
Trd, 258443.100, 140
Trd, 258443.567, 140
Trd, 258444.283, 140
Trd, 258444.567, 140
Trd, 258444.667, 140
Trd, 258444.933, 140
Trd, 258445.883, 140
Trd, 258446.117, 140
Trd, 258446.517, 140
Trd, 258446.867, 140
Trd, 258448.100, 128
Trd, 258448.117, 127
Trd, 258448.667, 140
Trd, 258448.833, 122
Trd, 258449.067, 140
Trd, 258449.650, 112
Trd, 258449.700, 111
Trd, 258450.133, 122
Trd, 258450.200, 109
Trd, 258450.350, 100
Trd, 258450.633, 136
Trd, 258450.850, 88
Trd, 258450.933, 139
Trd, 258451.850, 140
Trd, 258452.317, 138
Trd, 258452.583, 111
Trd, 258453.050, 95
Trd, 258453.083, 94
Trd, 258453.133, 135
Trd, 258454.833, 83
Trd, 258455.000, 98
Trd, 258455.067, 76
Trd, 258456.267, 60
Trd, 258456.483, 63
Trd, 258456.717, 63
Trd, 258457.083, 61
Trd, 258457.267, 61
Trd, 258457.283, 65
Trd, 258457.633, 63
Trd, 258457.667, 65
Trd, 258457.967, 76
Trd, 258458.317, 64
Trd, 258458.567, 69
Trd, 258458.867, 75
Trd, 258459.317, 69
Trd, 258459.467, 69
Trd, 258459.900, 72
Trd, 258460.767, 92
Trd, 258460.783, 91
Trd, 258460.817, 90
Trd, 258461.800, 101
Trd, 258461.900, 100
Trd, 258462.133, 99
Trd, 258462.800, 110
Trd, 258463.167, 102
Trd, 258463.667, 102
Trd, 258463.783, 108
Trd, 258463.883, 114
Trd, 258464.617, 106
Trd, 258464.867, 116
Trd, 258465.433, 112
Trd, 258465.500, 111
Trd, 258465.633, 111
Trd, 258465.900, 121
Trd, 258466.017, 139
Trd, 258466.383, 140
Trd, 258466.983, 140
Trd, 258467.100, 140
Trd, 258467.117, 140
Trd, 258467.267, 109
Trd, 258467.433, 104
Trd, 258467.467, 96
Trd, 258468.183, 139
Trd, 258468.567, 116
Trd, 258468.850, 138
Trd, 258469.333, 107
Trd, 258469.550, 139
Trd, 258469.783, 138
Trd, 258470.800, 67
Trd, 258471.050, 84
Trd, 258471.400, 85
Trd, 258472.317, 140
Trd, 258474.267, 140
Trd, 258474.500, 140
Trd, 258474.800, 140
Trd, 258475.117, 140
Trd, 258475.717, 140
Trd, 258476.217, 140
Trd, 258476.317, 140
Trd, 258477.333, 140
Trd, 258477.417, 140
Trd, 258477.733, 140
Trd, 258478.483, 140
Trd, 258478.883, 140
Trd, 258478.933, 140
Trd, 258479.033, 140
Trd, 258479.333, 140
Trd, 258479.917, 140
Trd, 258480.200, 140
Trd, 258480.217, 140
Trd, 258480.683, 140
Trd, 258480.767, 140
Trd, 258481.150, 140
Trd, 258481.867, 139
Trd, 258482.217, 138
Trd, 258482.233, 133
Trd, 258482.533, 124
Trd, 258482.650, 122
Trd, 258483.017, 117
Trd, 258483.033, 112
Trd, 258483.583, 63
Trd, 258483.617, 64
Trd, 258484.300, 74
Trd, 258486.000, 79
Trd, 258486.167, 113
Trd, 258486.817, 87
Trd, 258486.917, 108
Trd, 258487.300, 86
Trd, 258487.333, 107
Trd, 258487.500, 108
Trd, 258487.550, 109
Trd, 258487.667, 89
Trd, 258487.683, 114
Trd, 258487.783, 89
Trd, 258487.850, 89
Trd, 258487.983, 90
Trd, 258488.117, 117
Trd, 258489.067, 140
Trd, 258489.583, 140
Trd, 258490.567, 140
Trd, 258491.067, 140
Trd, 258491.167, 140
Trd, 258491.367, 140
Trd, 258492.900, 140
Trd, 258493.183, 140
Trd, 258493.583, 140
Trd, 258494.650, 140
Trd, 258495.100, 140
Trd, 258495.267, 140
Trd, 258495.800, 140
Trd, 258496.033, 140
Trd, 258496.600, 140
Trd, 258496.617, 140
Trd, 258496.700, 140
Trd, 258497.000, 140
Trd, 258497.667, 140
Trd, 258497.800, 140
Trd, 258498.283, 140
Trd, 258498.483, 140
Trd, 258498.750, 140
Trd, 258499.367, 140
Trd, 258500.633, 140
Trd, 258501.350, 140
Trd, 258501.767, 140
Trd, 258501.867, 140
Trd, 258502.283, 140
Trd, 258502.433, 140
Trd, 258503.483, 140
Trd, 258503.500, 140
Trd, 258503.700, 140
Trd, 258504.150, 140
Trd, 258504.300, 138
Trd, 258504.417, 139
Trd, 258504.617, 131
Trd, 258504.783, 130
Trd, 258504.900, 117
Trd, 258504.917, 114
Trd, 258505.283, 79
Trd, 258505.333, 100
Trd, 258506.667, 62
Trd, 258506.717, 61
Trd, 258506.833, 60
Trd, 258506.917, 61
Trd, 258507.017, 64
Trd, 258507.317, 62
Trd, 258507.350, 74
Trd, 258507.733, 63
Trd, 258508.300, 78
Trd, 258508.333, 79
Trd, 258508.600, 80
Trd, 258508.683, 98
Trd, 258508.783, 66
Trd, 258508.950, 112
Trd, 258509.433, 137
Trd, 258511.083, 140
Trd, 258511.383, 140
Trd, 258512.450, 140
Trd, 258512.483, 140
Trd, 258512.500, 137
Trd, 258512.767, 121
Trd, 258513.267, 140
Trd, 258513.567, 140
Trd, 258513.867, 140
Trd, 258513.950, 140
Trd, 258515.150, 140
Trd, 258515.467, 140
Trd, 258515.733, 140
Trd, 258515.883, 140
Trd, 258516.117, 140
Trd, 258516.200, 140
Trd, 258517.233, 140
Trd, 258517.500, 140
Trd, 258517.833, 140
Trd, 258518.933, 140
Trd, 258519.283, 140
Trd, 258520.233, 140
Trd, 258520.983, 140
Trd, 258522.467, 140
Trd, 258522.667, 140
Trd, 258522.883, 140
Trd, 258523.450, 140
Trd, 258524.017, 140
Trd, 258524.100, 140
Trd, 258524.467, 140
Trd, 258524.617, 140
Trd, 258524.817, 140
Trd, 258525.000, 140
Trd, 258525.100, 123
Trd, 258525.117, 121
Trd, 258525.267, 139
Trd, 258525.950, 122
Trd, 258526.550, 104
Trd, 258526.767, 103
Trd, 258527.567, 111
Trd, 258527.750, 110
Trd, 258527.967, 122
Trd, 258527.983, 123
Trd, 258528.000, 125
Trd, 258528.017, 126
Trd, 258528.117, 91
Trd, 258528.267, 112
Trd, 258528.517, 94
Trd, 258528.850, 126
Trd, 258530.050, 126
Trd, 258530.383, 100
Trd, 258530.400, 127
Trd, 258530.883, 128
Trd, 258531.033, 137
Trd, 258531.150, 140
Trd, 258531.450, 139
Trd, 258531.583, 102
Trd, 258533.017, 140
Trd, 258533.117, 140
Trd, 258533.817, 140
Trd, 258533.950, 139
Trd, 258534.300, 136
Trd, 258534.383, 114
Trd, 258534.467, 103
Trd, 258534.867, 115
Trd, 258537.200, 60
Trd, 258537.267, 60
Trd, 258537.783, 60
Trd, 258537.867, 60
Trd, 258537.983, 60
Trd, 258538.133, 66
Trd, 258538.700, 60
Trd, 258539.417, 63
Trd, 258539.433, 62
Trd, 258539.467, 61
Trd, 258539.850, 63
Trd, 258539.983, 75
Trd, 258540.350, 76
Trd, 258540.850, 79
Trd, 258541.133, 68
Trd, 258541.183, 89
Trd, 258541.417, 70
Trd, 258541.533, 68
Trd, 258542.433, 98
Trd, 258542.667, 92
Trd, 258543.433, 95
Trd, 258543.550, 94
Trd, 258543.917, 96
Trd, 258544.000, 99
Trd, 258544.117, 134
Trd, 258544.467, 140
Trd, 258544.567, 112
Trd, 258545.050, 94
Trd, 258545.533, 140
Trd, 258545.833, 140
Trd, 258546.167, 140
Trd, 258548.683, 140
Trd, 258549.800, 140
Trd, 258550.000, 140
Trd, 258550.983, 140
Trd, 258551.100, 140
Trd, 258551.817, 140
Trd, 258552.050, 140
Trd, 258552.117, 140
Trd, 258552.167, 140
Trd, 258552.367, 140
Trd, 258552.583, 140
Trd, 258552.617, 138
Trd, 258552.800, 140
Trd, 258552.933, 136
Trd, 258553.417, 136
Trd, 258553.800, 136
Trd, 258554.250, 136
Trd, 258554.383, 135
Trd, 258554.667, 113
Trd, 258555.533, 127
Trd, 258556.600, 126
Trd, 258557.200, 124
Trd, 258557.333, 108
Trd, 258557.500, 125
Trd, 258558.567, 63
Trd, 258558.917, 60
Trd, 258559.117, 60
Trd, 258559.750, 60
Trd, 258559.800, 62
Trd, 258559.883, 65
Trd, 258560.000, 63
Trd, 258560.017, 72
Trd, 258560.567, 90
Trd, 258560.617, 92
Trd, 258560.783, 94
Trd, 258561.083, 75
Trd, 258561.433, 136
Trd, 258561.467, 76
Trd, 258561.800, 75
Trd, 258562.100, 75
Trd, 258562.650, 134
Trd, 258562.800, 62
Trd, 258562.917, 61
Trd, 258563.083, 61
Trd, 258563.117, 62
Trd, 258565.283, 65
Trd, 258565.350, 68
Trd, 258565.767, 70
Trd, 258565.800, 74
Trd, 258565.883, 70
Trd, 258566.233, 72
Trd, 258566.900, 78
Trd, 258567.017, 78
Trd, 258567.783, 137
Trd, 258568.017, 82
Trd, 258568.433, 140
Trd, 258569.067, 140
Trd, 258569.417, 140
Trd, 258569.633, 139
Trd, 258569.817, 138
Trd, 258570.967, 140
Trd, 258571.667, 140
Trd, 258571.883, 140
Trd, 258573.700, 140
Trd, 258573.933, 140
Trd, 258574.633, 140
Trd, 258574.683, 140
Trd, 258575.567, 140
Trd, 258576.333, 140
Trd, 258576.433, 140
Trd, 258576.783, 140
Trd, 258577.133, 140
Trd, 258577.183, 140
Trd, 258577.950, 140
Trd, 258578.083, 140
Trd, 258578.283, 140
Trd, 258578.300, 140
Trd, 258578.467, 139
Trd, 258578.533, 138
Trd, 258578.583, 140
Trd, 258578.867, 140
Trd, 258578.883, 138
Trd, 258579.933, 138
Trd, 258580.550, 126
Trd, 258580.950, 128
Trd, 258581.117, 131
Trd, 258581.167, 133
Trd, 258581.317, 128
Trd, 258581.533, 126
Trd, 258581.933, 136
Trd, 258582.633, 137
Trd, 258584.083, 140
Trd, 258584.367, 140
Trd, 258584.383, 140
Trd, 258584.433, 140
Trd, 258584.583, 139
Trd, 258584.683, 138
Trd, 258584.750, 127
Trd, 258584.900, 128
Trd, 258585.267, 120
Trd, 258585.967, 140
Trd, 258586.483, 139
Trd, 258587.083, 138
Trd, 258587.233, 138
Trd, 258587.450, 140
Trd, 258588.400, 139
Trd, 258589.033, 140
Trd, 258589.317, 140
Trd, 258589.517, 139
Trd, 258590.133, 140
Trd, 258590.317, 124
Trd, 258590.500, 140
Trd, 258590.983, 125
Trd, 258591.250, 120
Trd, 258591.483, 138
Trd, 258592.000, 121
Trd, 258592.100, 121
Trd, 258592.400, 121
Trd, 258592.417, 109
Trd, 258592.967, 61
Trd, 258593.300, 63
Trd, 258593.650, 125
Trd, 258593.883, 130
Trd, 258594.417, 73
Trd, 258595.817, 71
Trd, 258596.450, 66
Trd, 258597.267, 60
Trd, 258597.317, 61
Trd, 258597.483, 72
Trd, 258597.500, 73
Trd, 258597.783, 89
Trd, 258597.967, 137
Trd, 258600.050, 140
Trd, 258600.317, 140
Trd, 258600.533, 140
Trd, 258600.700, 140
Trd, 258601.300, 140
Trd, 258601.450, 140
Trd, 258602.050, 140
Trd, 258602.200, 140
Trd, 258602.450, 140
Trd, 258602.517, 140
Trd, 258603.567, 140
Trd, 258603.933, 140
Trd, 258604.633, 140
Trd, 258604.767, 140
Trd, 258604.833, 140
Trd, 258604.967, 140
Trd, 258605.383, 140
Trd, 258605.717, 140
Trd, 258606.233, 140
Trd, 258606.383, 140
Trd, 258606.783, 140
Trd, 258606.917, 140
Trd, 258607.167, 140
Trd, 258607.983, 140
Trd, 258608.167, 140
Trd, 258608.383, 140
Trd, 258608.400, 139
Trd, 258608.450, 139
Trd, 258609.950, 140
Trd, 258610.433, 140
Trd, 258610.850, 140
Trd, 258611.117, 140
Trd, 258611.300, 122
Trd, 258612.567, 123
Trd, 258612.633, 133
Trd, 258612.750, 118
Trd, 258612.867, 111
Trd, 258613.200, 90
Trd, 258613.333, 89
Trd, 258613.617, 67
Trd, 258614.233, 67
Trd, 258614.817, 105
Trd, 258615.550, 60
Trd, 258616.733, 60
Trd, 258617.067, 60
Trd, 258617.233, 60
Trd, 258617.500, 60
Trd, 258617.617, 60
Trd, 258617.850, 60
Trd, 258618.367, 62
Trd, 258618.783, 63
Trd, 258618.800, 65
Trd, 258619.183, 62
Trd, 258619.917, 66
Trd, 258620.233, 68
Trd, 258620.250, 67
Trd, 258620.417, 77
Trd, 258620.467, 69
Trd, 258620.733, 88
Trd, 258620.867, 90
Trd, 258620.917, 91
Trd, 258621.267, 112
Trd, 258621.350, 110
Trd, 258621.367, 139
Trd, 258621.833, 72
Trd, 258622.200, 103
Trd, 258622.267, 104
Trd, 258623.050, 72
Trd, 258623.367, 140
Trd, 258623.683, 140
Trd, 258624.300, 140
Trd, 258624.700, 140
Trd, 258624.817, 140
Trd, 258626.050, 140
Trd, 258626.233, 140
Trd, 258626.500, 140
Trd, 258626.733, 140
Trd, 258627.200, 140
Trd, 258627.783, 140
Trd, 258628.950, 140
Trd, 258629.000, 140
Trd, 258629.433, 140
Trd, 258629.583, 140
Trd, 258631.000, 140
Trd, 258631.017, 140
Trd, 258631.583, 140
Trd, 258632.033, 140
Trd, 258632.633, 140
Trd, 258632.667, 140
Trd, 258632.700, 140
Trd, 258632.733, 140
Trd, 258633.017, 139
Trd, 258634.433, 140
Trd, 258635.133, 140
Trd, 258635.633, 140
Trd, 258635.783, 139
Trd, 258636.383, 139
Trd, 258636.500, 138
Trd, 258636.517, 137
Trd, 258637.083, 124
Trd, 258638.133, 116
Trd, 258638.533, 140
Trd, 258638.950, 139
Trd, 258639.083, 138
Trd, 258639.150, 134
Trd, 258639.200, 118
Trd, 258639.483, 121
Trd, 258639.917, 117
Trd, 258640.100, 121
Trd, 258640.367, 117
Trd, 258640.733, 135
Trd, 258640.750, 136
Trd, 258641.300, 140
Trd, 258641.500, 118
Trd, 258641.600, 117
Trd, 258641.733, 119
Trd, 258641.833, 140
Trd, 258642.367, 119
Trd, 258642.767, 140
Trd, 258642.800, 140
Trd, 258643.317, 137
Trd, 258644.233, 107
Trd, 258644.433, 106
Trd, 258644.917, 125
Trd, 258645.033, 124
Trd, 258645.217, 107
Trd, 258645.250, 104
Trd, 258645.800, 138
Trd, 258645.983, 139
Trd, 258646.483, 137
Trd, 258647.417, 140
Trd, 258647.867, 140
Trd, 258648.067, 140
Trd, 258648.717, 140
Trd, 258649.317, 140
Trd, 258650.017, 140
Trd, 258650.667, 140
Trd, 258651.100, 140
Trd, 258651.533, 140
Trd, 258652.233, 140
Trd, 258652.767, 140
Trd, 258652.783, 140
Trd, 258652.800, 140
Trd, 258653.650, 140
Trd, 258653.900, 140
Trd, 258654.300, 140
Trd, 258654.567, 140
Trd, 258655.433, 140
Trd, 258655.717, 140
Trd, 258656.383, 140
Trd, 258656.933, 140
Trd, 258656.950, 140
Trd, 258657.250, 140
Trd, 258657.317, 140
Trd, 258657.367, 140
Trd, 258657.417, 139
Trd, 258657.817, 140
Trd, 258658.250, 140
Trd, 258658.883, 140
Trd, 258659.283, 140
Trd, 258660.567, 140
Trd, 258661.117, 140
Trd, 258661.600, 140
Trd, 258661.633, 140
Trd, 258661.917, 140
Trd, 258662.417, 140
Trd, 258662.600, 140
Trd, 258662.650, 140
Trd, 258663.383, 140
Trd, 258664.333, 140
Trd, 258664.450, 140
Trd, 258664.483, 139
Trd, 258664.817, 139
Trd, 258664.833, 138
Trd, 258665.050, 137
Trd, 258665.200, 117
Trd, 258666.083, 137
Trd, 258666.650, 119
Trd, 258666.967, 118
Trd, 258667.017, 116
Trd, 258667.483, 132
Trd, 258667.700, 107
Trd, 258668.500, 140
Trd, 258669.467, 140
Trd, 258669.800, 140
Trd, 258670.200, 140
Trd, 258670.850, 140
Trd, 258671.733, 140
Trd, 258673.183, 140
Trd, 258673.300, 140
Trd, 258673.333, 140
Trd, 258674.033, 140
Trd, 258674.283, 140
Trd, 258674.633, 140
Trd, 258674.967, 139
Trd, 258675.067, 137
Trd, 258675.700, 137
Trd, 258675.767, 138
Trd, 258676.117, 139
Trd, 258676.633, 126
Trd, 258676.867, 118
Trd, 258677.300, 140
Trd, 258678.017, 140
Trd, 258678.583, 140
Trd, 258679.200, 140
Trd, 258679.250, 140
Trd, 258679.700, 140
Trd, 258680.100, 140
Trd, 258681.383, 140
Trd, 258681.517, 140
Trd, 258682.167, 140
Trd, 258682.217, 140
Trd, 258682.500, 140
Trd, 258683.200, 140
Trd, 258683.600, 139
Trd, 258683.700, 139
Trd, 258683.817, 138
Trd, 258683.983, 138
Trd, 258684.233, 117
Trd, 258684.633, 96
Trd, 258685.617, 88
Trd, 258685.850, 129
Trd, 258686.050, 131
Trd, 258686.067, 88
Trd, 258686.417, 88
Trd, 258686.483, 131
Trd, 258686.733, 130
Trd, 258686.900, 89
Trd, 258687.067, 91
Trd, 258687.317, 136
Trd, 258687.567, 139
Trd, 258688.283, 90
Trd, 258688.950, 129
Trd, 258689.050, 122
Trd, 258689.550, 128
Trd, 258689.700, 106
Trd, 258689.850, 127
Trd, 258690.333, 129
Trd, 258690.433, 77
Trd, 258690.733, 64
Trd, 258691.700, 66
Trd, 258692.033, 75
Trd, 258692.383, 76
Trd, 258692.733, 75
Trd, 258692.867, 74
Trd, 258693.117, 78
Trd, 258693.800, 66
Trd, 258693.850, 79
Trd, 258694.483, 140
Trd, 258696.217, 140
Trd, 258696.300, 140
Trd, 258696.567, 140
Trd, 258696.867, 139
Trd, 258697.150, 139
Trd, 258698.583, 140
Trd, 258699.283, 140
Trd, 258699.950, 140
Trd, 258700.233, 140
Trd, 258700.400, 140
Trd, 258701.383, 140
Trd, 258701.517, 140
Trd, 258701.767, 140
Trd, 258702.133, 140
Trd, 258702.283, 140
Trd, 258702.300, 140
Trd, 258702.317, 140
Trd, 258702.667, 140
Trd, 258702.917, 140
Trd, 258702.967, 139
Trd, 258703.483, 139
Trd, 258703.717, 128
Trd, 258704.283, 115
Trd, 258704.467, 135
Trd, 258704.517, 106
Trd, 258705.533, 103
Trd, 258705.767, 85
Trd, 258705.917, 84
Trd, 258705.950, 100
Trd, 258706.500, 60
Trd, 258706.717, 63
Trd, 258707.050, 64
Trd, 258707.067, 65
Trd, 258707.133, 61
Trd, 258707.500, 102
Trd, 258707.867, 62
Trd, 258708.150, 63
Trd, 258708.867, 61
Trd, 258709.017, 67
Trd, 258710.700, 62
Trd, 258711.983, 60
Trd, 258712.233, 60
Trd, 258713.417, 60
Trd, 258713.633, 60
Trd, 258713.800, 62
Trd, 258713.917, 62
Trd, 258714.150, 61
Trd, 258714.233, 61
Trd, 258714.300, 62
Trd, 258714.317, 62
Trd, 258714.350, 63
Trd, 258714.900, 63
Trd, 258715.083, 67
Trd, 258715.183, 64
Trd, 258715.417, 79
Trd, 258715.733, 138
Trd, 258716.283, 140
Trd, 258716.600, 140
Trd, 258716.783, 140
Trd, 258717.000, 138
Trd, 258718.350, 140
Trd, 258718.600, 140
Trd, 258719.233, 140
Trd, 258720.600, 140
Trd, 258720.800, 140
Trd, 258720.967, 140
Trd, 258721.517, 140
Trd, 258721.617, 140
Trd, 258721.733, 140
Trd, 258722.850, 122
Trd, 258723.200, 140
Trd, 258723.283, 121
Trd, 258723.317, 103
Trd, 258724.833, 140
Trd, 258725.367, 140
Trd, 258725.383, 140
Trd, 258725.467, 140
Trd, 258725.733, 140
Trd, 258725.783, 140
Trd, 258725.900, 140
Trd, 258726.083, 140
Trd, 258726.650, 140
Trd, 258727.050, 140
Trd, 258727.083, 137
Trd, 258727.633, 139
Trd, 258728.500, 138
Trd, 258728.550, 87
Trd, 258728.733, 72
Trd, 258728.750, 69
Trd, 258729.100, 85
Trd, 258730.033, 140
Trd, 258730.067, 138
Trd, 258730.700, 140
Trd, 258731.050, 140
Trd, 258731.400, 140
Trd, 258732.117, 139
Trd, 258732.167, 122
Trd, 258732.717, 113
Trd, 258733.067, 113
Trd, 258734.517, 136
Trd, 258734.533, 134
Trd, 258734.600, 138
Trd, 258734.950, 114
Trd, 258735.350, 140
Trd, 258735.667, 139
Trd, 258735.783, 100
Trd, 258736.083, 83
Trd, 258736.567, 82
Trd, 258736.983, 81
Trd, 258737.183, 90
Trd, 258737.233, 91
Trd, 258737.300, 72
Trd, 258737.517, 119
Trd, 258737.867, 100
Trd, 258738.667, 138
Trd, 258738.883, 98
Trd, 258738.983, 92
Trd, 258740.017, 95
Trd, 258740.100, 94
Trd, 258740.683, 98
Trd, 258741.150, 122
Trd, 258741.683, 130
Trd, 258742.050, 130
Trd, 258742.133, 130
Trd, 258742.367, 131
Trd, 258743.000, 140
Trd, 258744.217, 123
Trd, 258744.550, 137
Trd, 258745.017, 123
Trd, 258745.067, 122
Trd, 258745.300, 140
Trd, 258746.067, 123
Trd, 258746.883, 140
Trd, 258747.150, 140
Trd, 258747.400, 140
Trd, 258747.517, 140
Trd, 258747.667, 138
Trd, 258748.500, 140
Trd, 258748.850, 140
Trd, 258749.217, 140
Trd, 258749.667, 140
Trd, 258750.417, 140
Trd, 258750.450, 140
Trd, 258750.817, 138
Trd, 258750.967, 124
Trd, 258751.017, 111
Trd, 258751.783, 137
Trd, 258752.900, 140
Trd, 258753.283, 140
Trd, 258753.467, 140
Trd, 258753.750, 139
Trd, 258754.500, 139
Trd, 258756.067, 140
Trd, 258756.350, 140
Trd, 258756.733, 140
Trd, 258756.900, 140
Trd, 258756.950, 139
Trd, 258757.900, 140
Trd, 258758.000, 140
Trd, 258758.067, 140
Trd, 258758.183, 140
Trd, 258758.300, 140
Trd, 258758.600, 139
Trd, 258758.783, 137
Trd, 258759.233, 140
Trd, 258759.683, 119
Trd, 258760.917, 106
Trd, 258761.000, 105
Trd, 258761.167, 97
Trd, 258761.300, 132
Trd, 258761.350, 129
Trd, 258761.483, 91
Trd, 258761.750, 136
Trd, 258762.117, 133
Trd, 258762.500, 92
Trd, 258762.533, 136
Trd, 258763.683, 101
Trd, 258763.800, 96
Trd, 258764.467, 139
Trd, 258764.900, 138
Trd, 258764.967, 140
Trd, 258765.433, 129
Trd, 258766.400, 135
Trd, 258766.567, 128
Trd, 258767.050, 140
Trd, 258767.317, 135
Trd, 258768.117, 119
Trd, 258769.150, 140
Trd, 258769.200, 140
Trd, 258769.217, 118
Trd, 258769.267, 117
Trd, 258769.283, 104
Trd, 258769.383, 101
Trd, 258769.717, 140
Trd, 258769.933, 140
Trd, 258771.033, 140
Trd, 258771.300, 140
Trd, 258771.433, 140
Trd, 258771.517, 140
Trd, 258771.983, 140
Trd, 258772.850, 140
Trd, 258773.150, 140
Trd, 258773.383, 140
Trd, 258773.950, 139
Trd, 258774.167, 124
Trd, 258774.917, 62
Trd, 258775.050, 61
Trd, 258775.850, 62
Trd, 258775.900, 62
Trd, 258776.433, 61
Trd, 258777.133, 67
Trd, 258777.517, 68
Trd, 258778.233, 76
Trd, 258778.417, 78
Trd, 258778.433, 80
Trd, 258779.100, 140
Trd, 258779.567, 140
Trd, 258780.050, 140
Trd, 258780.233, 140
Trd, 258780.283, 136
Trd, 258780.650, 136
Trd, 258780.900, 138
Trd, 258781.050, 135
Trd, 258782.367, 140
Trd, 258782.400, 140
Trd, 258782.750, 140
Trd, 258784.567, 140
Trd, 258784.600, 140
Trd, 258784.800, 140
Trd, 258785.317, 139
Trd, 258786.050, 124
Trd, 258786.133, 121
Trd, 258786.367, 139
Trd, 258786.417, 140
Trd, 258787.200, 140
Trd, 258787.333, 140
Trd, 258787.517, 140
Trd, 258787.600, 140
Trd, 258788.650, 140
Trd, 258788.733, 140
Trd, 258788.767, 106
Trd, 258789.000, 94
Trd, 258789.117, 95
Trd, 258789.350, 94
Trd, 258790.850, 93
Trd, 258791.083, 108
Trd, 258791.500, 96
Trd, 258791.700, 95
Trd, 258791.733, 104
Trd, 258791.783, 92
Trd, 258791.950, 107
Trd, 258792.050, 108
Trd, 258792.083, 91
Trd, 258792.133, 120
Trd, 258793.167, 62
Trd, 258793.283, 75
Trd, 258793.417, 117
Trd, 258794.433, 75
Trd, 258794.850, 140
Trd, 258794.883, 140
Trd, 258796.017, 140
Trd, 258796.033, 140
Trd, 258796.183, 140
Trd, 258796.283, 140
Trd, 258796.350, 140
Trd, 258796.367, 133
Trd, 258796.617, 139
Trd, 258797.267, 123
Trd, 258798.133, 140
Trd, 258799.167, 140
Trd, 258799.567, 140
Trd, 258799.717, 139
Trd, 258800.633, 140
Trd, 258801.217, 140
Trd, 258801.850, 140
Trd, 258802.067, 140
Trd, 258802.550, 140
Trd, 258802.617, 140
Trd, 258802.667, 140
Trd, 258802.867, 140
Trd, 258803.067, 138
Trd, 258803.167, 122
Trd, 258803.700, 112
Trd, 258804.483, 109
Trd, 258804.500, 108
Trd, 258804.683, 100
Trd, 258805.983, 92
Trd, 258806.200, 90
Trd, 258806.283, 89
Trd, 258806.333, 109
Trd, 258806.517, 109
Trd, 258806.717, 108
Trd, 258807.033, 109
Trd, 258807.567, 119
Trd, 258807.617, 98
Trd, 258807.683, 127
Trd, 258808.417, 60
Trd, 258808.667, 61
Trd, 258809.383, 102
Trd, 258809.817, 61
Trd, 258810.800, 60
Trd, 258810.883, 61
Trd, 258811.100, 60
Trd, 258811.783, 117
Trd, 258811.900, 73
Trd, 258812.100, 73
Trd, 258812.233, 115
Trd, 258812.383, 124
Trd, 258812.467, 107
Trd, 258812.650, 127
Trd, 258812.750, 77
Trd, 258812.767, 96
Trd, 258813.083, 81
Trd, 258813.233, 133
Trd, 258814.017, 139
Trd, 258814.150, 140
Trd, 258814.733, 140
Trd, 258815.100, 140
Trd, 258815.200, 140
Trd, 258815.750, 140
Trd, 258816.067, 140
Trd, 258817.450, 140
Trd, 258817.933, 140
Trd, 258818.267, 140
Trd, 258819.083, 140
Trd, 258819.383, 140
Trd, 258819.550, 140
Trd, 258819.633, 140
Trd, 258820.050, 139
Trd, 258820.117, 138
Trd, 258820.267, 139
Trd, 258820.383, 107
Trd, 258820.450, 106
Trd, 258821.100, 104
Trd, 258821.633, 135
Trd, 258821.850, 136
Trd, 258821.900, 97
Trd, 258822.150, 93
Trd, 258822.300, 123
Trd, 258822.933, 94
Trd, 258823.683, 140
Trd, 258824.150, 140
Trd, 258824.333, 132
Trd, 258825.217, 114
Trd, 258825.467, 140
Trd, 258825.900, 140
Trd, 258826.033, 88
Trd, 258826.283, 79
Trd, 258827.100, 139
Trd, 258827.400, 140
Trd, 258827.950, 140
Trd, 258828.333, 140
Trd, 258830.167, 140
Trd, 258830.267, 140
Trd, 258831.333, 140
Trd, 258831.983, 140
Trd, 258832.083, 140
Trd, 258832.283, 140
Trd, 258832.317, 140
Trd, 258832.400, 140
Trd, 258832.850, 140
Trd, 258833.183, 140
Trd, 258833.233, 140
Trd, 258833.283, 139
Trd, 258834.050, 129
Trd, 258835.133, 137
Trd, 258835.200, 134
Trd, 258835.883, 135
Trd, 258836.300, 134
Trd, 258836.400, 135
Trd, 258836.567, 135
Trd, 258836.667, 136
Trd, 258837.300, 132
Trd, 258837.400, 131
Trd, 258837.833, 122
Trd, 258838.800, 140
Trd, 258838.817, 140
Trd, 258839.383, 140
Trd, 258839.600, 139
Trd, 258840.183, 139
Trd, 258840.317, 139
Trd, 258840.567, 140
Trd, 258840.917, 135
Trd, 258841.433, 60
Trd, 258841.517, 63
Trd, 258842.067, 139
Trd, 258842.217, 140
Trd, 258843.717, 140
Trd, 258843.967, 140
Trd, 258844.233, 140
Trd, 258844.267, 140
Trd, 258844.817, 140
Trd, 258845.050, 140
Trd, 258845.283, 140
Trd, 258845.300, 140
Trd, 258845.500, 140
Trd, 258846.483, 140
Trd, 258846.717, 140
Trd, 258847.117, 123
Trd, 258847.333, 112
Trd, 258847.500, 78
Trd, 258847.883, 138
Trd, 258847.900, 75
Trd, 258848.433, 139
Trd, 258848.867, 139
Trd, 258849.683, 140
Trd, 258850.300, 140
Trd, 258850.667, 140
Trd, 258851.067, 140
Trd, 258851.183, 140
Trd, 258851.483, 140
Trd, 258852.117, 140
Trd, 258852.300, 140
Trd, 258852.517, 140
Trd, 258852.950, 138
Trd, 258853.583, 130
Trd, 258854.400, 114
Trd, 258854.450, 113
Trd, 258854.483, 108
Trd, 258854.633, 105
Trd, 258854.917, 138
Trd, 258856.767, 140
Trd, 258857.100, 140
Trd, 258857.233, 140
Trd, 258857.317, 140
Trd, 258857.617, 120
Trd, 258858.183, 114
Trd, 258858.283, 103
Trd, 258858.383, 140
Trd, 258858.500, 133
Trd, 258859.350, 136
Trd, 258859.750, 140
Trd, 258860.217, 138
Trd, 258860.650, 139
Trd, 258860.667, 134
Trd, 258860.933, 134
Trd, 258861.150, 133
Trd, 258861.317, 136
Trd, 258861.567, 140
Trd, 258861.633, 133
Trd, 258862.350, 136
Trd, 258863.217, 140
Trd, 258863.267, 140
Trd, 258863.350, 140
Trd, 258863.567, 139
Trd, 258863.950, 139
Trd, 258864.133, 139
Trd, 258864.783, 139
Trd, 258865.267, 139
Trd, 258866.250, 140
Trd, 258867.033, 140
Trd, 258867.417, 140
Trd, 258867.683, 140
Trd, 258867.817, 140
Trd, 258868.233, 140
Trd, 258868.817, 140
Trd, 258869.067, 140
Trd, 258869.383, 140
Trd, 258869.433, 140
Trd, 258869.567, 138
Trd, 258869.633, 137
Trd, 258869.850, 135
Trd, 258870.550, 125
Trd, 258870.583, 124
Trd, 258870.817, 139
Trd, 258871.617, 140
Trd, 258871.917, 140
Trd, 258872.017, 119
Trd, 258873.033, 124
Trd, 258873.450, 138
Trd, 258873.767, 128
Trd, 258873.917, 137
Trd, 258874.217, 127
Trd, 258874.450, 135
Trd, 258874.600, 138
Trd, 258874.683, 138
Trd, 258875.850, 130
Trd, 258876.283, 130
Trd, 258876.600, 130
Trd, 258877.317, 132
Trd, 258877.817, 132
Trd, 258877.983, 128
Trd, 258878.317, 113
Trd, 258878.883, 109
Trd, 258879.050, 131
Trd, 258879.100, 109
Trd, 258879.300, 108
Trd, 258879.467, 134
Trd, 258879.533, 100
Trd, 258879.867, 139
Trd, 258880.567, 116
Trd, 258880.983, 94
Trd, 258881.467, 67
Trd, 258882.300, 61
Trd, 258882.750, 61
Trd, 258882.817, 61
Trd, 258882.850, 62
Trd, 258883.367, 98
Trd, 258883.500, 129
Trd, 258884.383, 140
Trd, 258884.467, 140
Trd, 258884.517, 140
Trd, 258884.783, 140
Trd, 258884.933, 140
Trd, 258886.450, 140
Trd, 258886.833, 140
Trd, 258887.117, 118
Trd, 258887.550, 83
Trd, 258888.083, 81
Trd, 258888.317, 60
Trd, 258888.333, 60
Trd, 258888.817, 60
Trd, 258889.100, 60
Trd, 258889.233, 64
Trd, 258889.400, 67
Trd, 258889.783, 61
Trd, 258889.950, 62
Trd, 258890.033, 65
Trd, 258890.650, 111
Trd, 258890.767, 110
Trd, 258891.400, 74
Trd, 258891.833, 84
Trd, 258892.533, 109
Trd, 258893.200, 95
Trd, 258893.400, 95
Trd, 258893.433, 124
Trd, 258894.567, 125
Trd, 258894.900, 133
Trd, 258896.217, 138
Trd, 258896.367, 137
Trd, 258896.900, 139
Trd, 258897.183, 139
Trd, 258897.267, 138
Trd, 258897.967, 136
Trd, 258898.267, 133
Trd, 258898.317, 135
Trd, 258898.467, 119
Trd, 258898.500, 103
Trd, 258898.850, 129
Trd, 258899.017, 103
Trd, 258899.867, 140
Trd, 258900.367, 140
Trd, 258901.517, 140
Trd, 258901.567, 140
Trd, 258902.117, 140
Trd, 258902.283, 140
Trd, 258903.067, 140
Trd, 258903.217, 140
Trd, 258903.283, 140
Trd, 258903.350, 140
Trd, 258903.500, 140
Trd, 258903.583, 139
Trd, 258903.633, 140
Trd, 258904.383, 140
Trd, 258904.833, 139
Trd, 258906.117, 140
Trd, 258907.350, 140
Trd, 258907.433, 140
Trd, 258907.483, 140
Trd, 258907.533, 140
Trd, 258908.083, 140
Trd, 258908.233, 140
Trd, 258908.383, 139
Trd, 258908.400, 138
Trd, 258909.067, 139
Trd, 258909.217, 140
Trd, 258909.383, 107
Trd, 258909.750, 140
Trd, 258909.917, 94
Trd, 258910.317, 94
Trd, 258910.500, 93
Trd, 258911.500, 140
Trd, 258911.883, 120
Trd, 258912.700, 106
Trd, 258913.150, 140
Trd, 258913.667, 138
Trd, 258914.133, 137
Trd, 258914.617, 134
Trd, 258914.700, 126
Trd, 258914.933, 134
Trd, 258915.083, 103
Trd, 258916.050, 140
Trd, 258916.083, 139
Trd, 258917.267, 115
Trd, 258918.983, 140
Trd, 258919.067, 140
Trd, 258919.317, 140
Trd, 258920.000, 140
Trd, 258920.100, 140
Trd, 258920.233, 140
Trd, 258920.267, 140
Trd, 258920.383, 140
Trd, 258920.850, 138
Trd, 258921.400, 140
Trd, 258921.533, 140
Trd, 258921.700, 140
Trd, 258922.000, 140
Trd, 258922.267, 124
Trd, 258922.317, 123
Trd, 258922.850, 140
Trd, 258922.917, 140
Trd, 258923.183, 134
Trd, 258923.250, 100
Trd, 258923.267, 96
Trd, 258923.817, 140
Trd, 258924.267, 140
Trd, 258924.600, 138
Trd, 258924.917, 111
Trd, 258924.950, 110
Trd, 258925.133, 110
Trd, 258926.000, 110
Trd, 258926.100, 96
Trd, 258926.200, 60
Trd, 258926.567, 60
Trd, 258927.083, 60
Trd, 258928.283, 60
Trd, 258928.567, 60
Trd, 258929.200, 60
Trd, 258929.633, 60
Trd, 258930.183, 60
Trd, 258930.783, 62
Trd, 258930.833, 62
Trd, 258931.283, 65
Trd, 258931.850, 77
Trd, 258932.067, 78
Trd, 258932.467, 90
Trd, 258933.067, 81
Trd, 258933.250, 74
Trd, 258933.350, 73
Trd, 258933.800, 112
Trd, 258933.833, 72
Trd, 258934.233, 77
Trd, 258934.617, 75
Trd, 258936.350, 140
Trd, 258936.400, 140
Trd, 258936.467, 139
Trd, 258937.567, 140
Trd, 258938.033, 140
Trd, 258938.050, 140
Trd, 258938.267, 140
Trd, 258938.867, 140
Trd, 258939.067, 140
Trd, 258940.467, 140
Trd, 258940.500, 140
Trd, 258940.567, 140
Trd, 258941.200, 140
Trd, 258941.283, 140
Trd, 258941.417, 140
Trd, 258942.083, 140
Trd, 258942.167, 140
Trd, 258942.667, 140
Trd, 258942.783, 140
Trd, 258942.817, 140
Trd, 258943.100, 140
Trd, 258943.817, 140
Trd, 258943.967, 140
Trd, 258944.167, 140
Trd, 258944.617, 139
Trd, 258944.950, 139
Trd, 258945.850, 140
Trd, 258946.067, 139
Trd, 258946.100, 140
Trd, 258946.300, 138
Trd, 258946.483, 128
Trd, 258946.617, 122
Trd, 258947.617, 107
Trd, 258947.850, 138
Trd, 258948.233, 92
Trd, 258948.700, 107
Trd, 258948.867, 91
Trd, 258948.883, 89
Trd, 258949.050, 64
Trd, 258949.533, 60
Trd, 258950.967, 60
Trd, 258951.700, 61
Trd, 258951.767, 61
Trd, 258952.067, 66
Trd, 258952.500, 68
Trd, 258952.800, 66
Trd, 258953.800, 60
Trd, 258953.817, 60
Trd, 258954.100, 60
Trd, 258954.183, 60
Trd, 258954.433, 60
Trd, 258954.683, 61
Trd, 258954.867, 63
Trd, 258955.467, 71
Trd, 258955.483, 72
Trd, 258955.917, 68
Trd, 258956.333, 71
Trd, 258956.700, 71
Trd, 258956.800, 72
Trd, 258956.817, 73
Trd, 258956.867, 70
Trd, 258957.750, 62
Trd, 258957.867, 81
Trd, 258959.850, 62
Trd, 258960.650, 61
Trd, 258960.800, 62
Trd, 258961.500, 60
Trd, 258961.617, 60
Trd, 258961.633, 61
Trd, 258961.933, 64
Trd, 258962.050, 65
Trd, 258962.567, 65
Trd, 258962.600, 67
Trd, 258962.900, 64
Trd, 258964.450, 60
Trd, 258965.017, 75
Trd, 258965.433, 70
Trd, 258965.817, 68
Trd, 258966.600, 64
Trd, 258967.217, 64
Trd, 258967.300, 65
Trd, 258967.450, 63
Trd, 258967.950, 64
Trd, 258968.000, 65
Trd, 258968.033, 65
Trd, 258968.750, 75
Trd, 258968.917, 82
Trd, 258969.517, 62
Trd, 258970.233, 82
Trd, 258970.267, 68
Trd, 258970.367, 94
Trd, 258971.117, 61
Trd, 258971.600, 62
Trd, 258971.683, 61
Trd, 258971.700, 62
Trd, 258972.533, 70
Trd, 258972.633, 71
Trd, 258972.733, 78
Trd, 258972.933, 71
Trd, 258973.000, 70
Trd, 258973.167, 140
Trd, 258973.367, 140
Trd, 258973.750, 100
Trd, 258974.467, 140
Trd, 258975.000, 140
Trd, 258975.067, 140
Trd, 258975.550, 140
Trd, 258975.683, 140
Trd, 258975.817, 127
Trd, 258975.933, 126
Trd, 258976.517, 139
Trd, 258976.750, 104
Trd, 258977.167, 140
Trd, 258977.200, 101
Trd, 258977.717, 106
Trd, 258979.533, 140
Trd, 258979.600, 140
Trd, 258979.917, 140
Trd, 258980.000, 140
Trd, 258981.700, 140
Trd, 258981.817, 140
Trd, 258981.850, 140
Trd, 258982.033, 140
Trd, 258982.167, 140
Trd, 258982.400, 140
Trd, 258982.450, 140
Trd, 258983.317, 131
Trd, 258983.583, 139
Trd, 258984.183, 130
Trd, 258985.050, 135
Trd, 258985.233, 130
Trd, 258985.250, 122
Trd, 258985.600, 120
Trd, 258985.933, 120
Trd, 258987.150, 140
Trd, 258987.267, 140
Trd, 258987.900, 140
Trd, 258988.000, 140
Trd, 258988.217, 140
Trd, 258988.733, 140
Trd, 258989.050, 140
Trd, 258989.167, 140
Trd, 258989.917, 140
Trd, 258990.067, 140
Trd, 258990.350, 140
Trd, 258990.667, 140
Trd, 258991.567, 140
Trd, 258991.767, 140
Trd, 258991.800, 140
Trd, 258991.833, 140
Trd, 258992.733, 140
Trd, 258993.500, 140
Trd, 258994.050, 140
Trd, 258994.117, 140
Trd, 258994.333, 140
Trd, 258994.433, 140
Trd, 258994.567, 140
Trd, 258995.350, 140
Trd, 258995.617, 140
Trd, 258995.917, 140
Trd, 258996.833, 140
Trd, 258997.467, 140
Trd, 258997.550, 140
Trd, 258998.050, 140
Trd, 258999.167, 140
Trd, 258999.433, 140
Trd, 258999.583, 140
Trd, 258999.850, 140
Trd, 258999.983, 140
Trd, 259000.083, 140
Trd, 259000.483, 140
Trd, 259000.950, 140
Trd, 259001.433, 140
Trd, 259001.617, 139
Trd, 259002.033, 135
Trd, 259002.250, 139
Trd, 259003.067, 123
Trd, 259003.150, 105
Trd, 259004.033, 64
Trd, 259004.633, 140
Trd, 259005.200, 140
Trd, 259005.383, 138
Trd, 259006.250, 140
Trd, 259006.700, 140
Trd, 259006.733, 140
Trd, 259006.800, 139
Trd, 259007.517, 139
Trd, 259007.533, 138
Trd, 259007.750, 138
Trd, 259007.883, 120
Trd, 259008.033, 120
Trd, 259008.233, 111
Trd, 259008.267, 134
Trd, 259009.650, 112
Trd, 259010.000, 111
Trd, 259010.283, 128
Trd, 259010.583, 121
Trd, 259010.650, 127
Trd, 259010.883, 114
Trd, 259010.967, 108
Trd, 259011.017, 132
Trd, 259011.033, 90
Trd, 259011.383, 138
Trd, 259011.400, 140
Trd, 259012.233, 139
Trd, 259013.650, 63
Trd, 259013.667, 67
Trd, 259015.233, 61
Trd, 259015.500, 61
Trd, 259015.733, 62
Trd, 259016.200, 62
Trd, 259016.383, 63
Trd, 259016.500, 61
Trd, 259016.550, 60
Trd, 259016.750, 64
Trd, 259017.033, 65
Trd, 259017.983, 68
Trd, 259018.217, 78
Trd, 259018.550, 68
Trd, 259019.700, 140
Trd, 259019.850, 140
Trd, 259020.167, 140
Trd, 259020.367, 140
Trd, 259020.450, 140
Trd, 259020.783, 140
Trd, 259020.933, 91
Trd, 259021.067, 86
Trd, 259021.400, 81
Trd, 259021.417, 136
Trd, 259022.167, 104
Trd, 259022.433, 80
Trd, 259022.533, 76
Trd, 259023.833, 64
Trd, 259024.133, 61
Trd, 259024.700, 62
Trd, 259025.317, 73
Trd, 259025.617, 69
Trd, 259026.150, 101
Trd, 259026.267, 78
Trd, 259026.467, 126
Trd, 259026.683, 139
Trd, 259028.717, 140
Trd, 259028.883, 140
Trd, 259028.900, 140
Trd, 259029.033, 140
Trd, 259029.200, 140
Trd, 259030.517, 140
Trd, 259030.833, 140
Trd, 259031.317, 140
Trd, 259031.417, 140
Trd, 259031.567, 139
Trd, 259031.850, 139
Trd, 259032.250, 138
Trd, 259032.883, 140
Trd, 259033.433, 138
Trd, 259033.900, 121
Trd, 259034.083, 120
Trd, 259034.267, 140
Trd, 259034.333, 119
Trd, 259034.450, 118
Trd, 259034.600, 110
Trd, 259035.483, 138
Trd, 259035.500, 137
Trd, 259035.833, 123
Trd, 259036.300, 132
Trd, 259036.383, 134
Trd, 259037.200, 121
Trd, 259037.417, 129
Trd, 259037.550, 122
Trd, 259037.833, 129
Trd, 259038.233, 121
Trd, 259038.300, 130
Trd, 259039.100, 112
Trd, 259039.500, 119
Trd, 259039.533, 112
Trd, 259039.850, 94
Trd, 259040.167, 118
Trd, 259040.567, 112
Trd, 259041.100, 111
Trd, 259041.383, 112
Trd, 259042.217, 103
Trd, 259042.550, 110
Trd, 259042.567, 111
Trd, 259042.650, 102
Trd, 259042.717, 88
Trd, 259043.183, 114
Trd, 259043.267, 82
Trd, 259043.383, 130
Trd, 259043.550, 81
Trd, 259043.983, 109
Trd, 259044.400, 73
Trd, 259046.000, 140
Trd, 259046.100, 140
Trd, 259046.150, 140
Trd, 259046.783, 140
Trd, 259047.017, 140
Trd, 259047.950, 140
Trd, 259048.100, 140
Trd, 259048.267, 140
Trd, 259049.483, 140
Trd, 259050.017, 140
Trd, 259050.550, 140
Trd, 259051.017, 140
Trd, 259051.117, 140
Trd, 259051.383, 140
Trd, 259051.417, 140
Trd, 259051.667, 134
Trd, 259051.900, 123
Trd, 259052.083, 121
Trd, 259052.217, 131
Trd, 259052.483, 130
Trd, 259052.717, 119
Trd, 259053.433, 119
Trd, 259053.517, 119
Trd, 259053.650, 120
Trd, 259054.217, 74
Trd, 259054.650, 124
Trd, 259054.817, 123
Trd, 259055.300, 60
Trd, 259056.283, 61
Trd, 259056.400, 63
Trd, 259056.733, 60
Trd, 259057.500, 60
Trd, 259057.850, 60
Trd, 259058.950, 60
Trd, 259059.283, 62
Trd, 259059.450, 64
Trd, 259060.950, 60
Trd, 259061.583, 60
Trd, 259062.050, 60
Trd, 259062.117, 60
Trd, 259062.383, 62
Trd, 259062.650, 62
Trd, 259062.683, 61
Trd, 259062.900, 62
Trd, 259063.083, 63
Trd, 259063.100, 66
Trd, 259063.217, 62
Trd, 259064.350, 69
Trd, 259064.433, 68
Trd, 259064.450, 70
Trd, 259064.650, 71
Trd, 259064.833, 81
Trd, 259065.067, 75
Trd, 259065.917, 78
Trd, 259067.017, 84
Trd, 259067.233, 87
Trd, 259067.717, 82
Trd, 259067.783, 81
Trd, 259067.950, 97
Trd, 259068.167, 82
Trd, 259068.333, 81
Trd, 259068.483, 105
Trd, 259068.983, 140
Trd, 259069.200, 82
Trd, 259069.217, 81
Trd, 259069.383, 71
Trd, 259069.600, 71
Trd, 259070.333, 140
Trd, 259071.000, 140
Trd, 259071.500, 139
Trd, 259071.717, 140
Trd, 259072.683, 140
Trd, 259072.967, 140
Trd, 259073.350, 140
Trd, 259073.650, 139
Trd, 259073.783, 138
Trd, 259073.883, 122
Trd, 259073.900, 87
Trd, 259074.433, 97
Trd, 259074.517, 98
Trd, 259075.033, 93
Trd, 259075.233, 129
Trd, 259076.350, 84
Trd, 259076.550, 85
Trd, 259076.683, 84
Trd, 259076.917, 85
Trd, 259076.933, 86
Trd, 259077.717, 87
Trd, 259078.000, 85
Trd, 259078.467, 108
Trd, 259078.783, 86
Trd, 259078.883, 85
Trd, 259078.983, 100
Trd, 259079.083, 84
Trd, 259079.133, 62
Trd, 259079.383, 101
Trd, 259080.567, 140
Trd, 259080.867, 140
Trd, 259081.267, 140
Trd, 259082.100, 140
Trd, 259082.183, 140
Trd, 259082.500, 139
Trd, 259082.867, 140
Trd, 259083.500, 139
Trd, 259083.767, 140
Trd, 259084.183, 139
Trd, 259084.533, 138
Trd, 259085.217, 101
Trd, 259085.483, 105
Trd, 259085.783, 104
Trd, 259086.117, 99
Trd, 259087.533, 60
Trd, 259087.567, 60
Trd, 259087.817, 60
Trd, 259087.967, 61
Trd, 259088.933, 61
Trd, 259088.967, 62
Trd, 259089.067, 62
Trd, 259089.100, 66
Trd, 259089.433, 73
Trd, 259089.667, 74
Trd, 259089.767, 118
Trd, 259090.217, 65
Trd, 259091.350, 140
Trd, 259091.650, 117
Trd, 259092.050, 118
Trd, 259092.783, 140
Trd, 259093.733, 140
Trd, 259095.100, 140
Trd, 259095.600, 140
Trd, 259095.633, 140
Trd, 259095.650, 140
Trd, 259096.033, 140
Trd, 259096.683, 140
Trd, 259097.300, 140
Trd, 259098.067, 140
Trd, 259098.133, 140
Trd, 259099.250, 140
Trd, 259099.650, 140
Trd, 259101.050, 140
Trd, 259101.717, 140
Trd, 259102.050, 140
Trd, 259102.200, 140
Trd, 259102.483, 140
Trd, 259102.767, 140
Trd, 259103.000, 140
Trd, 259103.083, 140
Trd, 259103.400, 139
Trd, 259103.450, 137
Trd, 259103.517, 121
Trd, 259103.533, 115
Trd, 259103.783, 135
Trd, 259104.000, 135
Trd, 259104.900, 127
Trd, 259105.267, 132
Trd, 259105.800, 132
Trd, 259105.983, 132
Trd, 259106.317, 133
Trd, 259106.383, 131
Trd, 259106.450, 127
Trd, 259106.550, 139
Trd, 259107.283, 140
Trd, 259107.783, 140
Trd, 259107.967, 140
Trd, 259108.683, 140
Trd, 259108.767, 140
Trd, 259109.350, 140
Trd, 259110.283, 140
Trd, 259110.567, 140
Trd, 259110.967, 139
Trd, 259111.033, 138
Trd, 259111.467, 140
Trd, 259112.100, 140
Trd, 259112.267, 137
Trd, 259112.833, 126
Trd, 259112.867, 125
Trd, 259112.967, 111
Trd, 259113.783, 140
Trd, 259115.700, 140
Trd, 259116.183, 140
Trd, 259116.500, 140
Trd, 259116.867, 140
Trd, 259116.883, 140
Trd, 259117.033, 140
Trd, 259117.100, 140
Trd, 259117.150, 140
Trd, 259117.517, 140
Trd, 259118.767, 137
Trd, 259118.800, 127
Trd, 259119.167, 124
Trd, 259120.650, 129
Trd, 259120.767, 129
Trd, 259120.850, 130
Trd, 259120.967, 133
Trd, 259121.067, 128
Trd, 259121.433, 138
Trd, 259122.033, 139
Trd, 259122.067, 122
Trd, 259122.083, 119
Trd, 259122.100, 117
Trd, 259122.150, 107
Trd, 259122.367, 104
Trd, 259122.500, 61
Trd, 259123.900, 116
Trd, 259124.083, 132
Trd, 259124.433, 89
Trd, 259124.617, 132
Trd, 259124.683, 137
Trd, 259125.000, 137
Trd, 259125.217, 89
Trd, 259125.233, 87
Trd, 259125.967, 64
Trd, 259126.333, 80
Trd, 259127.700, 140
Trd, 259127.833, 140
Trd, 259128.033, 139
Trd, 259128.417, 120
Trd, 259128.500, 140
Trd, 259128.967, 137
Trd, 259129.167, 138
Trd, 259129.667, 101
Trd, 259130.100, 63
Trd, 259131.033, 62
Trd, 259131.117, 63
Trd, 259131.300, 68
Trd, 259131.833, 62
Trd, 259132.450, 64
Trd, 259132.467, 65
Trd, 259132.500, 75
Trd, 259132.850, 77
Trd, 259132.883, 115
Trd, 259133.367, 63
Trd, 259135.067, 60
Trd, 259135.117, 60
Trd, 259135.300, 62
Trd, 259136.817, 60
Trd, 259136.867, 60
Trd, 259136.900, 61
Trd, 259136.950, 61
Trd, 259137.050, 60
Trd, 259137.283, 61
Trd, 259137.517, 62
Trd, 259137.833, 62
Trd, 259137.967, 62
Trd, 259138.083, 64
Trd, 259138.133, 72
Trd, 259138.250, 72
Trd, 259138.300, 140
Trd, 259138.700, 140
Trd, 259139.100, 62
Trd, 259139.583, 63
Trd, 259141.583, 90
Trd, 259142.200, 121
Trd, 259143.133, 106
Trd, 259143.233, 107
Trd, 259143.617, 87
Trd, 259144.100, 107
Trd, 259144.517, 90
Trd, 259145.167, 92
Trd, 259145.433, 102
Trd, 259145.667, 92
Trd, 259145.750, 90
Trd, 259145.867, 84
Trd, 259145.933, 115
Trd, 259147.050, 98
Trd, 259147.550, 88
Trd, 259147.750, 118
Trd, 259147.850, 90
Trd, 259148.633, 93
Trd, 259148.833, 130
Trd, 259149.300, 60
Trd, 259149.350, 62
Trd, 259149.650, 113
Trd, 259150.433, 139
Trd, 259150.667, 122
Trd, 259151.333, 63
Trd, 259151.483, 63
Trd, 259153.117, 140
Trd, 259153.317, 140
Trd, 259153.483, 140
Trd, 259153.600, 140
Trd, 259153.650, 140
Trd, 259153.817, 140
Trd, 259153.950, 140
Trd, 259154.017, 139
Trd, 259154.467, 139
Trd, 259154.917, 140
Trd, 259155.133, 140
Trd, 259156.683, 140
Trd, 259156.800, 140
Trd, 259157.083, 140
Trd, 259157.267, 140
Trd, 259157.633, 139
Trd, 259158.017, 140
Trd, 259158.283, 140
Trd, 259158.467, 121
Trd, 259159.083, 86
Trd, 259159.400, 139
Trd, 259159.950, 78
Trd, 259160.150, 139
Trd, 259160.900, 139
Trd, 259161.000, 140
Trd, 259161.633, 140
Trd, 259162.567, 140
Trd, 259162.900, 140
Trd, 259163.100, 140
Trd, 259163.117, 140
Trd, 259163.200, 139
Trd, 259163.483, 140
Trd, 259163.617, 138
Trd, 259164.300, 137
Trd, 259166.583, 140
Trd, 259166.667, 140
Trd, 259166.767, 140
Trd, 259166.800, 140
Trd, 259166.817, 138
Trd, 259166.983, 140
Trd, 259167.050, 119
Trd, 259167.717, 118
Trd, 259167.783, 138
Trd, 259168.517, 116
Trd, 259168.833, 137
Trd, 259169.250, 93
Trd, 259170.100, 93
Trd, 259170.250, 91
Trd, 259170.533, 130
Trd, 259170.700, 79
Trd, 259170.733, 132
Trd, 259172.067, 128
Trd, 259172.200, 118
Trd, 259172.733, 124
Trd, 259172.850, 123
Trd, 259173.000, 90
Trd, 259173.183, 91
Trd, 259173.217, 90
Trd, 259173.350, 123
Trd, 259173.667, 106
Trd, 259174.033, 105
Trd, 259174.067, 105
Trd, 259174.667, 122
Trd, 259174.867, 123
Trd, 259174.917, 124
Trd, 259175.817, 84
Trd, 259176.100, 114
Trd, 259176.217, 115
Trd, 259176.350, 117
Trd, 259176.600, 122
Trd, 259177.617, 96
Trd, 259177.800, 96
Trd, 259177.983, 114
Trd, 259178.150, 122
Trd, 259178.333, 94
Trd, 259179.667, 100
Trd, 259180.650, 125
Trd, 259180.683, 101
Trd, 259180.950, 100
Trd, 259181.083, 128
Trd, 259181.150, 138
Trd, 259181.200, 99
Trd, 259181.300, 99
Trd, 259181.317, 98
Trd, 259181.633, 100
Trd, 259181.917, 139
Trd, 259182.550, 93
Trd, 259183.667, 140
Trd, 259183.750, 140
Trd, 259183.900, 140
Trd, 259183.983, 140
Trd, 259184.450, 140
Trd, 259186.783, 140
Trd, 259186.833, 140
Trd, 259187.200, 140
Trd, 259187.350, 140
Trd, 259188.033, 140
Trd, 259188.217, 140
Trd, 259188.650, 140
Trd, 259188.717, 140
Trd, 259189.000, 138
Trd, 259189.117, 137
Trd, 259189.133, 127
Trd, 259189.267, 121
Trd, 259189.433, 115
Trd, 259191.050, 140
Trd, 259191.133, 140
Trd, 259191.467, 140
Trd, 259191.733, 140
Trd, 259191.850, 140
Trd, 259192.050, 140
Trd, 259192.417, 140
Trd, 259192.967, 140
Trd, 259192.983, 140
Trd, 259193.583, 140
Trd, 259193.667, 140
Trd, 259194.050, 139
Trd, 259194.450, 121
Trd, 259194.483, 139
Trd, 259194.650, 139
Trd, 259195.700, 140
Trd, 259195.817, 140
Trd, 259195.900, 138
Trd, 259196.033, 98
Trd, 259196.717, 138
Trd, 259197.017, 69
Trd, 259197.500, 61
Trd, 259197.567, 60
Trd, 259197.700, 60
Trd, 259197.800, 61
Trd, 259198.233, 114
Trd, 259198.383, 62
Trd, 259199.083, 65
Trd, 259199.217, 64
Trd, 259199.317, 93
Trd, 259199.667, 105
