Trd, 430648.483, 88
Trd, 430648.967, 89
Trd, 430649.417, 106
Trd, 430649.500, 91
Trd, 430649.533, 89
Trd, 430649.550, 107
Trd, 430649.567, 121
Trd, 430650.533, 95
Trd, 430651.700, 95
Trd, 430652.033, 108
Trd, 430652.767, 94
Trd, 430653.967, 102
Trd, 430655.933, 88
Trd, 430657.267, 101
Trd, 430658.000, 105
Trd, 430658.133, 98
Trd, 430658.417, 91
Trd, 430659.050, 115
Trd, 430659.417, 106
Trd, 430659.833, 94
Trd, 430660.500, 90
Trd, 430660.583, 84
Trd, 430661.483, 90
Trd, 430662.183, 87
Trd, 430665.500, 118
Trd, 430665.967, 108
Trd, 430666.033, 109
Trd, 430666.400, 103
Trd, 430666.667, 98
Trd, 430666.717, 98
Trd, 430667.450, 95
Trd, 430668.117, 91
Trd, 430668.333, 105
Trd, 430668.883, 89
Trd, 430670.883, 104
Trd, 430671.500, 103
Trd, 430672.267, 96
Trd, 430672.317, 104
Trd, 430673.550, 114
Trd, 430674.917, 103
Trd, 430676.650, 93
Trd, 430676.867, 90
Trd, 430677.550, 85
Trd, 430678.517, 88
Trd, 430679.433, 92
Trd, 430679.567, 86
Trd, 430679.883, 96
Trd, 430680.100, 86
Trd, 430680.500, 106
Trd, 430680.667, 101
Trd, 430681.533, 101
Trd, 430682.100, 103
Trd, 430683.150, 98
Trd, 430683.217, 109
Trd, 430683.583, 98
Trd, 430684.583, 115
Trd, 430685.533, 107
Trd, 430685.933, 102
Trd, 430686.367, 99
Trd, 430687.700, 106
Trd, 430687.933, 103
Trd, 430688.567, 97
Trd, 430688.933, 96
Trd, 430689.067, 95
Trd, 430689.133, 91
Trd, 430691.300, 87
Trd, 430691.900, 83
Trd, 430692.683, 97
Trd, 430692.733, 107
Trd, 430693.717, 105
Trd, 430693.983, 90
Trd, 430694.550, 90
Trd, 430695.217, 106
Trd, 430698.433, 102
Trd, 430698.583, 101
Trd, 430698.933, 96
Trd, 430700.733, 98
Trd, 430701.700, 101
Trd, 430702.133, 95
Trd, 430702.983, 97
Trd, 430703.217, 105
Trd, 430704.567, 108
Trd, 430704.767, 91
Trd, 430704.850, 87
Trd, 430705.250, 90
Trd, 430706.817, 96
Trd, 430707.283, 107
Trd, 430707.550, 112
Trd, 430708.317, 111
Trd, 430708.633, 97
Trd, 430709.500, 112
Trd, 430711.200, 112
Trd, 430711.250, 111
Trd, 430711.700, 116
Trd, 430712.517, 113
Trd, 430713.933, 104
Trd, 430714.050, 104
Trd, 430714.067, 102
Trd, 430714.633, 96
Trd, 430714.667, 96
Trd, 430715.267, 94
Trd, 430715.467, 91
Trd, 430716.983, 91
Trd, 430717.450, 90
Trd, 430718.467, 87
Trd, 430718.700, 107
Trd, 430719.667, 115
Trd, 430720.150, 87
Trd, 430722.200, 104
Trd, 430722.933, 107
Trd, 430723.300, 103
Trd, 430724.250, 103
Trd, 430724.400, 105
Trd, 430724.683, 97
Trd, 430725.217, 98
Trd, 430725.450, 97
Trd, 430725.583, 104
Trd, 430725.950, 89
Trd, 430726.617, 118
Trd, 430727.667, 120
Trd, 430728.417, 95
Trd, 430728.833, 88
Trd, 430729.267, 87
Trd, 430730.433, 100
Trd, 430731.733, 104
Trd, 430733.567, 93
Trd, 430734.783, 100
Trd, 430734.983, 103
Trd, 430735.083, 93
Trd, 430736.183, 96
Trd, 430736.517, 92
Trd, 430736.850, 87
Trd, 430738.200, 94
Trd, 430738.283, 104
Trd, 430738.800, 96
Trd, 430739.317, 95
Trd, 430740.300, 95
Trd, 430740.400, 108
Trd, 430741.283, 84
Trd, 430742.450, 111
Trd, 430743.117, 113
Trd, 430745.650, 95
Trd, 430745.783, 84
Trd, 430746.033, 107
Trd, 430746.400, 89
Trd, 430746.600, 95
Trd, 430748.550, 88
Trd, 430749.467, 115
Trd, 430750.483, 101
Trd, 430751.217, 91
Trd, 430751.317, 89
Trd, 430751.617, 97
Trd, 430751.800, 105
Trd, 430752.083, 92
Trd, 430752.950, 102
Trd, 430753.233, 101
Trd, 430755.683, 101
Trd, 430756.817, 97
Trd, 430757.683, 99
Trd, 430758.700, 96
Trd, 430758.850, 96
Trd, 430759.200, 101
Trd, 430759.800, 104
Trd, 430760.333, 104
Trd, 430760.367, 95
Trd, 430760.683, 108
Trd, 430761.517, 100
Trd, 430763.283, 104
Trd, 430763.683, 92
Trd, 430763.867, 90
Trd, 430764.017, 87
Trd, 430764.967, 88
Trd, 430766.483, 93
Trd, 430766.583, 95
Trd, 430766.700, 91
Trd, 430767.667, 104
Trd, 430767.850, 93
Trd, 430770.000, 96
Trd, 430770.167, 101
Trd, 430770.450, 91
Trd, 430770.483, 108
Trd, 430771.267, 91
Trd, 430773.033, 92
Trd, 430773.717, 90
Trd, 430774.117, 101
Trd, 430777.500, 95
Trd, 430777.783, 90
Trd, 430778.217, 98
Trd, 430778.300, 95
Trd, 430779.467, 98
Trd, 430780.433, 105
Trd, 430781.950, 93
Trd, 430781.983, 104
Trd, 430782.483, 97
Trd, 430782.683, 96
Trd, 430783.000, 96
Trd, 430783.067, 87
Trd, 430783.933, 89
Trd, 430785.017, 105
Trd, 430785.583, 92
Trd, 430786.483, 102
Trd, 430786.650, 104
Trd, 430786.983, 110
Trd, 430787.533, 96
Trd, 430787.633, 95
Trd, 430788.800, 96
Trd, 430790.100, 89
Trd, 430791.333, 101
Trd, 430793.417, 109
Trd, 430794.017, 115
Trd, 430794.283, 103
Trd, 430794.633, 105
Trd, 430795.700, 105
Trd, 430795.950, 107
Trd, 430796.900, 109
Trd, 430798.033, 110
Trd, 430798.183, 95
Trd, 430798.267, 88
Trd, 430800.033, 92
Trd, 430800.583, 99
Trd, 430800.933, 103
Trd, 430801.217, 104
Trd, 430803.317, 103
Trd, 430803.983, 107
Trd, 430804.783, 102
Trd, 430805.117, 97
Trd, 430805.133, 95
Trd, 430805.517, 90
Trd, 430805.717, 95
Trd, 430807.367, 82
Trd, 430807.617, 88
Trd, 430807.850, 101
Trd, 430808.417, 115
Trd, 430810.300, 101
Trd, 430811.083, 103
Trd, 430811.183, 101
Trd, 430812.667, 107
Trd, 430813.133, 98
Trd, 430814.333, 100
Trd, 430814.483, 95
Trd, 430814.900, 94
Trd, 430814.933, 88
Trd, 430816.367, 109
Trd, 430816.400, 98
Trd, 430816.800, 108
Trd, 430817.350, 108
Trd, 430818.983, 107
Trd, 430820.500, 116
Trd, 430820.817, 102
Trd, 430821.100, 102
Trd, 430821.783, 96
Trd, 430822.183, 112
Trd, 430822.483, 95
Trd, 430822.567, 88
Trd, 430823.633, 94
Trd, 430824.233, 97
Trd, 430824.633, 92
Trd, 430826.583, 98
Trd, 430827.450, 96
Trd, 430827.500, 95
Trd, 430828.933, 93
Trd, 430828.967, 92
Trd, 430829.067, 87
Trd, 430832.117, 84
Trd, 430832.967, 87
Trd, 430833.067, 91
Trd, 430834.483, 99
Trd, 430834.833, 90
Trd, 430835.100, 99
Trd, 430836.650, 96
Trd, 430836.983, 104
Trd, 430837.200, 90
Trd, 430838.350, 106
Trd, 430838.767, 89
Trd, 430839.483, 106
Trd, 430839.767, 106
Trd, 430840.167, 90
Trd, 430840.400, 87
Trd, 430842.417, 98
Trd, 430842.617, 105
Trd, 430843.100, 105
Trd, 430844.417, 95
Trd, 430845.150, 106
Trd, 430846.083, 95
Trd, 430847.167, 91
Trd, 430847.733, 112
Trd, 430847.883, 118
Trd, 430848.100, 94
Trd, 430849.350, 90
Trd, 430849.783, 109
Trd, 430850.233, 119
Trd, 430851.117, 95
Trd, 430852.050, 102
Trd, 430852.383, 89
Trd, 430852.600, 89
Trd, 430853.783, 95
Trd, 430854.017, 94
Trd, 430854.900, 93
Trd, 430857.117, 100
Trd, 430857.417, 99
Trd, 430857.600, 101
Trd, 430858.350, 95
Trd, 430859.267, 104
Trd, 430859.450, 95
Trd, 430859.767, 106
Trd, 430859.783, 95
Trd, 430861.550, 107
Trd, 430862.117, 98
Trd, 430863.400, 86
Trd, 430863.767, 92
Trd, 430863.817, 82
Trd, 430864.600, 91
Trd, 430864.850, 90
Trd, 430865.283, 89
Trd, 430865.783, 102
Trd, 430866.850, 93
Trd, 430868.083, 88
Trd, 430868.633, 95
Trd, 430869.050, 109
Trd, 430869.117, 113
Trd, 430870.017, 83
Trd, 430870.417, 114
Trd, 430872.050, 108
Trd, 430872.117, 99
Trd, 430874.700, 85
Trd, 430875.517, 93
Trd, 430876.100, 101
Trd, 430876.383, 102
Trd, 430876.967, 99
Trd, 430877.467, 106
Trd, 430877.483, 93
Trd, 430880.433, 97
Trd, 430881.333, 92
Trd, 430881.833, 102
Trd, 430882.183, 89
Trd, 430883.750, 101
Trd, 430883.783, 94
Trd, 430884.883, 95
Trd, 430885.700, 98
Trd, 430886.183, 101
Trd, 430886.217, 97
Trd, 430886.783, 106
Trd, 430888.800, 97
Trd, 430888.817, 105
Trd, 430889.850, 94
Trd, 430890.067, 95
Trd, 430890.650, 94
Trd, 430890.750, 95
Trd, 430891.717, 101
Trd, 430893.200, 98
Trd, 430893.550, 91
Trd, 430893.567, 108
Trd, 430894.883, 107
Trd, 430895.350, 87
Trd, 430898.000, 93
Trd, 430898.533, 99
Trd, 430899.217, 99
Trd, 430899.867, 95
Trd, 430900.433, 96
Trd, 430900.750, 95
Trd, 430900.917, 106
Trd, 430901.700, 96
Trd, 430902.650, 93
Trd, 430903.517, 95
Trd, 430904.567, 100
Trd, 430905.633, 99
Trd, 430906.350, 104
Trd, 430908.950, 95
Trd, 430909.217, 92
Trd, 430909.267, 106
Trd, 430910.933, 92
Trd, 430912.617, 93
Trd, 430912.750, 103
Trd, 430913.000, 92
Trd, 430913.583, 97
Trd, 430914.717, 90
Trd, 430914.850, 100
Trd, 430916.617, 105
Trd, 430917.300, 91
Trd, 430917.667, 91
Trd, 430918.400, 108
Trd, 430919.033, 98
Trd, 430919.700, 95
Trd, 430920.917, 91
Trd, 430921.300, 84
Trd, 430922.067, 95
Trd, 430922.150, 90
Trd, 430923.783, 97
Trd, 430923.817, 104
Trd, 430925.850, 88
Trd, 430927.167, 111
Trd, 430927.533, 96
Trd, 430927.833, 106
Trd, 430928.500, 101
Trd, 430929.000, 99
Trd, 430929.250, 98
Trd, 430929.517, 97
Trd, 430931.133, 97
Trd, 430931.733, 92
Trd, 430932.033, 105
Trd, 430932.400, 98
Trd, 430933.150, 97
Trd, 430933.750, 84
Trd, 430935.183, 107
Trd, 430936.200, 99
Trd, 430938.117, 97
Trd, 430939.100, 95
Trd, 430939.650, 105
Trd, 430939.867, 105
Trd, 430940.350, 90
Trd, 430940.533, 107
Trd, 430940.900, 95
Trd, 430941.600, 104
Trd, 430941.617, 85
Trd, 430941.717, 112
Trd, 430942.933, 100
Trd, 430943.033, 99
Trd, 430943.450, 118
Trd, 430943.717, 112
Trd, 430944.983, 84
Trd, 430946.150, 100
Trd, 430946.800, 97
Trd, 430946.933, 102
Trd, 430948.200, 89
Trd, 430949.733, 95
Trd, 430950.083, 101
Trd, 430950.783, 96
Trd, 430951.400, 101
Trd, 430952.633, 99
Trd, 430952.700, 108
Trd, 430954.467, 99
Trd, 430954.633, 98
Trd, 430954.700, 95
Trd, 430955.050, 113
Trd, 430957.850, 103
Trd, 430958.033, 104
Trd, 430958.167, 101
Trd, 430958.483, 99
Trd, 430959.333, 95
Trd, 430959.550, 108
Trd, 430960.117, 89
Trd, 430961.550, 92
Trd, 430961.583, 114
Trd, 430962.967, 93
Trd, 430964.167, 82
Trd, 430964.583, 85
Trd, 430965.383, 82
Trd, 430965.650, 108
Trd, 430966.817, 83
Trd, 430967.183, 109
Trd, 430968.017, 97
Trd, 430968.683, 105
Trd, 430969.767, 85
Trd, 430970.900, 108
Trd, 430972.783, 100
Trd, 430973.217, 100
Trd, 430973.483, 106
Trd, 430974.033, 111
Trd, 430974.333, 104
Trd, 430974.467, 104
Trd, 430976.467, 117
Trd, 430976.517, 117
Trd, 430977.600, 105
Trd, 430978.767, 105
Trd, 430978.800, 98
Trd, 430979.283, 96
Trd, 430980.000, 95
Trd, 430980.433, 117
Trd, 430980.717, 94
Trd, 430981.083, 96
Trd, 430982.367, 101
Trd, 430982.883, 97
Trd, 430983.083, 107
Trd, 430984.700, 115
Trd, 430985.617, 102
Trd, 430987.767, 100
Trd, 430988.250, 96
Trd, 430990.850, 91
Trd, 430991.517, 94
Trd, 430992.200, 84
Trd, 430992.400, 96
Trd, 430992.450, 101
Trd, 430992.817, 96
Trd, 430993.000, 105
Trd, 430993.117, 89
Trd, 430993.300, 108
Trd, 430994.033, 111
Trd, 430994.383, 110
Trd, 430994.583, 108
Trd, 430995.083, 115
Trd, 430996.083, 78
Trd, 430998.317, 96
Trd, 430998.433, 95
Trd, 430998.817, 98
Trd, 430999.283, 90
Trd, 430999.533, 90
Trd, 430999.717, 93
Trd, 431001.950, 106
Trd, 431002.433, 90
Trd, 431002.483, 86
Trd, 431002.650, 87
Trd, 431003.017, 101
Trd, 431003.817, 101
Trd, 431003.933, 101
Trd, 431005.950, 95
Trd, 431007.983, 101
Trd, 431008.017, 103
Trd, 431009.017, 103
Trd, 431009.333, 102
Trd, 431009.467, 97
Trd, 431010.333, 95
Trd, 431011.733, 99
Trd, 431011.867, 98
Trd, 431012.767, 97
Trd, 431013.517, 93
Trd, 431014.450, 106
Trd, 431014.867, 108
Trd, 431016.483, 106
Trd, 431016.517, 92
Trd, 431017.550, 95
Trd, 431017.567, 106
Trd, 431017.817, 110
Trd, 431019.083, 95
Trd, 431019.133, 92
Trd, 431019.483, 94
Trd, 431020.317, 98
Trd, 431020.850, 97
Trd, 431023.083, 92
Trd, 431023.683, 96
Trd, 431025.833, 102
Trd, 431026.767, 100
Trd, 431026.983, 100
Trd, 431027.717, 94
Trd, 431028.283, 97
Trd, 431029.017, 111
Trd, 431029.400, 112
Trd, 431029.833, 97
Trd, 431030.250, 87
Trd, 431030.567, 86
Trd, 431030.833, 85
Trd, 431031.650, 106
Trd, 431032.817, 106
Trd, 431034.050, 108
Trd, 431034.417, 108
Trd, 431034.517, 105
Trd, 431035.250, 94
Trd, 431037.017, 115
Trd, 431037.850, 116
Trd, 431039.267, 99
Trd, 431039.917, 96
Trd, 431040.417, 92
Trd, 431041.283, 101
Trd, 431042.200, 98
Trd, 431042.467, 91
Trd, 431042.883, 94
Trd, 431043.383, 107
Trd, 431044.117, 107
Trd, 431044.217, 93
Trd, 431044.550, 107
Trd, 431045.233, 86
Trd, 431045.317, 85
Trd, 431045.650, 91
Trd, 431047.017, 84
Trd, 431047.217, 106
Trd, 431048.617, 114
Trd, 431050.100, 100
Trd, 431050.433, 100
Trd, 431050.650, 86
Trd, 431050.917, 84
Trd, 431051.750, 84
Trd, 431051.783, 104
Trd, 431055.617, 95
Trd, 431055.767, 95
Trd, 431056.433, 104
Trd, 431056.550, 97
Trd, 431056.767, 108
Trd, 431057.000, 97
Trd, 431057.683, 108
Trd, 431058.017, 108
Trd, 431058.217, 91
Trd, 431060.650, 94
Trd, 431061.817, 97
Trd, 431061.950, 107
Trd, 431062.000, 116
Trd, 431062.517, 97
Trd, 431063.967, 105
Trd, 431064.183, 104
Trd, 431064.783, 95
Trd, 431064.983, 93
Trd, 431065.250, 89
Trd, 431066.867, 83
Trd, 431067.200, 87
Trd, 431068.000, 90
Trd, 431068.633, 105
Trd, 431068.683, 98
Trd, 431069.600, 93
Trd, 431069.883, 93
Trd, 431070.050, 84
Trd, 431070.100, 118
Trd, 431070.767, 87
Trd, 431072.117, 82
Trd, 431072.267, 103
Trd, 431072.767, 79
Trd, 431073.583, 89
Trd, 431074.617, 97
Trd, 431076.100, 93
Trd, 431077.267, 105
Trd, 431077.333, 91
Trd, 431077.683, 90
Trd, 431078.783, 108
Trd, 431078.933, 90
Trd, 431081.100, 101
Trd, 431081.633, 95
Trd, 431081.817, 87
Trd, 431082.917, 95
Trd, 431084.250, 92
Trd, 431084.267, 104
Trd, 431084.800, 89
Trd, 431085.117, 97
Trd, 431085.267, 94
Trd, 431085.833, 105
Trd, 431087.017, 106
Trd, 431088.617, 97
Trd, 431088.650, 96
Trd, 431089.117, 95
Trd, 431090.317, 99
Trd, 431090.800, 100
Trd, 431091.300, 100
Trd, 431092.050, 101
Trd, 431092.200, 99
Trd, 431092.350, 93
Trd, 431094.017, 107
Trd, 431094.267, 94
Trd, 431094.800, 106
Trd, 431095.867, 92
Trd, 431096.800, 90
Trd, 431097.000, 84
Trd, 431097.750, 91
Trd, 431099.050, 88
Trd, 431099.600, 86
Trd, 431100.883, 105
Trd, 431101.683, 112
Trd, 431102.000, 113
Trd, 431102.250, 113
Trd, 431103.217, 100
Trd, 431103.617, 100
Trd, 431103.633, 94
Trd, 431104.967, 98
Trd, 431105.333, 117
Trd, 431105.800, 99
Trd, 431106.333, 100
Trd, 431108.683, 103
Trd, 431109.950, 106
Trd, 431110.283, 102
Trd, 431110.350, 95
Trd, 431110.583, 103
Trd, 431110.650, 93
Trd, 431111.500, 89
Trd, 431111.717, 87
Trd, 431111.883, 76
Trd, 431112.867, 118
Trd, 431117.217, 86
Trd, 431117.900, 95
Trd, 431118.083, 97
Trd, 431119.033, 100
Trd, 431119.750, 101
Trd, 431120.683, 100
Trd, 431121.567, 106
Trd, 431121.633, 102
Trd, 431122.017, 102
Trd, 431122.767, 95
Trd, 431123.550, 98
Trd, 431123.850, 106
Trd, 431124.067, 89
Trd, 431124.433, 113
Trd, 431125.500, 94
Trd, 431127.817, 101
Trd, 431128.200, 102
Trd, 431128.700, 95
Trd, 431128.783, 114
Trd, 431128.883, 94
Trd, 431129.350, 91
Trd, 431129.983, 95
Trd, 431131.033, 120
Trd, 431132.267, 100
Trd, 431133.050, 104
Trd, 431133.317, 95
Trd, 431134.967, 92
Trd, 431136.683, 99
Trd, 431136.733, 103
Trd, 431136.800, 98
Trd, 431137.033, 92
Trd, 431138.667, 102
Trd, 431138.750, 90
Trd, 431138.967, 104
Trd, 431140.067, 94
Trd, 431140.500, 94
Trd, 431140.700, 107
Trd, 431141.300, 93
Trd, 431141.967, 94
Trd, 431143.183, 100
Trd, 431143.333, 89
Trd, 431145.717, 111
Trd, 431146.467, 102
Trd, 431146.633, 96
Trd, 431147.850, 97
Trd, 431149.083, 95
Trd, 431149.317, 96
Trd, 431149.867, 94
Trd, 431150.150, 95
Trd, 431150.233, 106
Trd, 431150.450, 101
Trd, 431151.200, 95
Trd, 431151.467, 94
Trd, 431153.083, 101
Trd, 431153.133, 108
Trd, 431154.667, 98
Trd, 431154.683, 91
Trd, 431155.133, 100
Trd, 431155.417, 113
Trd, 431158.383, 104
Trd, 431158.550, 99
Trd, 431158.717, 109
Trd, 431159.767, 93
Trd, 431160.400, 101
Trd, 431161.350, 91
Trd, 431161.600, 104
Trd, 431162.150, 103
Trd, 431162.817, 96
Trd, 431163.133, 95
Trd, 431163.333, 101
Trd, 431163.817, 95
Trd, 431164.900, 84
Trd, 431168.017, 88
Trd, 431168.450, 96
Trd, 431168.900, 89
Trd, 431170.633, 99
Trd, 431171.267, 95
Trd, 431172.050, 97
Trd, 431172.433, 95
Trd, 431173.150, 98
Trd, 431173.983, 95
Trd, 431174.633, 95
Trd, 431174.783, 101
Trd, 431174.883, 101
Trd, 431175.733, 105
Trd, 431175.767, 98
Trd, 431176.700, 94
Trd, 431176.867, 89
Trd, 431177.050, 89
Trd, 431177.967, 94
Trd, 431180.150, 90
Trd, 431180.733, 101
Trd, 431182.550, 107
Trd, 431182.817, 97
Trd, 431182.933, 97
Trd, 431183.667, 95
Trd, 431184.367, 102
Trd, 431184.550, 92
Trd, 431185.117, 111
Trd, 431185.833, 95
Trd, 431186.150, 90
Trd, 431186.783, 104
Trd, 431187.633, 86
Trd, 431187.933, 109
Trd, 431188.750, 105
Trd, 431191.317, 103
Trd, 431191.383, 99
Trd, 431191.617, 97
Trd, 431191.983, 96
Trd, 431192.033, 104
Trd, 431192.550, 95
Trd, 431194.083, 101
Trd, 431195.383, 99
Trd, 431196.583, 91
Trd, 431197.200, 90
Trd, 431197.883, 106
Trd, 431198.717, 95
Trd, 431199.750, 114
Trd, 431199.800, 96
Trd, 431199.900, 91
Trd, 431200.567, 83
Trd, 431202.067, 113
Trd, 431202.500, 111
Trd, 431202.800, 108
Trd, 431203.167, 101
Trd, 431203.500, 93
Trd, 431204.433, 109
Trd, 431205.000, 97
Trd, 431205.350, 110
Trd, 431207.833, 90
Trd, 431208.400, 105
Trd, 431210.800, 96
Trd, 431210.950, 95
Trd, 431211.167, 94
Trd, 431212.600, 95
Trd, 431212.733, 93
Trd, 431213.917, 98
Trd, 431214.017, 105
Trd, 431214.150, 106
Trd, 431214.417, 113
Trd, 431214.617, 97
Trd, 431215.000, 115
Trd, 431216.083, 94
Trd, 431216.250, 93
Trd, 431216.633, 99
Trd, 431217.850, 90
Trd, 431218.233, 90
Trd, 431218.917, 97
Trd, 431219.650, 100
Trd, 431219.700, 98
Trd, 431220.400, 98
Trd, 431220.617, 102
Trd, 431221.717, 88
Trd, 431223.117, 82
Trd, 431223.317, 106
Trd, 431224.250, 105
Trd, 431225.933, 102
Trd, 431227.500, 103
Trd, 431228.083, 103
Trd, 431228.383, 97
Trd, 431228.667, 106
Trd, 431229.533, 104
Trd, 431230.067, 106
Trd, 431230.133, 114
Trd, 431231.233, 102
Trd, 431232.267, 95
Trd, 431232.567, 117
Trd, 431233.667, 90
Trd, 431233.817, 96
Trd, 431235.083, 101
Trd, 431235.283, 93
Trd, 431235.567, 88
Trd, 431236.367, 105
Trd, 431238.467, 98
Trd, 431240.433, 103
Trd, 431241.200, 100
Trd, 431241.883, 98
Trd, 431243.217, 94
Trd, 431243.400, 102
Trd, 431244.433, 99
Trd, 431244.500, 88
Trd, 431244.967, 96
Trd, 431245.167, 104
Trd, 431245.750, 109
Trd, 431247.467, 94
Trd, 431248.600, 110
Trd, 431249.967, 110
Trd, 431251.350, 107
Trd, 431251.800, 96
Trd, 431252.067, 87
Trd, 431252.667, 91
Trd, 431254.250, 109
Trd, 431255.133, 107
Trd, 431255.200, 104
Trd, 431255.400, 104
Trd, 431256.033, 113
Trd, 431257.067, 105
Trd, 431257.200, 113
Trd, 431257.333, 100
Trd, 431258.050, 97
Trd, 431259.883, 104
Trd, 431260.900, 99
Trd, 431261.150, 117
Trd, 431261.717, 98
Trd, 431262.000, 97
Trd, 431262.167, 95
Trd, 431262.667, 94
Trd, 431264.083, 105
Trd, 431264.900, 112
Trd, 431265.083, 94
Trd, 431265.300, 94
Trd, 431267.167, 105
Trd, 431267.583, 98
Trd, 431269.350, 101
Trd, 431269.400, 96
Trd, 431270.450, 90
Trd, 431270.633, 89
Trd, 431270.983, 97
Trd, 431271.117, 107
Trd, 431272.750, 103
Trd, 431273.333, 99
Trd, 431273.833, 92
Trd, 431274.350, 104
Trd, 431275.333, 96
Trd, 431275.450, 92
Trd, 431276.400, 106
Trd, 431276.717, 113
Trd, 431277.017, 117
Trd, 431277.350, 100
Trd, 431278.150, 100
Trd, 431278.550, 98
Trd, 431279.967, 90
Trd, 431280.400, 90
Trd, 431281.083, 104
Trd, 431281.683, 90
Trd, 431282.100, 95
Trd, 431283.217, 88
Trd, 431283.267, 84
Trd, 431283.417, 104
Trd, 431283.983, 103
Trd, 431284.750, 106
Trd, 431285.783, 112
Trd, 431285.933, 100
Trd, 431286.400, 87
Trd, 431287.117, 84
Trd, 431287.850, 93
Trd, 431288.100, 107
Trd, 431290.467, 107
Trd, 431290.483, 108
Trd, 431291.017, 102
Trd, 431292.450, 98
Trd, 431292.983, 97
Trd, 431293.833, 95
Trd, 431293.883, 105
Trd, 431294.283, 113
Trd, 431297.050, 95
Trd, 431297.650, 111
Trd, 431298.483, 104
Trd, 431299.200, 99
Trd, 431299.733, 104
Trd, 431300.017, 103
Trd, 431302.283, 105
Trd, 431302.433, 98
Trd, 431302.867, 95
Trd, 431303.383, 97
Trd, 431304.100, 95
Trd, 431305.300, 95
Trd, 431306.817, 104
Trd, 431307.950, 106
Trd, 431308.333, 112
Trd, 431308.933, 91
Trd, 431309.417, 117
Trd, 431309.917, 93
Trd, 431310.050, 88
Trd, 431311.900, 88
Trd, 431312.683, 84
Trd, 431314.233, 88
Trd, 431314.733, 91
Trd, 431315.783, 101
Trd, 431316.667, 94
Trd, 431317.550, 94
Trd, 431317.817, 109
Trd, 431317.867, 94
Trd, 431318.600, 101
Trd, 431319.250, 95
Trd, 431319.533, 106
Trd, 431320.033, 95
Trd, 431320.200, 112
Trd, 431320.350, 100
Trd, 431321.683, 93
Trd, 431322.117, 112
Trd, 431323.200, 112
Trd, 431323.817, 98
Trd, 431324.317, 102
Trd, 431326.083, 99
Trd, 431327.250, 89
Trd, 431327.833, 92
Trd, 431327.983, 89
Trd, 431328.333, 90
Trd, 431329.700, 96
Trd, 431331.333, 92
Trd, 431331.583, 102
Trd, 431331.800, 91
Trd, 431332.333, 104
Trd, 431334.217, 102
Trd, 431335.350, 101
Trd, 431335.667, 105
Trd, 431335.867, 105
Trd, 431335.883, 104
Trd, 431335.967, 101
Trd, 431336.800, 89
Trd, 431338.367, 111
Trd, 431338.733, 120
Trd, 431338.967, 103
Trd, 431339.650, 100
Trd, 431340.833, 90
Trd, 431340.883, 91
Trd, 431342.517, 101
Trd, 431342.883, 96
Trd, 431343.500, 107
Trd, 431343.717, 95
Trd, 431344.367, 100
Trd, 431345.000, 98
Trd, 431345.467, 112
Trd, 431346.250, 85
Trd, 431346.367, 83
Trd, 431347.633, 102
Trd, 431348.583, 99
Trd, 431348.800, 102
Trd, 431349.117, 101
Trd, 431349.300, 101
Trd, 431350.117, 101
Trd, 431351.017, 99
Trd, 431351.267, 98
Trd, 431353.267, 106
Trd, 431354.650, 114
Trd, 431355.167, 95
Trd, 431357.583, 97
Trd, 431357.750, 96
Trd, 431357.917, 109
Trd, 431358.300, 95
Trd, 431358.400, 103
Trd, 431359.250, 112
Trd, 431359.383, 101
Trd, 431360.833, 95
Trd, 431361.717, 84
Trd, 431362.683, 87
Trd, 431362.950, 102
Trd, 431364.167, 106
Trd, 431364.850, 97
Trd, 431364.983, 97
Trd, 431365.017, 112
Trd, 431365.350, 114
Trd, 431365.683, 95
Trd, 431366.333, 92
Trd, 431366.650, 88
Trd, 431367.900, 97
Trd, 431368.317, 88
Trd, 431368.683, 86
Trd, 431369.817, 97
Trd, 431370.733, 91
Trd, 431370.967, 103
Trd, 431372.133, 98
Trd, 431372.633, 100
Trd, 431373.483, 97
Trd, 431374.183, 92
Trd, 431374.283, 104
Trd, 431374.683, 112
Trd, 431375.650, 107
Trd, 431376.450, 104
Trd, 431377.383, 100
Trd, 431377.400, 117
Trd, 431378.283, 117
Trd, 431378.633, 101
Trd, 431379.033, 100
Trd, 431380.333, 115
Trd, 431380.833, 103
Trd, 431381.983, 95
Trd, 431382.650, 87
Trd, 431383.500, 98
Trd, 431383.967, 97
Trd, 431384.217, 93
Trd, 431384.450, 92
Trd, 431386.133, 96
Trd, 431387.217, 87
Trd, 431388.550, 105
Trd, 431389.583, 108
Trd, 431390.000, 113
Trd, 431390.233, 98
Trd, 431391.517, 95
Trd, 431392.083, 105
Trd, 431392.350, 91
Trd, 431392.567, 83
Trd, 431394.617, 102
Trd, 431395.000, 101
Trd, 431395.233, 90
Trd, 431395.933, 90
Trd, 431396.600, 104
Trd, 431396.883, 105
Trd, 431398.017, 100
Trd, 431399.267, 97
Trd, 431399.533, 95
Trd, 431400.583, 98
Trd, 431401.150, 101
Trd, 431401.417, 102
Trd, 431401.483, 103
Trd, 431402.867, 106
Trd, 431403.683, 95
Trd, 431403.933, 95
Trd, 431404.333, 104
Trd, 431405.100, 86
Trd, 431406.900, 91
Trd, 431407.117, 90
Trd, 431407.333, 92
Trd, 431407.817, 91
Trd, 431408.183, 112
Trd, 431408.383, 107
Trd, 431409.667, 100
Trd, 431409.717, 99
Trd, 431410.133, 95
Trd, 431410.750, 103
Trd, 431411.583, 114
Trd, 431411.783, 117
Trd, 431411.800, 102
Trd, 431413.000, 102
Trd, 431416.200, 96
Trd, 431416.233, 90
Trd, 431416.317, 105
Trd, 431417.250, 106
Trd, 431417.617, 116
Trd, 431419.217, 98
Trd, 431419.550, 120
Trd, 431420.767, 97
Trd, 431420.950, 95
Trd, 431421.717, 86
Trd, 431422.233, 108
Trd, 431422.667, 106
Trd, 431422.767, 88
Trd, 431423.100, 96
Trd, 431425.550, 90
Trd, 431425.700, 89
Trd, 431426.817, 90
Trd, 431426.833, 84
Trd, 431428.217, 97
Trd, 431429.317, 96
Trd, 431429.817, 88
Trd, 431431.333, 87
Trd, 431431.617, 92
Trd, 431431.900, 95
Trd, 431431.950, 84
Trd, 431432.633, 84
Trd, 431433.533, 101
Trd, 431433.750, 94
Trd, 431435.483, 96
Trd, 431435.950, 104
Trd, 431436.033, 107
Trd, 431436.417, 115
Trd, 431436.983, 100
Trd, 431438.650, 100
Trd, 431439.400, 100
Trd, 431440.017, 92
Trd, 431442.183, 96
Trd, 431442.917, 104
Trd, 431443.800, 106
Trd, 431443.900, 100
Trd, 431443.983, 95
Trd, 431444.817, 103
Trd, 431445.467, 92
Trd, 431445.567, 92
Trd, 431445.850, 86
Trd, 431446.650, 102
Trd, 431447.000, 89
Trd, 431447.983, 89
Trd, 431449.017, 108
Trd, 431449.233, 109
Trd, 431451.350, 101
Trd, 431451.483, 95
Trd, 431451.983, 105
Trd, 431452.183, 113
Trd, 431454.200, 116
Trd, 431454.700, 106
Trd, 431454.883, 103
Trd, 431455.900, 102
Trd, 431456.150, 98
Trd, 431456.900, 98
Trd, 431457.150, 94
Trd, 431457.783, 96
Trd, 431458.150, 92
Trd, 431458.167, 95
Trd, 431460.517, 110
Trd, 431461.650, 111
Trd, 431462.717, 102
Trd, 431464.067, 99
Trd, 431464.150, 96
Trd, 431466.000, 97
Trd, 431466.967, 94
Trd, 431467.933, 97
Trd, 431468.400, 97
Trd, 431468.717, 104
Trd, 431469.050, 94
Trd, 431469.933, 100
Trd, 431470.150, 91
Trd, 431471.117, 106
Trd, 431471.733, 92
Trd, 431471.950, 92
Trd, 431472.633, 91
Trd, 431472.800, 85
Trd, 431473.400, 100
Trd, 431474.367, 111
Trd, 431474.450, 113
Trd, 431474.800, 104
Trd, 431475.900, 103
Trd, 431476.533, 103
Trd, 431476.967, 84
Trd, 431477.217, 109
Trd, 431478.500, 86
Trd, 431479.050, 106
Trd, 431480.033, 95
Trd, 431481.300, 85
Trd, 431483.167, 93
Trd, 431483.533, 86
Trd, 431485.417, 85
Trd, 431485.750, 101
Trd, 431486.033, 106
Trd, 431486.117, 85
Trd, 431486.633, 96
Trd, 431486.850, 95
Trd, 431486.967, 95
Trd, 431487.233, 112
Trd, 431487.883, 82
Trd, 431489.567, 95
Trd, 431490.950, 88
Trd, 431491.117, 99
Trd, 431491.883, 91
Trd, 431493.583, 101
Trd, 431495.200, 116
Trd, 431496.517, 105
Trd, 431496.550, 104
Trd, 431496.900, 103
Trd, 431497.050, 97
Trd, 431497.217, 108
Trd, 431497.617, 97
Trd, 431500.117, 100
Trd, 431500.367, 97
Trd, 431501.483, 95
Trd, 431502.133, 109
Trd, 431502.750, 112
Trd, 431503.383, 95
Trd, 431503.750, 98
Trd, 431504.600, 85
Trd, 431504.783, 82
Trd, 431506.417, 86
Trd, 431507.017, 98
Trd, 431507.750, 89
Trd, 431507.917, 114
Trd, 431507.967, 88
Trd, 431508.133, 105
Trd, 431511.300, 97
Trd, 431511.567, 95
Trd, 431512.317, 102
Trd, 431512.683, 93
Trd, 431514.050, 100
Trd, 431515.283, 97
Trd, 431515.517, 105
Trd, 431517.067, 87
Trd, 431517.583, 96
Trd, 431518.433, 93
Trd, 431520.167, 107
Trd, 431521.183, 97
Trd, 431521.217, 109
Trd, 431522.233, 96
Trd, 431522.333, 111
Trd, 431522.500, 95
Trd, 431522.583, 91
Trd, 431522.783, 113
Trd, 431523.567, 85
Trd, 431524.050, 96
Trd, 431524.667, 103
Trd, 431525.583, 102
Trd, 431525.800, 86
Trd, 431528.183, 98
Trd, 431528.450, 94
Trd, 431529.033, 113
Trd, 431529.467, 94
Trd, 431530.583, 95
Trd, 431530.783, 92
Trd, 431531.017, 89
Trd, 431532.950, 101
Trd, 431533.250, 98
Trd, 431534.283, 93
Trd, 431534.333, 90
Trd, 431534.883, 89
Trd, 431535.000, 87
Trd, 431535.283, 101
Trd, 431536.450, 112
Trd, 431537.067, 107
Trd, 431537.717, 83
Trd, 431539.417, 89
Trd, 431541.433, 97
Trd, 431541.717, 93
Trd, 431541.950, 101
Trd, 431542.500, 93
Trd, 431543.367, 104
Trd, 431543.500, 97
Trd, 431543.700, 114
Trd, 431545.017, 96
Trd, 431545.117, 93
Trd, 431546.100, 116
Trd, 431546.450, 105
Trd, 431547.700, 102
Trd, 431549.033, 95
Trd, 431549.667, 95
Trd, 431549.733, 92
Trd, 431550.533, 103
Trd, 431551.883, 105
Trd, 431553.283, 98
Trd, 431553.533, 102
Trd, 431554.283, 101
Trd, 431554.417, 95
Trd, 431555.617, 89
Trd, 431556.133, 104
Trd, 431556.317, 105
Trd, 431556.817, 104
Trd, 431557.017, 100
Trd, 431557.133, 98
Trd, 431559.033, 95
Trd, 431559.917, 96
Trd, 431559.983, 95
Trd, 431560.400, 97
Trd, 431561.383, 107
Trd, 431563.350, 104
Trd, 431563.750, 93
Trd, 431563.883, 107
Trd, 431564.867, 94
Trd, 431565.367, 99
Trd, 431565.900, 104
Trd, 431567.600, 88
Trd, 431568.017, 108
Trd, 431568.800, 105
Trd, 431569.450, 116
Trd, 431571.150, 107
Trd, 431571.783, 110
Trd, 431572.850, 104
Trd, 431573.950, 95
Trd, 431575.117, 93
Trd, 431575.517, 88
Trd, 431575.583, 93
Trd, 431575.817, 95
Trd, 431576.867, 97
Trd, 431576.900, 100
Trd, 431577.367, 95
Trd, 431579.867, 101
Trd, 431580.617, 109
Trd, 431581.400, 98
Trd, 431581.850, 98
Trd, 431581.933, 106
Trd, 431581.983, 96
Trd, 431582.533, 95
Trd, 431583.933, 101
Trd, 431584.233, 111
Trd, 431584.683, 109
Trd, 431584.850, 99
Trd, 431584.867, 96
Trd, 431585.367, 112
Trd, 431585.833, 105
Trd, 431586.167, 117
Trd, 431587.967, 92
Trd, 431588.150, 91
Trd, 431589.033, 85
Trd, 431589.417, 87
Trd, 431589.567, 88
Trd, 431590.633, 97
Trd, 431590.667, 108
Trd, 431591.833, 99
Trd, 431593.950, 103
Trd, 431594.100, 110
Trd, 431594.900, 107
Trd, 431595.167, 106
Trd, 431595.833, 103
Trd, 431596.333, 100
Trd, 431597.917, 90
Trd, 431598.700, 106
Trd, 431599.850, 101
Trd, 431600.400, 101
Trd, 431601.117, 111
Trd, 431601.267, 112
Trd, 431601.733, 102
Trd, 431602.050, 112
Trd, 431602.317, 101
Trd, 431602.483, 90
Trd, 431602.817, 91
Trd, 431604.117, 96
Trd, 431605.317, 105
Trd, 431605.517, 95
Trd, 431607.167, 97
Trd, 431607.767, 96
Trd, 431608.233, 116
Trd, 431608.350, 94
Trd, 431608.767, 95
Trd, 431609.750, 115
Trd, 431610.250, 114
Trd, 431610.967, 102
Trd, 431611.483, 95
Trd, 431611.800, 90
Trd, 431614.050, 97
Trd, 431614.233, 101
Trd, 431614.383, 104
Trd, 431614.750, 104
Trd, 431616.300, 98
Trd, 431617.067, 98
Trd, 431617.933, 106
Trd, 431620.133, 101
Trd, 431620.733, 114
Trd, 431621.333, 100
Trd, 431621.933, 115
Trd, 431622.250, 101
Trd, 431622.433, 100
Trd, 431622.750, 95
Trd, 431623.033, 101
Trd, 431624.100, 102
Trd, 431625.267, 92
Trd, 431625.500, 90
Trd, 431627.350, 91
Trd, 431627.367, 92
Trd, 431628.483, 107
Trd, 431628.517, 95
Trd, 431628.733, 110
Trd, 431629.417, 114
Trd, 431629.550, 115
Trd, 431632.633, 99
Trd, 431632.683, 98
Trd, 431633.133, 110
Trd, 431633.200, 91
Trd, 431633.500, 85
Trd, 431636.050, 96
Trd, 431636.250, 95
Trd, 431636.983, 101
Trd, 431637.300, 97
Trd, 431639.100, 96
Trd, 431640.267, 96
Trd, 431640.867, 95
Trd, 431641.833, 91
Trd, 431643.167, 96
Trd, 431643.833, 91
Trd, 431644.233, 91
Trd, 431644.783, 86
Trd, 431645.200, 101
Trd, 431645.433, 104
Trd, 431645.633, 110
Trd, 431646.200, 89
Trd, 431646.700, 89
Trd, 431647.150, 98
Trd, 431647.233, 112
Trd, 431647.383, 82
Trd, 431647.600, 114
Trd, 431648.083, 91
Trd, 431648.483, 90
Trd, 431650.817, 84
Trd, 431652.483, 89
Trd, 431652.633, 90
Trd, 431652.750, 101
Trd, 431653.050, 92
Trd, 431654.450, 95
Trd, 431654.617, 102
Trd, 431654.850, 96
Trd, 431655.667, 104
Trd, 431656.650, 106
Trd, 431659.150, 110
Trd, 431660.417, 100
Trd, 431661.100, 94
Trd, 431661.217, 110
Trd, 431661.283, 94
Trd, 431662.300, 111
Trd, 431663.283, 99
Trd, 431663.450, 97
Trd, 431663.567, 97
Trd, 431663.733, 96
Trd, 431664.267, 114
Trd, 431665.833, 102
Trd, 431666.183, 108
Trd, 431666.633, 107
Trd, 431667.250, 112
Trd, 431667.650, 98
Trd, 431667.683, 97
Trd, 431668.050, 98
Trd, 431668.900, 101
Trd, 431669.667, 113
Trd, 431669.700, 118
Trd, 431670.633, 106
Trd, 431671.650, 95
Trd, 431672.200, 112
Trd, 431672.233, 111
Trd, 431672.967, 95
Trd, 431674.100, 94
Trd, 431675.567, 94
Trd, 431677.067, 98
Trd, 431677.633, 94
Trd, 431679.583, 94
Trd, 431680.350, 93
Trd, 431680.500, 86
Trd, 431680.817, 112
Trd, 431681.917, 105
Trd, 431683.183, 97
Trd, 431683.933, 101
Trd, 431684.883, 96
Trd, 431685.467, 95
Trd, 431685.717, 104
Trd, 431686.050, 106
Trd, 431686.517, 106
Trd, 431686.650, 92
Trd, 431687.600, 111
Trd, 431687.817, 98
Trd, 431688.583, 88
Trd, 431689.133, 95
Trd, 431690.100, 87
Trd, 431691.700, 101
Trd, 431692.150, 101
Trd, 431692.667, 99
Trd, 431693.017, 101
Trd, 431693.183, 106
Trd, 431693.817, 108
Trd, 431694.100, 95
Trd, 431695.283, 107
Trd, 431696.333, 93
Trd, 431696.400, 88
Trd, 431696.700, 88
Trd, 431697.383, 91
Trd, 431698.750, 102
Trd, 431699.367, 113
Trd, 431700.383, 99
Trd, 431700.650, 95
Trd, 431701.667, 89
Trd, 431702.900, 95
Trd, 431703.333, 95
Trd, 431705.167, 94
Trd, 431706.817, 99
Trd, 431707.467, 101
Trd, 431707.600, 99
Trd, 431707.717, 97
Trd, 431708.117, 107
Trd, 431708.267, 108
Trd, 431708.717, 95
Trd, 431709.067, 93
Trd, 431709.083, 91
Trd, 431710.967, 104
Trd, 431711.050, 104
Trd, 431711.383, 100
Trd, 431712.883, 110
Trd, 431712.967, 109
Trd, 431713.017, 108
Trd, 431713.217, 96
Trd, 431713.450, 94
Trd, 431713.783, 87
Trd, 431714.900, 112
Trd, 431716.100, 104
Trd, 431717.650, 96
Trd, 431717.850, 95
Trd, 431718.100, 98
Trd, 431718.383, 111
Trd, 431719.083, 103
Trd, 431719.617, 114
Trd, 431720.100, 108
Trd, 431720.167, 104
Trd, 431720.433, 102
Trd, 431720.733, 87
Trd, 431721.900, 94
Trd, 431723.133, 116
Trd, 431724.017, 101
Trd, 431726.500, 103
Trd, 431726.767, 95
Trd, 431727.717, 97
Trd, 431727.983, 94
Trd, 431729.767, 96
Trd, 431729.967, 96
Trd, 431732.350, 101
Trd, 431735.000, 99
Trd, 431735.317, 104
Trd, 431735.617, 99
Trd, 431735.917, 106
Trd, 431736.300, 107
Trd, 431736.367, 107
Trd, 431737.033, 100
Trd, 431737.667, 111
Trd, 431738.367, 100
Trd, 431738.433, 112
Trd, 431740.083, 103
Trd, 431741.300, 101
Trd, 431741.717, 99
Trd, 431741.917, 96
Trd, 431742.083, 107
Trd, 431743.100, 95
Trd, 431745.600, 92
Trd, 431746.017, 82
Trd, 431746.100, 101
Trd, 431746.717, 95
Trd, 431747.033, 105
Trd, 431747.317, 99
Trd, 431747.550, 95
Trd, 431748.017, 106
Trd, 431748.767, 112
Trd, 431749.867, 98
Trd, 431751.233, 98
Trd, 431751.767, 104
Trd, 431751.950, 110
Trd, 431752.183, 110
Trd, 431754.200, 106
Trd, 431755.267, 106
Trd, 431755.683, 108
Trd, 431755.983, 105
Trd, 431756.217, 104
Trd, 431758.783, 101
Trd, 431759.067, 106
Trd, 431759.900, 109
Trd, 431759.950, 101
Trd, 431760.167, 97
Trd, 431760.567, 95
Trd, 431761.033, 108
Trd, 431762.150, 106
Trd, 431762.167, 96
Trd, 431762.667, 92
Trd, 431763.583, 90
Trd, 431765.617, 95
Trd, 431766.867, 96
Trd, 431767.133, 96
Trd, 431767.550, 101
Trd, 431767.583, 96
Trd, 431769.083, 90
Trd, 431769.733, 90
Trd, 431769.867, 101
Trd, 431771.333, 89
Trd, 431771.533, 92
Trd, 431772.900, 85
Trd, 431774.900, 90
Trd, 431777.000, 101
Trd, 431777.617, 95
Trd, 431778.300, 107
Trd, 431778.400, 90
Trd, 431778.417, 111
Trd, 431779.683, 108
Trd, 431780.750, 111
Trd, 431780.817, 111
Trd, 431782.067, 100
Trd, 431782.767, 101
Trd, 431784.050, 95
Trd, 431784.217, 108
Trd, 431785.067, 105
Trd, 431785.583, 106
Trd, 431785.917, 105
Trd, 431786.050, 98
Trd, 431786.583, 114
Trd, 431787.250, 98
Trd, 431787.683, 108
Trd, 431788.217, 110
Trd, 431788.617, 111
Trd, 431789.050, 110
Trd, 431789.717, 101
Trd, 431789.933, 100
Trd, 431790.017, 98
Trd, 431791.833, 86
Trd, 431792.017, 85
Trd, 431792.417, 84
Trd, 431793.333, 106
Trd, 431795.050, 101
Trd, 431795.250, 101
Trd, 431795.850, 101
Trd, 431796.600, 99
Trd, 431796.983, 112
Trd, 431797.783, 114
Trd, 431798.567, 106
Trd, 431798.900, 95
Trd, 431800.083, 109
Trd, 431800.617, 115
Trd, 431800.967, 95
Trd, 431801.200, 88
Trd, 431802.083, 91
Trd, 431802.900, 98
Trd, 431803.633, 100
Trd, 431804.017, 100
Trd, 431804.333, 99
Trd, 431805.017, 114
Trd, 431805.900, 100
Trd, 431806.033, 93
Trd, 431807.500, 117
Trd, 431808.550, 99
Trd, 431808.733, 117
Trd, 431808.967, 95
Trd, 431809.367, 104
Trd, 431809.733, 107
Trd, 431811.083, 92
Trd, 431811.700, 97
Trd, 431811.900, 134
Trd, 431812.150, 91
Trd, 431812.167, 90
Trd, 431812.650, 97
Trd, 431815.300, 100
Trd, 431816.483, 103
Trd, 431817.367, 103
Trd, 431818.117, 102
Trd, 431818.383, 95
Trd, 431821.800, 104
Trd, 431821.900, 103
Trd, 431822.050, 96
Trd, 431822.433, 105
Trd, 431823.683, 88
Trd, 431823.767, 92
Trd, 431823.800, 85
Trd, 431824.200, 101
Trd, 431824.500, 98
Trd, 431825.183, 105
Trd, 431826.000, 116
Trd, 431827.083, 107
Trd, 431827.133, 100
Trd, 431828.217, 108
Trd, 431828.917, 101
Trd, 431830.333, 98
Trd, 431831.683, 101
Trd, 431832.067, 104
Trd, 431832.317, 95
Trd, 431832.583, 106
Trd, 431833.700, 100
Trd, 431833.800, 109
Trd, 431834.267, 103
Trd, 431835.517, 105
Trd, 431836.250, 106
Trd, 431836.750, 111
Trd, 431837.033, 111
Trd, 431837.200, 101
Trd, 431837.883, 90
Trd, 431838.683, 92
Trd, 431838.950, 106
Trd, 431839.317, 101
Trd, 431839.333, 115
Trd, 431839.633, 116
Trd, 431840.900, 102
Trd, 431840.933, 122
Trd, 431843.233, 116
Trd, 431845.217, 95
Trd, 431846.117, 95
Trd, 431848.800, 101
Trd, 431848.917, 99
Trd, 431849.300, 103
Trd, 431850.817, 92
Trd, 431850.950, 90
Trd, 431851.483, 104
Trd, 431851.900, 110
Trd, 431853.083, 94
Trd, 431853.900, 94
Trd, 431854.233, 95
Trd, 431854.283, 93
Trd, 431854.800, 91
Trd, 431855.083, 106
Trd, 431857.167, 95
Trd, 431857.217, 85
Trd, 431857.650, 87
Trd, 431858.400, 92
Trd, 431858.583, 89
Trd, 431859.317, 96
Trd, 431860.617, 101
Trd, 431861.683, 100
Trd, 431861.983, 93
Trd, 431862.850, 89
Trd, 431862.917, 107
Trd, 431863.133, 112
Trd, 431863.683, 108
Trd, 431863.717, 88
Trd, 431864.450, 99
Trd, 431868.483, 106
Trd, 431869.933, 112
Trd, 431870.117, 118
Trd, 431871.100, 106
Trd, 431871.133, 106
Trd, 431871.650, 104
Trd, 431872.150, 95
Trd, 431872.650, 82
Trd, 431873.550, 100
Trd, 431873.700, 96
Trd, 431874.467, 99
Trd, 431875.183, 99
Trd, 431876.083, 101
Trd, 431876.133, 97
Trd, 431877.333, 104
Trd, 431878.400, 99
Trd, 431878.917, 101
Trd, 431879.117, 101
Trd, 431880.217, 109
Trd, 431880.567, 113
Trd, 431881.000, 94
Trd, 431883.400, 96
Trd, 431883.767, 93
Trd, 431885.100, 90
Trd, 431885.300, 102
Trd, 431885.317, 103
Trd, 431886.233, 105
Trd, 431886.867, 99
Trd, 431888.317, 96
Trd, 431888.883, 101
Trd, 431889.650, 96
Trd, 431891.167, 106
Trd, 431891.733, 93
Trd, 431892.050, 113
Trd, 431892.300, 115
Trd, 431893.800, 98
Trd, 431894.700, 102
Trd, 431894.933, 105
Trd, 431895.383, 106
Trd, 431895.500, 101
Trd, 431896.583, 104
Trd, 431896.667, 112
Trd, 431897.117, 100
Trd, 431897.150, 96
Trd, 431897.583, 95
Trd, 431899.217, 108
Trd, 431900.217, 106
Trd, 431901.967, 105
Trd, 431902.533, 123
Trd, 431902.867, 115
Trd, 431903.083, 98
Trd, 431903.800, 89
Trd, 431905.350, 95
Trd, 431905.483, 99
Trd, 431905.900, 106
Trd, 431906.117, 93
Trd, 431907.350, 95
Trd, 431907.483, 108
Trd, 431907.817, 98
Trd, 431908.150, 113
Trd, 431908.450, 98
Trd, 431908.533, 95
Trd, 431909.133, 95
Trd, 431910.033, 86
Trd, 431910.783, 94
Trd, 431910.867, 110
Trd, 431911.550, 93
Trd, 431913.533, 92
Trd, 431914.567, 95
Trd, 431915.833, 98
Trd, 431916.433, 97
Trd, 431916.600, 98
Trd, 431917.283, 101
Trd, 431917.383, 108
Trd, 431917.833, 116
Trd, 431917.967, 97
Trd, 431921.567, 98
Trd, 431921.783, 106
Trd, 431922.317, 97
Trd, 431922.517, 97
Trd, 431922.533, 114
Trd, 431923.467, 96
Trd, 431925.133, 91
Trd, 431926.017, 94
Trd, 431926.033, 101
Trd, 431926.933, 106
Trd, 431927.083, 88
Trd, 431928.083, 104
Trd, 431928.100, 91
Trd, 431929.267, 93
Trd, 431930.683, 95
Trd, 431932.283, 96
Trd, 431932.883, 102
Trd, 431933.150, 94
Trd, 431933.367, 100
Trd, 431934.250, 90
Trd, 431934.867, 89
Trd, 431935.883, 97
Trd, 431937.883, 100
Trd, 431938.033, 104
Trd, 431938.467, 103
Trd, 431938.867, 97
Trd, 431938.950, 100
Trd, 431938.967, 95
Trd, 431939.450, 114
Trd, 431942.717, 103
Trd, 431945.350, 102
Trd, 431946.283, 106
Trd, 431946.350, 106
Trd, 431946.717, 101
Trd, 431946.950, 102
Trd, 431947.633, 102
Trd, 431948.300, 101
Trd, 431948.500, 102
Trd, 431948.683, 107
Trd, 431948.750, 101
Trd, 431949.083, 94
Trd, 431949.433, 103
Trd, 431949.450, 107
Trd, 431951.417, 96
Trd, 431952.300, 90
Trd, 431955.750, 96
Trd, 431955.900, 103
Trd, 431956.767, 104
Trd, 431958.317, 95
Trd, 431958.817, 94
Trd, 431959.450, 96
Trd, 431959.933, 92
Trd, 431961.433, 104
Trd, 431961.750, 105
Trd, 431963.567, 96
Trd, 431964.317, 93
Trd, 431964.633, 106
Trd, 431964.750, 113
Trd, 431965.683, 89
Trd, 431966.200, 109
Trd, 431967.517, 95
Trd, 431967.733, 89
Trd, 431967.750, 95
Trd, 431968.283, 99
Trd, 431969.067, 91
Trd, 431969.983, 96
Trd, 431970.033, 89
Trd, 431972.600, 105
Trd, 431972.783, 103
Trd, 431974.167, 106
Trd, 431974.600, 102
Trd, 431974.967, 96
Trd, 431976.583, 93
Trd, 431976.617, 104
Trd, 431977.533, 94
Trd, 431977.750, 94
Trd, 431978.417, 112
Trd, 431978.517, 112
Trd, 431978.883, 94
Trd, 431978.967, 93
Trd, 431979.467, 121
Trd, 431980.233, 94
Trd, 431981.633, 87
Trd, 431982.467, 93
Trd, 431984.517, 95
Trd, 431984.617, 87
Trd, 431986.283, 93
Trd, 431986.467, 96
Trd, 431986.617, 92
Trd, 431987.117, 87
Trd, 431988.850, 95
Trd, 431989.950, 96
Trd, 431990.250, 101
Trd, 431991.150, 97
Trd, 431991.667, 97
Trd, 431991.817, 91
Trd, 431992.183, 90
Trd, 431993.017, 100
Trd, 431993.067, 89
Trd, 431994.433, 96
Trd, 431994.750, 93
Trd, 431995.917, 102
Trd, 431996.417, 105
Trd, 431996.850, 114
Trd, 431998.600, 113
