Trd, 430681.733, 91
Trd, 430683.900, 93
Trd, 430685.433, 100
Trd, 430685.767, 99
Trd, 430685.983, 99
Trd, 430686.917, 103
Trd, 430687.367, 102
Trd, 430687.417, 101
Trd, 430688.300, 100
Trd, 430688.933, 100
Trd, 430689.350, 99
Trd, 430689.833, 106
Trd, 430689.950, 97
Trd, 430690.467, 95
Trd, 430691.217, 94
Trd, 430692.950, 103
Trd, 430693.583, 101
Trd, 430693.817, 100
Trd, 430695.250, 96
Trd, 430695.683, 99
Trd, 430696.100, 94
Trd, 430697.167, 98
Trd, 430698.083, 99
Trd, 430698.600, 106
Trd, 430699.617, 102
Trd, 430699.717, 101
Trd, 430700.133, 101
Trd, 430700.450, 99
Trd, 430700.967, 95
Trd, 430701.317, 95
Trd, 430702.150, 108
Trd, 430702.533, 96
Trd, 430702.817, 101
Trd, 430704.933, 93
Trd, 430705.117, 104
Trd, 430705.950, 87
Trd, 430706.083, 104
Trd, 430706.717, 87
Trd, 430708.417, 94
Trd, 430708.883, 93
Trd, 430709.083, 94
Trd, 430711.100, 94
Trd, 430711.383, 91
Trd, 430711.900, 90
Trd, 430712.433, 92
Trd, 430712.867, 91
Trd, 430713.083, 91
Trd, 430713.550, 98
Trd, 430714.667, 99
Trd, 430715.650, 99
Trd, 430715.783, 97
Trd, 430715.833, 104
Trd, 430716.017, 97
Trd, 430716.267, 105
Trd, 430716.900, 104
Trd, 430717.867, 104
Trd, 430717.950, 105
Trd, 430718.700, 94
Trd, 430719.217, 94
Trd, 430719.500, 93
Trd, 430720.800, 105
Trd, 430723.083, 105
Trd, 430723.200, 105
Trd, 430723.300, 101
Trd, 430724.067, 98
Trd, 430725.000, 98
Trd, 430725.367, 100
Trd, 430725.750, 99
Trd, 430726.833, 99
Trd, 430727.467, 99
Trd, 430728.983, 98
Trd, 430729.333, 99
Trd, 430731.650, 97
Trd, 430731.717, 96
Trd, 430732.067, 96
Trd, 430732.500, 98
Trd, 430732.567, 94
Trd, 430733.350, 100
Trd, 430733.517, 103
Trd, 430733.550, 93
Trd, 430734.550, 105
Trd, 430735.083, 103
Trd, 430735.767, 109
Trd, 430735.833, 106
Trd, 430736.233, 112
Trd, 430737.300, 102
Trd, 430738.933, 101
Trd, 430739.000, 99
Trd, 430740.550, 100
Trd, 430740.883, 96
Trd, 430741.167, 100
Trd, 430741.267, 87
Trd, 430742.783, 89
Trd, 430742.967, 90
Trd, 430743.133, 88
Trd, 430745.250, 91
Trd, 430746.217, 94
Trd, 430746.417, 103
Trd, 430747.100, 98
Trd, 430748.233, 101
Trd, 430748.900, 101
Trd, 430749.417, 104
Trd, 430749.650, 105
Trd, 430749.983, 102
Trd, 430750.500, 105
Trd, 430751.017, 102
Trd, 430751.767, 101
Trd, 430752.583, 98
Trd, 430752.917, 96
Trd, 430753.067, 104
Trd, 430753.100, 105
Trd, 430753.267, 98
Trd, 430753.800, 93
Trd, 430754.000, 105
Trd, 430756.083, 94
Trd, 430756.167, 95
Trd, 430756.200, 94
Trd, 430756.783, 94
Trd, 430757.300, 96
Trd, 430757.583, 97
Trd, 430757.750, 107
Trd, 430759.067, 100
Trd, 430760.000, 101
Trd, 430760.400, 100
Trd, 430761.383, 105
Trd, 430761.483, 98
Trd, 430762.950, 97
Trd, 430763.550, 93
Trd, 430764.100, 97
Trd, 430764.783, 100
Trd, 430765.150, 97
Trd, 430765.967, 90
Trd, 430766.983, 94
Trd, 430768.750, 93
Trd, 430768.967, 89
Trd, 430769.917, 89
Trd, 430770.083, 89
Trd, 430770.917, 90
Trd, 430771.533, 106
Trd, 430771.950, 90
Trd, 430772.100, 89
Trd, 430773.533, 89
Trd, 430773.700, 88
Trd, 430774.450, 92
Trd, 430774.683, 93
Trd, 430776.500, 98
Trd, 430778.083, 96
Trd, 430778.133, 94
Trd, 430778.550, 96
Trd, 430778.883, 92
Trd, 430779.450, 91
Trd, 430780.700, 96
Trd, 430780.850, 98
Trd, 430781.250, 87
Trd, 430781.867, 105
Trd, 430782.150, 87
Trd, 430782.683, 98
Trd, 430783.783, 94
Trd, 430785.567, 95
Trd, 430786.767, 103
Trd, 430786.800, 98
Trd, 430788.033, 102
Trd, 430788.250, 101
Trd, 430789.900, 100
Trd, 430790.167, 98
Trd, 430790.200, 93
Trd, 430791.817, 104
Trd, 430792.167, 94
Trd, 430792.383, 90
Trd, 430792.883, 84
Trd, 430793.433, 85
Trd, 430793.867, 84
Trd, 430794.217, 80
Trd, 430794.500, 85
Trd, 430794.550, 87
Trd, 430795.850, 89
Trd, 430795.950, 92
Trd, 430797.417, 93
Trd, 430797.767, 93
Trd, 430797.983, 93
Trd, 430798.083, 94
Trd, 430798.567, 93
Trd, 430800.550, 90
Trd, 430800.567, 95
Trd, 430801.517, 98
Trd, 430801.667, 97
Trd, 430802.150, 101
Trd, 430803.233, 95
Trd, 430803.317, 92
Trd, 430803.550, 106
Trd, 430804.417, 95
Trd, 430805.717, 97
Trd, 430805.750, 94
Trd, 430805.967, 100
Trd, 430806.167, 90
Trd, 430806.733, 89
Trd, 430808.033, 83
Trd, 430808.450, 97
Trd, 430809.250, 85
Trd, 430809.617, 87
Trd, 430809.700, 84
Trd, 430809.917, 89
Trd, 430810.333, 86
Trd, 430810.500, 95
Trd, 430811.933, 98
Trd, 430812.867, 91
Trd, 430814.083, 97
Trd, 430814.600, 96
Trd, 430814.800, 102
Trd, 430815.250, 106
Trd, 430817.267, 102
Trd, 430817.867, 107
Trd, 430819.467, 106
Trd, 430819.600, 107
Trd, 430819.950, 106
Trd, 430820.517, 107
Trd, 430820.733, 107
Trd, 430820.817, 104
Trd, 430820.967, 101
Trd, 430821.533, 108
Trd, 430822.217, 101
Trd, 430822.367, 102
Trd, 430822.650, 98
Trd, 430822.967, 103
Trd, 430823.417, 89
Trd, 430825.083, 95
Trd, 430825.133, 93
Trd, 430825.400, 101
Trd, 430825.850, 102
Trd, 430826.200, 91
Trd, 430826.567, 90
Trd, 430827.033, 104
Trd, 430828.183, 86
Trd, 430828.833, 90
Trd, 430829.650, 89
Trd, 430829.933, 102
Trd, 430832.483, 103
Trd, 430833.050, 106
Trd, 430834.017, 103
Trd, 430834.517, 112
Trd, 430834.650, 102
Trd, 430835.467, 102
Trd, 430835.883, 101
Trd, 430835.933, 100
Trd, 430838.250, 102
Trd, 430838.267, 100
Trd, 430838.367, 99
Trd, 430838.500, 97
Trd, 430839.267, 105
Trd, 430839.317, 93
Trd, 430839.433, 90
Trd, 430840.383, 104
Trd, 430840.933, 105
Trd, 430841.383, 86
Trd, 430842.483, 87
Trd, 430843.283, 88
Trd, 430844.450, 96
Trd, 430845.250, 96
Trd, 430845.333, 94
Trd, 430846.767, 85
Trd, 430848.150, 93
Trd, 430849.600, 95
Trd, 430850.183, 93
Trd, 430850.283, 92
Trd, 430850.483, 91
Trd, 430850.950, 91
Trd, 430851.517, 93
Trd, 430851.617, 95
Trd, 430852.317, 97
Trd, 430853.433, 95
Trd, 430853.650, 96
Trd, 430855.450, 100
Trd, 430855.800, 101
Trd, 430856.017, 103
Trd, 430856.383, 104
Trd, 430856.850, 100
Trd, 430857.167, 99
Trd, 430857.317, 105
Trd, 430858.750, 101
Trd, 430859.133, 99
Trd, 430859.350, 93
Trd, 430859.983, 101
Trd, 430860.383, 98
Trd, 430861.683, 99
Trd, 430862.350, 96
Trd, 430862.750, 99
Trd, 430863.400, 99
Trd, 430864.233, 99
Trd, 430864.533, 97
Trd, 430864.850, 93
Trd, 430865.183, 90
Trd, 430865.967, 104
Trd, 430866.300, 105
Trd, 430867.850, 99
Trd, 430868.317, 105
Trd, 430868.400, 99
Trd, 430869.450, 105
Trd, 430869.700, 105
Trd, 430869.900, 105
Trd, 430870.233, 106
Trd, 430870.283, 104
Trd, 430870.817, 97
Trd, 430871.250, 96
Trd, 430871.933, 104
Trd, 430874.883, 97
Trd, 430875.217, 97
Trd, 430875.950, 100
Trd, 430876.200, 100
Trd, 430876.883, 101
Trd, 430877.717, 101
Trd, 430878.617, 102
Trd, 430879.150, 102
Trd, 430879.267, 101
Trd, 430879.633, 93
Trd, 430880.150, 85
Trd, 430880.983, 84
Trd, 430881.800, 101
Trd, 430882.033, 102
Trd, 430882.783, 95
Trd, 430882.800, 101
Trd, 430884.167, 95
Trd, 430884.450, 95
Trd, 430885.150, 101
Trd, 430885.933, 99
Trd, 430886.533, 98
Trd, 430886.733, 97
Trd, 430887.400, 96
Trd, 430888.117, 90
Trd, 430888.917, 90
Trd, 430889.717, 90
Trd, 430890.017, 95
Trd, 430890.150, 85
Trd, 430891.100, 94
Trd, 430891.250, 95
Trd, 430893.083, 97
Trd, 430894.067, 96
Trd, 430894.133, 95
Trd, 430894.717, 95
Trd, 430895.317, 96
Trd, 430895.633, 96
Trd, 430896.200, 95
Trd, 430897.767, 97
Trd, 430898.617, 97
Trd, 430898.817, 95
Trd, 430898.883, 93
Trd, 430899.183, 98
Trd, 430900.100, 93
Trd, 430901.217, 102
Trd, 430901.483, 93
Trd, 430901.883, 92
Trd, 430902.217, 106
Trd, 430902.550, 94
Trd, 430902.617, 106
Trd, 430904.267, 97
Trd, 430905.017, 95
Trd, 430906.183, 106
Trd, 430906.317, 97
Trd, 430906.550, 105
Trd, 430907.517, 107
Trd, 430907.933, 95
Trd, 430910.417, 101
Trd, 430910.633, 100
Trd, 430910.833, 93
Trd, 430912.733, 93
Trd, 430913.083, 93
Trd, 430913.400, 94
Trd, 430913.683, 94
Trd, 430914.333, 95
Trd, 430914.383, 97
Trd, 430914.583, 98
Trd, 430915.400, 98
Trd, 430915.600, 97
Trd, 430916.250, 89
Trd, 430916.500, 92
Trd, 430917.517, 96
Trd, 430918.333, 100
Trd, 430920.783, 94
Trd, 430920.850, 100
Trd, 430920.983, 95
Trd, 430921.567, 94
Trd, 430922.617, 99
Trd, 430922.633, 98
Trd, 430922.950, 94
Trd, 430923.733, 95
Trd, 430924.600, 94
Trd, 430925.350, 93
Trd, 430925.467, 96
Trd, 430926.317, 91
Trd, 430928.667, 94
Trd, 430930.067, 94
Trd, 430930.200, 93
Trd, 430930.850, 98
Trd, 430930.950, 102
Trd, 430932.233, 106
Trd, 430932.583, 95
Trd, 430932.850, 95
Trd, 430932.967, 103
Trd, 430933.050, 93
Trd, 430933.150, 89
Trd, 430934.417, 95
Trd, 430934.683, 95
Trd, 430934.867, 101
Trd, 430935.000, 95
Trd, 430935.467, 95
Trd, 430935.517, 101
Trd, 430935.567, 94
Trd, 430936.783, 103
Trd, 430936.933, 94
Trd, 430937.500, 94
Trd, 430938.100, 98
Trd, 430938.350, 96
Trd, 430939.933, 93
Trd, 430940.867, 91
Trd, 430941.367, 93
Trd, 430941.667, 94
Trd, 430942.450, 95
Trd, 430943.000, 94
Trd, 430945.717, 99
Trd, 430946.217, 101
Trd, 430947.033, 104
Trd, 430947.117, 101
Trd, 430947.233, 99
Trd, 430948.083, 93
Trd, 430948.883, 89
Trd, 430949.283, 99
Trd, 430949.500, 101
Trd, 430950.067, 101
Trd, 430950.167, 100
Trd, 430950.750, 99
Trd, 430950.817, 97
Trd, 430951.217, 101
Trd, 430951.400, 96
Trd, 430951.933, 88
Trd, 430955.733, 102
Trd, 430955.883, 101
Trd, 430956.967, 103
Trd, 430957.050, 102
Trd, 430957.217, 102
Trd, 430957.800, 106
Trd, 430958.700, 90
Trd, 430959.150, 85
Trd, 430959.783, 104
Trd, 430960.067, 90
Trd, 430960.717, 100
Trd, 430961.400, 99
Trd, 430961.533, 93
Trd, 430963.250, 91
Trd, 430963.450, 95
Trd, 430963.667, 96
Trd, 430963.733, 97
Trd, 430964.367, 88
Trd, 430965.333, 89
Trd, 430966.250, 95
Trd, 430968.150, 97
Trd, 430968.367, 96
Trd, 430969.550, 102
Trd, 430969.567, 105
Trd, 430970.250, 102
Trd, 430970.350, 100
Trd, 430970.400, 106
Trd, 430970.917, 89
Trd, 430971.033, 88
Trd, 430972.200, 85
Trd, 430973.550, 100
Trd, 430974.150, 94
Trd, 430974.450, 89
Trd, 430976.333, 93
Trd, 430976.367, 89
Trd, 430978.050, 101
Trd, 430979.533, 103
Trd, 430979.550, 101
Trd, 430979.817, 101
Trd, 430980.117, 99
Trd, 430980.467, 100
Trd, 430980.833, 102
Trd, 430980.983, 93
Trd, 430982.483, 99
Trd, 430982.583, 96
Trd, 430983.950, 95
Trd, 430984.183, 92
Trd, 430984.633, 95
Trd, 430984.667, 91
Trd, 430984.850, 90
Trd, 430985.467, 84
Trd, 430986.000, 84
Trd, 430987.217, 96
Trd, 430987.817, 86
Trd, 430987.867, 97
Trd, 430988.883, 98
Trd, 430990.717, 102
Trd, 430992.750, 104
Trd, 430992.800, 101
Trd, 430992.917, 100
Trd, 430993.250, 104
Trd, 430993.350, 103
Trd, 430993.617, 103
Trd, 430994.117, 102
Trd, 430994.383, 104
Trd, 430994.533, 103
Trd, 430995.050, 100
Trd, 430995.550, 99
Trd, 430996.317, 105
Trd, 430997.550, 101
Trd, 430998.333, 104
Trd, 430998.733, 104
Trd, 430999.217, 105
Trd, 430999.983, 106
Trd, 431000.483, 98
Trd, 431001.600, 99
Trd, 431002.050, 97
Trd, 431002.183, 93
Trd, 431003.267, 91
Trd, 431003.583, 91
Trd, 431005.967, 98
Trd, 431006.400, 98
Trd, 431006.500, 90
Trd, 431006.967, 85
Trd, 431007.150, 100
Trd, 431007.250, 112
Trd, 431007.783, 106
Trd, 431009.700, 99
Trd, 431010.050, 101
Trd, 431011.150, 101
Trd, 431011.167, 102
Trd, 431011.450, 101
Trd, 431012.417, 103
Trd, 431013.900, 103
Trd, 431014.833, 101
Trd, 431015.050, 101
Trd, 431015.117, 99
Trd, 431015.283, 98
Trd, 431015.383, 96
Trd, 431015.467, 93
Trd, 431016.167, 90
Trd, 431016.733, 85
Trd, 431017.617, 98
Trd, 431017.733, 83
Trd, 431018.400, 86
Trd, 431019.817, 84
Trd, 431020.067, 85
Trd, 431020.083, 87
Trd, 431020.417, 90
Trd, 431020.433, 98
Trd, 431021.667, 88
Trd, 431022.767, 94
Trd, 431024.167, 100
Trd, 431024.500, 101
Trd, 431024.867, 100
Trd, 431025.667, 104
Trd, 431027.433, 104
Trd, 431028.267, 103
Trd, 431028.400, 101
Trd, 431029.150, 109
Trd, 431029.533, 102
Trd, 431030.433, 98
Trd, 431031.600, 97
Trd, 431031.733, 95
Trd, 431032.500, 94
Trd, 431033.000, 93
Trd, 431033.100, 99
Trd, 431033.217, 100
Trd, 431034.300, 97
Trd, 431034.600, 98
Trd, 431034.667, 96
Trd, 431035.850, 97
Trd, 431036.433, 95
Trd, 431037.133, 95
Trd, 431037.650, 94
Trd, 431038.233, 97
Trd, 431039.083, 98
Trd, 431040.050, 101
Trd, 431040.350, 93
Trd, 431040.600, 90
Trd, 431041.167, 89
Trd, 431042.133, 90
Trd, 431044.283, 98
Trd, 431044.483, 99
Trd, 431045.067, 98
Trd, 431045.450, 98
Trd, 431045.733, 106
Trd, 431046.783, 104
Trd, 431046.850, 103
Trd, 431047.633, 110
Trd, 431048.233, 109
Trd, 431049.483, 104
Trd, 431049.750, 105
Trd, 431049.983, 105
Trd, 431050.017, 102
Trd, 431050.483, 101
Trd, 431051.133, 93
Trd, 431052.017, 94
Trd, 431052.050, 85
Trd, 431053.283, 85
Trd, 431054.217, 93
Trd, 431054.783, 102
Trd, 431055.000, 104
Trd, 431055.033, 99
Trd, 431055.867, 90
Trd, 431056.033, 90
Trd, 431056.917, 90
Trd, 431057.167, 101
Trd, 431058.667, 89
Trd, 431059.400, 96
Trd, 431059.817, 97
Trd, 431059.950, 86
Trd, 431061.200, 96
Trd, 431061.683, 96
Trd, 431062.350, 98
Trd, 431062.717, 99
Trd, 431063.367, 98
Trd, 431064.350, 105
Trd, 431065.100, 102
Trd, 431065.900, 100
Trd, 431066.300, 100
Trd, 431068.200, 103
Trd, 431068.367, 109
Trd, 431068.550, 103
Trd, 431069.217, 102
Trd, 431069.783, 106
Trd, 431070.533, 104
Trd, 431070.550, 101
Trd, 431071.067, 97
Trd, 431071.717, 93
Trd, 431072.000, 91
Trd, 431072.450, 89
Trd, 431072.817, 90
Trd, 431073.067, 83
Trd, 431074.383, 82
Trd, 431074.583, 92
Trd, 431077.050, 89
Trd, 431077.083, 90
Trd, 431078.817, 92
Trd, 431079.067, 91
Trd, 431079.250, 91
Trd, 431079.317, 89
Trd, 431079.367, 95
Trd, 431080.417, 96
Trd, 431080.700, 93
Trd, 431080.800, 92
Trd, 431080.867, 98
Trd, 431083.533, 92
Trd, 431083.733, 90
Trd, 431083.817, 90
Trd, 431083.917, 88
Trd, 431084.383, 85
Trd, 431084.883, 95
Trd, 431086.117, 106
Trd, 431086.583, 98
Trd, 431087.500, 97
Trd, 431088.517, 98
Trd, 431088.950, 97
Trd, 431089.017, 98
Trd, 431089.683, 99
Trd, 431090.033, 99
Trd, 431090.583, 100
Trd, 431092.483, 93
Trd, 431092.917, 102
Trd, 431092.967, 93
Trd, 431093.217, 90
Trd, 431094.450, 84
Trd, 431094.583, 82
Trd, 431096.867, 90
Trd, 431097.550, 89
Trd, 431097.783, 90
Trd, 431097.817, 93
Trd, 431097.983, 89
Trd, 431098.250, 95
Trd, 431100.350, 104
Trd, 431100.900, 94
Trd, 431101.117, 92
Trd, 431102.067, 92
Trd, 431102.417, 93
Trd, 431102.617, 93
Trd, 431103.233, 97
Trd, 431103.767, 98
Trd, 431103.833, 106
Trd, 431104.233, 97
Trd, 431104.583, 93
Trd, 431105.433, 92
Trd, 431106.117, 100
Trd, 431106.483, 94
Trd, 431106.817, 93
Trd, 431107.283, 90
Trd, 431107.500, 100
Trd, 431108.667, 89
Trd, 431108.883, 84
Trd, 431109.700, 88
Trd, 431110.117, 90
Trd, 431110.350, 98
Trd, 431110.817, 90
Trd, 431111.433, 101
Trd, 431111.883, 91
Trd, 431112.933, 94
Trd, 431115.467, 100
Trd, 431115.650, 100
Trd, 431116.350, 101
Trd, 431117.017, 104
Trd, 431118.633, 104
Trd, 431118.783, 100
Trd, 431118.967, 107
Trd, 431120.283, 105
Trd, 431120.400, 104
Trd, 431120.917, 97
Trd, 431121.000, 110
Trd, 431121.383, 94
Trd, 431122.500, 94
Trd, 431122.683, 93
Trd, 431123.050, 94
Trd, 431123.417, 100
Trd, 431125.650, 96
Trd, 431125.867, 95
Trd, 431126.217, 93
Trd, 431126.933, 95
Trd, 431127.517, 93
Trd, 431128.500, 92
Trd, 431130.067, 90
Trd, 431130.667, 91
Trd, 431130.817, 85
Trd, 431130.983, 90
Trd, 431133.033, 93
Trd, 431133.417, 95
Trd, 431133.683, 93
Trd, 431134.500, 98
Trd, 431134.800, 101
Trd, 431135.617, 99
Trd, 431135.633, 98
Trd, 431135.933, 97
Trd, 431137.233, 104
Trd, 431137.700, 103
Trd, 431137.717, 102
Trd, 431138.817, 102
Trd, 431139.433, 104
Trd, 431140.300, 103
Trd, 431140.633, 105
Trd, 431141.767, 104
Trd, 431141.900, 101
Trd, 431142.483, 105
Trd, 431142.517, 98
Trd, 431142.667, 93
Trd, 431143.983, 106
Trd, 431145.183, 97
Trd, 431145.517, 93
Trd, 431145.633, 90
Trd, 431147.600, 104
Trd, 431147.833, 95
Trd, 431148.600, 96
Trd, 431150.417, 103
Trd, 431150.633, 104
Trd, 431150.833, 104
Trd, 431151.117, 105
Trd, 431151.167, 104
Trd, 431151.517, 101
Trd, 431152.350, 103
Trd, 431153.550, 106
Trd, 431153.767, 96
Trd, 431153.917, 96
Trd, 431154.250, 93
Trd, 431154.300, 110
Trd, 431154.467, 90
Trd, 431154.683, 106
Trd, 431154.983, 85
Trd, 431156.433, 86
Trd, 431156.783, 85
Trd, 431158.717, 91
Trd, 431159.017, 90
Trd, 431159.800, 91
Trd, 431160.117, 92
Trd, 431160.200, 93
Trd, 431160.883, 93
Trd, 431162.317, 90
Trd, 431162.750, 102
Trd, 431162.950, 88
Trd, 431163.417, 106
Trd, 431163.600, 106
Trd, 431164.817, 108
Trd, 431165.050, 83
Trd, 431165.367, 82
Trd, 431166.317, 82
Trd, 431166.400, 84
Trd, 431166.850, 95
Trd, 431169.417, 98
Trd, 431169.500, 96
Trd, 431169.950, 105
Trd, 431169.967, 97
Trd, 431170.283, 96
Trd, 431170.583, 93
Trd, 431171.317, 94
Trd, 431172.033, 96
Trd, 431172.800, 105
Trd, 431174.300, 99
Trd, 431174.867, 99
Trd, 431174.967, 106
Trd, 431175.017, 97
Trd, 431175.550, 103
Trd, 431175.650, 95
Trd, 431175.917, 86
Trd, 431177.000, 89
Trd, 431177.700, 84
Trd, 431177.717, 100
Trd, 431178.550, 89
Trd, 431179.717, 92
Trd, 431180.417, 96
Trd, 431180.533, 98
Trd, 431181.833, 93
Trd, 431182.467, 89
Trd, 431182.983, 87
Trd, 431184.017, 87
Trd, 431184.583, 86
Trd, 431185.533, 96
Trd, 431185.683, 95
Trd, 431186.150, 88
Trd, 431186.767, 98
Trd, 431188.083, 99
Trd, 431188.883, 98
Trd, 431189.367, 101
Trd, 431189.517, 93
Trd, 431190.467, 105
Trd, 431190.850, 106
Trd, 431191.033, 90
Trd, 431191.517, 84
Trd, 431192.000, 108
Trd, 431193.050, 99
Trd, 431194.617, 96
Trd, 431195.067, 96
Trd, 431195.367, 98
Trd, 431195.550, 97
Trd, 431195.583, 96
Trd, 431196.250, 98
Trd, 431196.450, 96
Trd, 431197.150, 95
Trd, 431197.183, 104
Trd, 431200.767, 98
Trd, 431200.933, 93
Trd, 431201.267, 93
Trd, 431201.483, 92
Trd, 431201.517, 90
Trd, 431201.767, 100
Trd, 431202.583, 91
Trd, 431203.333, 101
Trd, 431203.483, 90
Trd, 431204.517, 94
Trd, 431205.083, 99
Trd, 431205.283, 99
Trd, 431205.783, 100
Trd, 431206.033, 101
Trd, 431206.483, 103
Trd, 431206.650, 105
Trd, 431207.567, 106
Trd, 431208.217, 104
Trd, 431209.250, 102
Trd, 431209.550, 105
Trd, 431209.683, 105
Trd, 431210.383, 105
Trd, 431212.117, 109
Trd, 431212.150, 106
Trd, 431212.933, 105
Trd, 431213.350, 105
Trd, 431213.467, 101
Trd, 431213.633, 96
Trd, 431215.117, 93
Trd, 431215.300, 99
Trd, 431215.883, 90
Trd, 431216.283, 99
Trd, 431216.850, 98
Trd, 431217.583, 92
Trd, 431218.433, 85
Trd, 431218.867, 93
Trd, 431219.717, 89
Trd, 431220.100, 92
Trd, 431220.367, 93
Trd, 431220.650, 89
Trd, 431221.200, 93
Trd, 431221.367, 89
Trd, 431221.817, 83
Trd, 431222.333, 82
Trd, 431223.333, 82
Trd, 431223.633, 95
Trd, 431225.733, 104
Trd, 431226.283, 104
Trd, 431226.517, 103
Trd, 431227.117, 101
Trd, 431227.967, 103
Trd, 431228.517, 100
Trd, 431229.667, 102
Trd, 431229.683, 99
Trd, 431230.717, 98
Trd, 431230.783, 95
Trd, 431231.300, 95
Trd, 431231.650, 94
Trd, 431232.500, 99
Trd, 431232.667, 93
Trd, 431235.000, 98
Trd, 431235.633, 96
Trd, 431236.083, 99
Trd, 431236.500, 102
Trd, 431236.633, 98
Trd, 431237.050, 94
Trd, 431237.100, 105
Trd, 431237.900, 103
Trd, 431238.867, 98
Trd, 431239.533, 96
Trd, 431241.317, 102
Trd, 431242.017, 103
Trd, 431242.350, 102
Trd, 431242.367, 112
Trd, 431242.450, 101
Trd, 431243.100, 100
Trd, 431245.067, 100
Trd, 431245.233, 99
Trd, 431245.683, 102
Trd, 431246.300, 97
Trd, 431246.500, 96
Trd, 431246.700, 93
Trd, 431247.367, 97
Trd, 431249.300, 99
Trd, 431249.467, 98
Trd, 431249.850, 98
Trd, 431250.167, 101
Trd, 431250.267, 97
Trd, 431251.017, 103
Trd, 431251.850, 102
Trd, 431252.383, 104
Trd, 431253.517, 104
Trd, 431253.717, 103
Trd, 431254.783, 101
Trd, 431255.150, 100
Trd, 431255.917, 100
Trd, 431256.983, 99
Trd, 431257.583, 101
Trd, 431258.500, 96
Trd, 431259.850, 101
Trd, 431260.000, 101
Trd, 431260.167, 102
Trd, 431260.467, 103
Trd, 431260.683, 101
Trd, 431260.750, 98
Trd, 431262.617, 99
Trd, 431262.650, 100
Trd, 431262.833, 98
Trd, 431263.333, 93
Trd, 431265.433, 96
Trd, 431265.983, 93
Trd, 431268.100, 101
Trd, 431268.367, 101
Trd, 431269.300, 105
Trd, 431269.317, 101
Trd, 431270.050, 106
Trd, 431270.133, 99
Trd, 431271.100, 96
Trd, 431272.433, 95
Trd, 431273.133, 96
Trd, 431273.233, 93
Trd, 431273.367, 98
Trd, 431274.683, 98
Trd, 431274.833, 90
Trd, 431275.033, 91
Trd, 431276.117, 91
Trd, 431277.050, 98
Trd, 431277.183, 92
Trd, 431277.783, 101
Trd, 431278.700, 95
Trd, 431279.283, 85
Trd, 431280.450, 85
Trd, 431281.817, 102
Trd, 431282.333, 102
Trd, 431282.483, 102
Trd, 431282.700, 102
Trd, 431283.117, 102
Trd, 431283.350, 101
Trd, 431283.433, 98
Trd, 431284.683, 110
Trd, 431285.533, 102
Trd, 431285.867, 96
Trd, 431286.883, 95
Trd, 431287.383, 94
Trd, 431287.600, 100
Trd, 431287.767, 94
Trd, 431287.783, 93
Trd, 431288.700, 96
Trd, 431289.400, 89
Trd, 431289.533, 95
Trd, 431290.217, 95
Trd, 431291.167, 89
Trd, 431291.650, 105
Trd, 431291.733, 98
Trd, 431292.783, 88
Trd, 431295.017, 89
Trd, 431295.933, 93
Trd, 431296.183, 93
Trd, 431297.367, 100
Trd, 431297.383, 97
Trd, 431297.550, 95
Trd, 431298.850, 101
Trd, 431298.967, 102
Trd, 431299.000, 101
Trd, 431299.967, 101
Trd, 431300.000, 106
Trd, 431301.167, 104
Trd, 431302.183, 106
Trd, 431303.283, 106
Trd, 431303.600, 106
Trd, 431304.400, 103
Trd, 431305.033, 105
Trd, 431305.050, 100
Trd, 431305.733, 98
Trd, 431306.100, 95
Trd, 431306.333, 90
Trd, 431307.400, 103
Trd, 431307.717, 97
Trd, 431308.017, 96
Trd, 431308.150, 104
Trd, 431308.933, 91
Trd, 431311.033, 92
Trd, 431311.083, 100
Trd, 431312.267, 97
Trd, 431312.567, 98
Trd, 431312.750, 98
Trd, 431313.200, 97
Trd, 431314.350, 96
Trd, 431315.000, 97
Trd, 431315.567, 96
Trd, 431316.000, 93
Trd, 431316.133, 92
Trd, 431316.367, 90
Trd, 431317.233, 84
Trd, 431317.917, 84
Trd, 431318.917, 84
Trd, 431320.083, 84
Trd, 431321.150, 92
Trd, 431322.017, 94
Trd, 431322.450, 95
Trd, 431322.933, 86
Trd, 431325.000, 101
Trd, 431325.167, 98
Trd, 431325.350, 110
Trd, 431325.400, 112
Trd, 431325.533, 98
Trd, 431326.083, 100
Trd, 431326.133, 113
Trd, 431326.150, 99
Trd, 431326.600, 98
Trd, 431327.017, 97
Trd, 431328.067, 93
Trd, 431328.283, 102
Trd, 431328.400, 104
Trd, 431329.000, 106
Trd, 431330.883, 99
Trd, 431331.100, 98
Trd, 431333.133, 101
Trd, 431333.183, 100
Trd, 431333.583, 99
Trd, 431334.200, 98
Trd, 431335.033, 95
Trd, 431335.717, 94
Trd, 431336.133, 94
Trd, 431336.983, 93
Trd, 431337.017, 90
Trd, 431337.583, 87
Trd, 431338.617, 95
Trd, 431338.717, 98
Trd, 431338.750, 91
Trd, 431339.350, 90
Trd, 431340.333, 94
Trd, 431340.417, 86
Trd, 431340.833, 90
Trd, 431340.967, 84
Trd, 431341.133, 83
Trd, 431343.700, 92
Trd, 431343.983, 93
Trd, 431345.667, 95
Trd, 431346.050, 98
Trd, 431346.067, 96
Trd, 431347.333, 97
Trd, 431348.183, 94
Trd, 431348.983, 95
Trd, 431349.417, 96
Trd, 431349.467, 95
Trd, 431349.967, 84
Trd, 431351.433, 96
Trd, 431351.867, 97
Trd, 431352.133, 85
Trd, 431352.983, 96
Trd, 431353.267, 98
Trd, 431354.033, 92
Trd, 431354.783, 93
Trd, 431355.167, 91
Trd, 431355.550, 92
Trd, 431357.117, 99
Trd, 431357.933, 100
Trd, 431358.033, 102
Trd, 431358.217, 105
Trd, 431358.383, 106
Trd, 431359.417, 104
Trd, 431359.717, 102
Trd, 431360.550, 102
Trd, 431361.050, 104
Trd, 431361.133, 101
Trd, 431362.900, 101
Trd, 431363.100, 100
Trd, 431364.167, 100
Trd, 431364.400, 98
Trd, 431366.783, 99
Trd, 431366.950, 98
Trd, 431367.033, 90
Trd, 431367.267, 84
Trd, 431368.350, 95
Trd, 431369.150, 82
Trd, 431369.417, 81
Trd, 431369.617, 84
Trd, 431370.650, 92
Trd, 431370.900, 80
Trd, 431371.017, 94
Trd, 431371.733, 95
Trd, 431372.717, 93
Trd, 431373.350, 99
Trd, 431373.583, 99
Trd, 431374.650, 103
Trd, 431375.033, 102
Trd, 431375.350, 101
Trd, 431375.867, 103
Trd, 431377.217, 102
Trd, 431377.800, 104
Trd, 431378.167, 104
Trd, 431378.233, 99
Trd, 431378.550, 95
Trd, 431380.033, 98
Trd, 431381.617, 109
Trd, 431383.183, 99
Trd, 431383.717, 102
Trd, 431384.117, 98
Trd, 431384.517, 101
Trd, 431384.733, 97
Trd, 431384.933, 97
Trd, 431385.533, 94
Trd, 431385.983, 94
Trd, 431386.800, 99
Trd, 431387.017, 101
Trd, 431387.383, 98
Trd, 431388.133, 106
Trd, 431388.567, 110
Trd, 431389.267, 99
Trd, 431389.517, 98
Trd, 431389.717, 98
Trd, 431389.750, 96
Trd, 431391.017, 93
Trd, 431391.367, 90
Trd, 431392.667, 95
Trd, 431392.967, 82
Trd, 431394.033, 87
Trd, 431395.933, 91
Trd, 431396.117, 96
Trd, 431397.283, 97
Trd, 431397.333, 96
Trd, 431397.467, 98
Trd, 431397.550, 101
Trd, 431397.767, 96
Trd, 431398.467, 97
Trd, 431399.933, 95
Trd, 431400.817, 97
Trd, 431401.083, 101
Trd, 431402.200, 102
Trd, 431402.333, 102
Trd, 431402.350, 101
Trd, 431402.533, 98
Trd, 431403.600, 94
Trd, 431405.283, 94
Trd, 431406.267, 100
Trd, 431407.533, 100
Trd, 431408.750, 99
Trd, 431409.300, 99
Trd, 431409.550, 97
Trd, 431410.067, 88
Trd, 431410.083, 106
Trd, 431410.183, 83
Trd, 431410.383, 81
Trd, 431410.833, 83
Trd, 431411.833, 79
Trd, 431414.117, 81
Trd, 431415.050, 84
Trd, 431415.150, 86
Trd, 431415.717, 87
Trd, 431416.567, 91
Trd, 431417.033, 94
Trd, 431417.983, 94
Trd, 431418.500, 95
Trd, 431418.850, 95
Trd, 431419.017, 94
Trd, 431420.200, 98
Trd, 431420.383, 97
Trd, 431421.783, 98
Trd, 431421.950, 97
Trd, 431422.183, 95
Trd, 431422.600, 98
Trd, 431423.300, 103
Trd, 431423.683, 104
Trd, 431424.117, 97
Trd, 431424.483, 94
Trd, 431424.683, 106
Trd, 431425.083, 93
Trd, 431425.400, 94
Trd, 431425.417, 88
Trd, 431426.317, 85
Trd, 431426.800, 84
Trd, 431427.067, 90
Trd, 431428.700, 111
Trd, 431429.183, 111
Trd, 431429.367, 110
Trd, 431429.667, 107
Trd, 431429.833, 112
Trd, 431429.950, 106
Trd, 431432.067, 99
Trd, 431432.950, 98
Trd, 431433.033, 93
Trd, 431434.000, 87
Trd, 431434.317, 91
Trd, 431434.583, 90
Trd, 431435.983, 86
Trd, 431436.417, 93
Trd, 431437.150, 86
Trd, 431437.217, 85
Trd, 431437.500, 84
Trd, 431438.800, 95
Trd, 431439.033, 84
Trd, 431440.233, 101
Trd, 431441.167, 90
Trd, 431442.483, 95
Trd, 431442.667, 95
Trd, 431442.817, 94
Trd, 431443.217, 98
Trd, 431444.000, 99
Trd, 431444.500, 101
Trd, 431444.617, 100
Trd, 431445.833, 98
Trd, 431446.067, 103
Trd, 431446.650, 97
Trd, 431447.883, 96
Trd, 431448.033, 93
Trd, 431448.267, 91
Trd, 431450.167, 95
Trd, 431450.733, 96
Trd, 431451.050, 97
Trd, 431452.433, 104
Trd, 431452.700, 106
Trd, 431453.283, 93
Trd, 431453.483, 94
Trd, 431454.233, 95
Trd, 431454.567, 93
Trd, 431455.133, 92
Trd, 431455.633, 96
Trd, 431456.233, 90
Trd, 431456.250, 85
Trd, 431456.900, 85
Trd, 431457.183, 84
Trd, 431459.117, 85
Trd, 431459.900, 84
Trd, 431460.250, 94
Trd, 431461.200, 86
Trd, 431461.267, 85
Trd, 431461.600, 95
Trd, 431461.617, 98
Trd, 431462.317, 103
Trd, 431463.117, 102
Trd, 431463.533, 102
Trd, 431464.333, 99
Trd, 431465.417, 100
Trd, 431466.033, 99
Trd, 431466.233, 98
Trd, 431468.633, 100
Trd, 431468.667, 97
Trd, 431469.850, 98
Trd, 431470.150, 103
Trd, 431470.233, 96
Trd, 431472.050, 90
Trd, 431472.383, 90
Trd, 431472.533, 89
Trd, 431473.083, 99
Trd, 431473.100, 98
Trd, 431473.217, 97
Trd, 431474.233, 86
Trd, 431475.183, 98
Trd, 431476.050, 98
Trd, 431476.450, 103
Trd, 431476.617, 94
Trd, 431476.917, 94
Trd, 431477.283, 93
Trd, 431477.317, 105
Trd, 431477.417, 93
Trd, 431477.900, 104
Trd, 431479.100, 98
Trd, 431479.400, 96
Trd, 431481.350, 98
Trd, 431482.317, 99
Trd, 431482.367, 101
Trd, 431483.683, 95
Trd, 431484.667, 97
Trd, 431485.267, 100
Trd, 431486.717, 98
Trd, 431486.850, 96
Trd, 431487.050, 95
Trd, 431488.083, 98
Trd, 431488.433, 93
Trd, 431489.383, 92
Trd, 431489.983, 98
Trd, 431490.617, 94
Trd, 431490.833, 94
Trd, 431491.100, 95
Trd, 431491.517, 93
Trd, 431491.600, 98
Trd, 431491.700, 92
Trd, 431492.183, 105
Trd, 431492.200, 91
Trd, 431492.283, 90
Trd, 431495.417, 106
Trd, 431496.083, 99
Trd, 431496.533, 106
Trd, 431498.283, 98
Trd, 431498.300, 97
Trd, 431499.050, 96
Trd, 431499.917, 97
Trd, 431502.017, 105
Trd, 431502.333, 105
Trd, 431502.517, 103
Trd, 431502.700, 105
Trd, 431503.133, 101
Trd, 431503.800, 98
Trd, 431503.917, 101
Trd, 431504.050, 93
Trd, 431504.733, 102
Trd, 431504.833, 89
Trd, 431505.900, 101
Trd, 431505.933, 102
Trd, 431509.117, 104
Trd, 431510.133, 101
Trd, 431510.533, 101
Trd, 431510.867, 101
Trd, 431511.033, 99
Trd, 431511.200, 98
Trd, 431512.150, 97
Trd, 431512.183, 93
Trd, 431512.967, 89
Trd, 431513.267, 88
Trd, 431514.150, 84
Trd, 431514.483, 84
Trd, 431515.233, 98
Trd, 431515.583, 98
Trd, 431516.067, 100
Trd, 431516.483, 84
Trd, 431516.767, 101
Trd, 431519.000, 92
Trd, 431519.067, 93
Trd, 431519.533, 95
Trd, 431519.733, 101
Trd, 431520.233, 97
Trd, 431520.633, 96
Trd, 431522.800, 105
Trd, 431523.350, 106
Trd, 431523.467, 101
Trd, 431524.000, 101
Trd, 431525.000, 104
Trd, 431525.400, 101
Trd, 431525.767, 95
Trd, 431526.533, 95
Trd, 431526.750, 98
Trd, 431527.600, 93
Trd, 431527.667, 95
Trd, 431528.733, 93
Trd, 431529.317, 95
Trd, 431529.350, 93
Trd, 431531.300, 91
Trd, 431533.050, 95
Trd, 431533.100, 94
Trd, 431533.333, 95
Trd, 431535.050, 100
Trd, 431535.100, 99
Trd, 431535.367, 101
Trd, 431535.617, 100
Trd, 431535.733, 96
Trd, 431535.783, 101
Trd, 431535.883, 104
Trd, 431536.517, 106
Trd, 431538.483, 98
Trd, 431540.333, 102
Trd, 431540.683, 102
Trd, 431541.117, 103
Trd, 431541.467, 100
Trd, 431542.167, 100
Trd, 431542.433, 94
Trd, 431542.817, 104
Trd, 431543.400, 104
Trd, 431543.583, 93
Trd, 431544.383, 97
Trd, 431544.550, 91
Trd, 431545.683, 97
Trd, 431545.767, 99
Trd, 431547.000, 94
Trd, 431547.250, 93
Trd, 431547.267, 90
Trd, 431547.600, 85
Trd, 431547.767, 84
Trd, 431548.767, 94
Trd, 431549.650, 95
Trd, 431551.067, 94
Trd, 431552.050, 98
Trd, 431552.283, 97
Trd, 431552.450, 96
Trd, 431552.867, 96
Trd, 431553.367, 98
Trd, 431553.383, 95
Trd, 431553.700, 96
Trd, 431554.733, 93
Trd, 431558.433, 92
Trd, 431558.567, 93
Trd, 431561.267, 97
Trd, 431561.300, 98
Trd, 431561.467, 96
Trd, 431562.233, 104
Trd, 431562.833, 100
Trd, 431563.317, 97
Trd, 431563.383, 97
Trd, 431564.500, 94
Trd, 431564.517, 103
Trd, 431564.683, 93
Trd, 431565.300, 105
Trd, 431565.417, 106
Trd, 431565.517, 105
Trd, 431566.083, 105
Trd, 431566.517, 104
Trd, 431568.183, 102
Trd, 431568.317, 108
Trd, 431568.800, 99
Trd, 431572.617, 105
Trd, 431572.800, 104
Trd, 431572.900, 104
Trd, 431573.183, 103
Trd, 431574.000, 101
Trd, 431574.033, 101
Trd, 431574.450, 103
Trd, 431574.483, 98
Trd, 431576.050, 98
Trd, 431576.217, 97
Trd, 431576.233, 96
Trd, 431576.283, 93
Trd, 431577.383, 91
Trd, 431577.683, 95
Trd, 431578.783, 96
Trd, 431579.267, 98
Trd, 431579.317, 94
Trd, 431579.833, 101
Trd, 431580.883, 105
Trd, 431582.850, 103
Trd, 431583.067, 101
Trd, 431583.300, 102
Trd, 431583.367, 101
Trd, 431583.800, 101
Trd, 431583.833, 100
Trd, 431584.933, 95
Trd, 431585.250, 93
Trd, 431585.333, 90
Trd, 431586.183, 94
Trd, 431587.017, 90
Trd, 431587.733, 93
Trd, 431589.000, 96
Trd, 431589.517, 97
Trd, 431590.517, 95
Trd, 431590.650, 94
Trd, 431591.383, 85
Trd, 431592.117, 94
Trd, 431592.383, 95
Trd, 431592.467, 98
Trd, 431592.717, 88
Trd, 431593.483, 92
Trd, 431594.467, 93
Trd, 431595.767, 103
Trd, 431596.267, 102
Trd, 431596.900, 103
Trd, 431597.900, 104
Trd, 431598.183, 103
Trd, 431598.283, 104
Trd, 431599.717, 98
Trd, 431600.033, 91
Trd, 431601.517, 89
Trd, 431603.017, 105
Trd, 431603.150, 99
Trd, 431603.417, 105
Trd, 431603.700, 92
Trd, 431603.733, 90
Trd, 431604.817, 94
Trd, 431605.600, 101
Trd, 431607.800, 102
Trd, 431608.200, 104
Trd, 431608.300, 102
Trd, 431608.683, 105
Trd, 431608.833, 101
Trd, 431609.450, 106
Trd, 431610.017, 105
Trd, 431611.083, 106
Trd, 431611.333, 104
Trd, 431611.517, 100
Trd, 431612.533, 102
Trd, 431613.150, 102
Trd, 431613.283, 99
Trd, 431613.383, 98
Trd, 431615.250, 98
Trd, 431615.267, 97
Trd, 431616.017, 95
Trd, 431617.133, 94
Trd, 431617.967, 94
Trd, 431618.583, 94
Trd, 431618.667, 93
Trd, 431618.717, 85
Trd, 431619.133, 101
Trd, 431619.817, 99
Trd, 431620.950, 95
Trd, 431621.200, 90
Trd, 431621.633, 86
Trd, 431622.233, 101
Trd, 431622.600, 104
Trd, 431623.517, 104
Trd, 431624.450, 89
Trd, 431624.567, 86
Trd, 431627.983, 102
Trd, 431628.133, 104
Trd, 431628.217, 103
Trd, 431628.567, 102
Trd, 431629.000, 101
Trd, 431629.400, 100
Trd, 431629.450, 99
Trd, 431629.767, 102
Trd, 431630.233, 100
Trd, 431633.467, 106
Trd, 431633.667, 104
Trd, 431634.183, 101
Trd, 431634.683, 100
Trd, 431634.967, 98
Trd, 431635.650, 104
Trd, 431635.700, 97
Trd, 431635.833, 105
Trd, 431636.833, 101
Trd, 431637.433, 98
Trd, 431638.233, 96
Trd, 431639.667, 95
Trd, 431641.033, 96
Trd, 431641.350, 93
Trd, 431641.367, 101
Trd, 431641.800, 91
Trd, 431641.817, 90
Trd, 431642.200, 90
Trd, 431642.800, 89
Trd, 431644.133, 87
Trd, 431644.967, 91
Trd, 431645.017, 98
Trd, 431646.000, 103
Trd, 431646.250, 103
Trd, 431646.400, 103
Trd, 431647.050, 105
Trd, 431647.200, 99
Trd, 431647.233, 99
Trd, 431647.267, 102
Trd, 431648.400, 82
Trd, 431649.433, 98
Trd, 431649.733, 93
Trd, 431649.867, 89
Trd, 431650.317, 97
Trd, 431650.767, 100
Trd, 431652.117, 84
Trd, 431652.233, 106
Trd, 431655.333, 92
Trd, 431655.667, 90
Trd, 431656.100, 91
Trd, 431656.650, 92
Trd, 431658.150, 93
Trd, 431658.817, 95
Trd, 431659.167, 95
Trd, 431659.300, 94
Trd, 431660.050, 99
Trd, 431660.417, 98
Trd, 431660.617, 99
Trd, 431661.483, 97
Trd, 431662.050, 106
Trd, 431662.700, 93
Trd, 431662.783, 86
Trd, 431663.833, 90
Trd, 431664.117, 97
Trd, 431664.150, 110
Trd, 431665.233, 90
Trd, 431666.600, 102
Trd, 431667.850, 103
Trd, 431670.250, 93
Trd, 431670.483, 93
Trd, 431670.583, 92
Trd, 431672.067, 99
Trd, 431672.600, 99
Trd, 431672.917, 100
Trd, 431672.950, 99
Trd, 431672.983, 101
Trd, 431673.450, 99
Trd, 431673.933, 96
Trd, 431674.433, 100
Trd, 431674.517, 99
Trd, 431674.667, 103
Trd, 431675.933, 101
Trd, 431676.800, 102
Trd, 431677.650, 104
Trd, 431677.750, 103
Trd, 431677.967, 105
Trd, 431678.633, 100
Trd, 431678.750, 105
Trd, 431678.967, 98
Trd, 431679.167, 91
Trd, 431679.550, 91
Trd, 431680.733, 90
Trd, 431681.183, 102
Trd, 431684.583, 100
Trd, 431684.633, 98
Trd, 431684.917, 98
Trd, 431685.350, 98
Trd, 431686.817, 97
Trd, 431687.933, 98
Trd, 431688.617, 104
Trd, 431688.900, 103
Trd, 431689.833, 105
Trd, 431689.867, 106
Trd, 431690.350, 101
Trd, 431690.567, 98
Trd, 431690.800, 99
Trd, 431691.383, 94
Trd, 431692.917, 98
Trd, 431693.000, 96
Trd, 431694.433, 100
Trd, 431694.467, 98
Trd, 431695.917, 105
Trd, 431696.617, 96
Trd, 431697.100, 95
Trd, 431699.200, 93
Trd, 431699.717, 94
Trd, 431700.800, 95
Trd, 431700.950, 94
Trd, 431701.250, 97
Trd, 431701.850, 98
Trd, 431701.917, 94
Trd, 431702.283, 94
Trd, 431702.883, 92
Trd, 431702.917, 97
Trd, 431703.200, 90
Trd, 431703.883, 96
Trd, 431704.567, 94
Trd, 431705.817, 88
Trd, 431705.867, 85
Trd, 431706.483, 98
Trd, 431706.583, 104
Trd, 431706.917, 105
Trd, 431707.283, 98
Trd, 431709.833, 105
Trd, 431710.600, 104
Trd, 431710.683, 103
Trd, 431711.150, 102
Trd, 431711.483, 102
Trd, 431712.567, 103
Trd, 431712.900, 101
Trd, 431712.917, 98
Trd, 431713.083, 93
Trd, 431713.233, 103
Trd, 431713.950, 90
Trd, 431714.500, 98
Trd, 431717.033, 98
Trd, 431717.283, 98
Trd, 431717.817, 98
Trd, 431718.917, 95
Trd, 431719.050, 94
Trd, 431719.550, 93
Trd, 431719.650, 93
Trd, 431719.850, 95
Trd, 431720.667, 96
Trd, 431722.183, 94
Trd, 431722.500, 94
Trd, 431723.050, 84
Trd, 431724.550, 99
Trd, 431724.917, 98
Trd, 431727.100, 96
Trd, 431727.833, 98
Trd, 431728.200, 99
Trd, 431728.700, 99
Trd, 431729.200, 98
Trd, 431729.483, 95
Trd, 431729.950, 94
Trd, 431730.483, 93
Trd, 431731.983, 104
Trd, 431732.017, 104
Trd, 431732.217, 106
Trd, 431732.550, 101
Trd, 431733.450, 108
Trd, 431733.917, 104
Trd, 431735.133, 105
Trd, 431735.600, 103
Trd, 431735.967, 103
Trd, 431736.633, 102
Trd, 431737.350, 104
Trd, 431737.783, 103
Trd, 431738.900, 102
Trd, 431738.933, 101
Trd, 431738.950, 97
Trd, 431739.050, 92
Trd, 431739.800, 91
Trd, 431740.033, 90
Trd, 431740.333, 105
Trd, 431740.467, 109
Trd, 431743.500, 103
Trd, 431744.017, 103
Trd, 431744.850, 101
Trd, 431745.183, 99
Trd, 431746.383, 99
Trd, 431746.417, 100
Trd, 431747.233, 100
Trd, 431747.317, 98
Trd, 431748.100, 93
Trd, 431748.633, 95
Trd, 431749.733, 90
Trd, 431749.867, 85
Trd, 431750.267, 84
Trd, 431751.217, 100
Trd, 431752.167, 87
Trd, 431752.433, 86
Trd, 431752.683, 85
Trd, 431753.833, 106
Trd, 431754.033, 98
Trd, 431754.450, 98
Trd, 431755.983, 100
Trd, 431756.083, 100
Trd, 431756.867, 100
Trd, 431757.250, 99
Trd, 431757.267, 98
Trd, 431758.517, 94
Trd, 431759.333, 93
Trd, 431759.900, 92
Trd, 431760.350, 94
Trd, 431761.033, 95
Trd, 431762.083, 97
Trd, 431762.167, 98
Trd, 431763.617, 104
Trd, 431764.550, 105
Trd, 431764.950, 104
Trd, 431765.283, 106
Trd, 431765.733, 108
Trd, 431765.800, 107
Trd, 431765.933, 93
Trd, 431766.517, 103
Trd, 431766.900, 101
Trd, 431768.000, 99
Trd, 431768.317, 99
Trd, 431769.617, 102
Trd, 431770.483, 102
Trd, 431770.600, 104
Trd, 431770.650, 109
Trd, 431771.367, 113
Trd, 431771.733, 96
Trd, 431771.867, 95
Trd, 431772.267, 92
Trd, 431772.750, 91
Trd, 431773.783, 97
Trd, 431775.300, 89
Trd, 431776.817, 95
Trd, 431777.450, 95
Trd, 431777.533, 96
Trd, 431778.133, 94
Trd, 431778.467, 95
Trd, 431778.867, 98
Trd, 431778.933, 94
Trd, 431781.133, 101
Trd, 431781.217, 102
Trd, 431782.267, 95
Trd, 431783.867, 97
Trd, 431783.983, 96
Trd, 431784.017, 96
Trd, 431785.133, 93
Trd, 431785.617, 89
Trd, 431785.900, 85
Trd, 431788.117, 85
Trd, 431788.183, 95
Trd, 431789.167, 84
Trd, 431790.050, 101
Trd, 431790.450, 92
Trd, 431791.167, 99
Trd, 431791.233, 93
Trd, 431792.383, 93
Trd, 431792.933, 91
Trd, 431793.450, 94
Trd, 431794.383, 97
Trd, 431794.983, 98
Trd, 431796.350, 98
Trd, 431796.667, 98
Trd, 431796.683, 97
Trd, 431797.350, 103
Trd, 431797.633, 100
Trd, 431797.650, 99
Trd, 431797.900, 90
Trd, 431798.583, 103
Trd, 431801.433, 100
Trd, 431802.050, 100
Trd, 431802.117, 99
Trd, 431802.367, 99
Trd, 431803.883, 106
Trd, 431804.817, 101
Trd, 431804.967, 100
Trd, 431805.117, 98
Trd, 431805.767, 108
Trd, 431806.133, 98
Trd, 431806.667, 96
Trd, 431807.050, 95
Trd, 431807.200, 94
Trd, 431807.983, 102
Trd, 431808.017, 101
Trd, 431808.883, 108
Trd, 431809.083, 97
Trd, 431809.850, 95
Trd, 431810.317, 93
Trd, 431810.750, 106
Trd, 431811.533, 106
Trd, 431811.700, 108
Trd, 431811.900, 95
Trd, 431811.917, 110
Trd, 431812.517, 95
Trd, 431812.883, 94
Trd, 431813.133, 93
Trd, 431813.917, 100
Trd, 431815.383, 98
Trd, 431816.317, 98
Trd, 431817.550, 88
Trd, 431818.500, 90
Trd, 431818.633, 98
Trd, 431820.183, 91
Trd, 431820.467, 85
Trd, 431822.367, 93
Trd, 431822.717, 94
Trd, 431822.733, 93
Trd, 431822.817, 106
Trd, 431822.950, 91
Trd, 431823.917, 90
Trd, 431823.950, 84
Trd, 431825.167, 97
Trd, 431825.233, 98
Trd, 431827.167, 95
Trd, 431827.633, 94
Trd, 431829.417, 96
Trd, 431829.517, 100
Trd, 431829.950, 94
Trd, 431830.250, 102
Trd, 431831.633, 96
Trd, 431831.667, 105
Trd, 431832.633, 98
Trd, 431833.117, 98
Trd, 431833.717, 98
Trd, 431834.083, 102
Trd, 431834.983, 99
Trd, 431835.067, 98
Trd, 431835.400, 93
Trd, 431836.417, 91
Trd, 431836.683, 90
Trd, 431837.250, 92
Trd, 431837.767, 90
Trd, 431838.217, 90
Trd, 431838.733, 98
Trd, 431839.317, 101
Trd, 431839.933, 90
Trd, 431841.500, 100
Trd, 431842.283, 95
Trd, 431842.850, 95
Trd, 431843.467, 98
Trd, 431844.017, 98
Trd, 431844.067, 97
Trd, 431844.117, 96
Trd, 431846.117, 96
Trd, 431846.300, 93
Trd, 431847.767, 90
Trd, 431848.200, 90
Trd, 431848.883, 95
Trd, 431850.983, 91
Trd, 431851.117, 90
Trd, 431852.033, 85
Trd, 431853.083, 85
Trd, 431853.150, 91
Trd, 431853.767, 93
Trd, 431854.583, 90
Trd, 431855.067, 93
Trd, 431856.250, 95
Trd, 431856.267, 94
Trd, 431856.833, 93
Trd, 431857.000, 96
Trd, 431857.250, 94
Trd, 431857.333, 98
Trd, 431857.433, 101
Trd, 431858.417, 102
Trd, 431858.850, 95
Trd, 431859.500, 84
Trd, 431861.900, 100
Trd, 431862.417, 98
Trd, 431862.717, 99
Trd, 431863.567, 99
Trd, 431863.617, 96
Trd, 431864.633, 99
Trd, 431865.667, 99
Trd, 431865.700, 97
Trd, 431865.733, 95
Trd, 431865.983, 100
Trd, 431866.083, 102
Trd, 431866.683, 101
Trd, 431866.850, 102
Trd, 431868.267, 99
Trd, 431870.017, 101
Trd, 431870.350, 106
Trd, 431870.883, 102
Trd, 431871.033, 102
Trd, 431871.267, 97
Trd, 431871.483, 97
Trd, 431871.800, 96
Trd, 431871.900, 102
Trd, 431872.333, 93
Trd, 431873.100, 90
Trd, 431873.500, 89
Trd, 431875.517, 99
Trd, 431875.917, 101
Trd, 431876.417, 98
Trd, 431877.300, 97
Trd, 431878.933, 100
Trd, 431879.133, 101
Trd, 431879.633, 99
Trd, 431880.333, 102
Trd, 431880.617, 100
Trd, 431880.917, 99
Trd, 431881.517, 98
Trd, 431884.617, 101
Trd, 431885.183, 101
Trd, 431885.300, 100
Trd, 431886.100, 105
Trd, 431886.133, 101
Trd, 431886.233, 106
Trd, 431886.867, 101
Trd, 431887.217, 98
Trd, 431888.183, 100
Trd, 431888.817, 99
Trd, 431889.850, 94
Trd, 431890.833, 94
Trd, 431891.133, 95
Trd, 431891.833, 95
Trd, 431894.100, 97
Trd, 431894.350, 97
Trd, 431894.700, 97
Trd, 431894.717, 95
Trd, 431895.183, 95
Trd, 431895.217, 93
Trd, 431895.717, 106
Trd, 431896.850, 90
Trd, 431897.100, 97
Trd, 431897.400, 87
Trd, 431898.617, 90
Trd, 431899.700, 95
Trd, 431900.283, 100
Trd, 431900.700, 98
Trd, 431901.183, 97
Trd, 431901.300, 96
Trd, 431902.450, 93
Trd, 431902.567, 92
Trd, 431903.550, 96
Trd, 431904.100, 93
Trd, 431905.117, 96
Trd, 431905.367, 97
Trd, 431905.633, 96
Trd, 431906.767, 93
Trd, 431907.017, 98
Trd, 431907.400, 100
Trd, 431907.850, 92
Trd, 431907.917, 101
Trd, 431908.450, 94
Trd, 431909.450, 94
Trd, 431909.500, 106
Trd, 431911.333, 97
Trd, 431911.650, 96
Trd, 431912.200, 96
Trd, 431912.650, 94
Trd, 431913.467, 90
Trd, 431914.383, 90
Trd, 431914.917, 94
Trd, 431915.167, 91
Trd, 431915.517, 92
Trd, 431916.517, 95
Trd, 431917.633, 97
Trd, 431918.150, 98
Trd, 431918.267, 94
Trd, 431918.383, 93
Trd, 431919.000, 94
Trd, 431919.433, 93
Trd, 431919.667, 101
Trd, 431919.917, 93
Trd, 431920.300, 92
Trd, 431920.500, 104
Trd, 431922.217, 104
Trd, 431923.317, 93
Trd, 431924.600, 104
Trd, 431924.933, 102
Trd, 431926.867, 106
Trd, 431927.000, 106
Trd, 431927.700, 102
Trd, 431927.717, 101
Trd, 431927.867, 99
Trd, 431929.483, 94
Trd, 431930.550, 97
Trd, 431930.650, 101
Trd, 431931.033, 90
Trd, 431932.067, 90
Trd, 431932.683, 88
Trd, 431932.983, 85
Trd, 431933.100, 84
Trd, 431933.933, 92
Trd, 431934.683, 84
Trd, 431935.817, 87
Trd, 431935.833, 95
Trd, 431937.033, 93
Trd, 431937.700, 91
Trd, 431938.350, 92
Trd, 431939.183, 93
Trd, 431939.467, 91
Trd, 431940.167, 87
Trd, 431940.733, 85
Trd, 431941.033, 98
Trd, 431941.850, 102
Trd, 431943.617, 90
Trd, 431943.917, 94
Trd, 431944.517, 91
Trd, 431945.250, 103
Trd, 431945.383, 97
Trd, 431946.533, 102
Trd, 431947.017, 102
Trd, 431947.583, 102
Trd, 431947.833, 100
Trd, 431948.233, 101
Trd, 431948.550, 102
Trd, 431948.883, 101
Trd, 431949.267, 100
Trd, 431950.250, 100
Trd, 431952.667, 103
Trd, 431953.433, 100
Trd, 431954.467, 101
Trd, 431955.533, 95
Trd, 431956.283, 97
Trd, 431956.567, 99
Trd, 431956.817, 98
Trd, 431956.900, 99
Trd, 431957.033, 93
Trd, 431957.283, 101
Trd, 431957.733, 92
Trd, 431958.267, 90
Trd, 431958.383, 89
Trd, 431959.750, 89
Trd, 431960.483, 86
Trd, 431961.883, 89
Trd, 431962.283, 90
Trd, 431963.883, 90
Trd, 431964.050, 95
Trd, 431965.133, 91
Trd, 431965.683, 91
Trd, 431966.033, 91
Trd, 431966.333, 94
Trd, 431967.450, 93
Trd, 431967.833, 95
Trd, 431967.983, 98
Trd, 431969.117, 102
Trd, 431969.300, 100
Trd, 431969.433, 98
Trd, 431969.783, 104
Trd, 431970.033, 94
Trd, 431972.283, 99
Trd, 431972.733, 100
Trd, 431973.250, 100
Trd, 431973.483, 102
Trd, 431973.933, 98
Trd, 431974.483, 97
Trd, 431975.117, 104
Trd, 431975.300, 97
Trd, 431975.683, 96
Trd, 431976.133, 94
Trd, 431979.017, 96
Trd, 431979.050, 95
Trd, 431979.183, 93
Trd, 431979.300, 90
Trd, 431979.683, 95
Trd, 431979.733, 96
Trd, 431980.417, 102
Trd, 431980.583, 103
Trd, 431982.400, 99
Trd, 431982.750, 98
Trd, 431983.150, 97
Trd, 431983.667, 97
Trd, 431983.867, 98
Trd, 431984.433, 95
Trd, 431987.217, 93
Trd, 431987.400, 98
Trd, 431987.700, 92
Trd, 431988.050, 99
Trd, 431989.633, 102
Trd, 431990.317, 99
Trd, 431992.817, 99
Trd, 431993.083, 100
Trd, 431993.200, 101
Trd, 431993.350, 104
Trd, 431993.883, 103
Trd, 431994.267, 102
Trd, 431994.950, 101
Trd, 431996.783, 101
Trd, 431996.800, 98
Trd, 431997.050, 96
Trd, 431997.850, 94
Trd, 431998.067, 93
Trd, 431998.167, 103
Trd, 431998.483, 106
Trd, 431999.683, 95
