Trd, 430645.200, 90
Trd, 430646.200, 89
Trd, 430646.783, 100
Trd, 430647.633, 102
Trd, 430647.950, 101
Trd, 430649.833, 102
Trd, 430650.017, 104
Trd, 430651.217, 109
Trd, 430652.117, 111
Trd, 430652.283, 107
Trd, 430654.700, 106
Trd, 430654.733, 106
Trd, 430655.017, 106
Trd, 430655.467, 107
Trd, 430656.150, 109
Trd, 430656.517, 100
Trd, 430656.717, 98
Trd, 430657.467, 101
Trd, 430657.650, 110
Trd, 430660.033, 109
Trd, 430660.150, 111
Trd, 430661.617, 110
Trd, 430661.917, 109
Trd, 430663.067, 101
Trd, 430663.700, 105
Trd, 430664.533, 95
Trd, 430664.717, 94
Trd, 430666.317, 98
Trd, 430667.000, 99
Trd, 430667.500, 101
Trd, 430667.700, 102
Trd, 430668.517, 99
Trd, 430668.583, 91
Trd, 430669.350, 107
Trd, 430669.967, 89
Trd, 430670.183, 111
Trd, 430671.000, 111
Trd, 430671.433, 105
Trd, 430673.067, 110
Trd, 430673.200, 112
Trd, 430673.217, 109
Trd, 430676.117, 105
Trd, 430676.233, 106
Trd, 430676.400, 100
Trd, 430678.450, 108
Trd, 430679.067, 109
Trd, 430679.883, 102
Trd, 430681.367, 117
Trd, 430681.400, 100
Trd, 430681.533, 109
Trd, 430681.950, 113
Trd, 430683.083, 114
Trd, 430683.683, 100
Trd, 430683.750, 99
Trd, 430684.267, 109
Trd, 430686.617, 99
Trd, 430686.750, 98
Trd, 430687.450, 84
Trd, 430688.500, 90
Trd, 430689.033, 89
Trd, 430689.400, 91
Trd, 430689.733, 98
Trd, 430690.233, 101
Trd, 430691.917, 105
Trd, 430691.933, 104
Trd, 430693.150, 108
Trd, 430693.600, 112
Trd, 430694.333, 102
Trd, 430694.850, 125
Trd, 430694.883, 126
Trd, 430695.567, 101
Trd, 430697.117, 110
Trd, 430697.417, 98
Trd, 430698.067, 121
Trd, 430699.633, 94
Trd, 430700.500, 94
Trd, 430701.617, 101
Trd, 430701.633, 98
Trd, 430702.100, 97
Trd, 430702.850, 102
Trd, 430702.867, 104
Trd, 430703.400, 100
Trd, 430704.633, 101
Trd, 430705.783, 101
Trd, 430706.617, 106
Trd, 430706.683, 101
Trd, 430707.050, 105
Trd, 430707.317, 110
Trd, 430707.350, 112
Trd, 430708.350, 113
Trd, 430710.433, 100
Trd, 430710.983, 101
Trd, 430711.367, 102
Trd, 430712.117, 100
Trd, 430713.767, 101
Trd, 430714.417, 100
Trd, 430714.817, 101
Trd, 430715.400, 101
Trd, 430716.050, 105
Trd, 430716.367, 107
Trd, 430716.517, 102
Trd, 430717.383, 124
Trd, 430718.633, 123
Trd, 430720.333, 98
Trd, 430721.533, 118
Trd, 430722.783, 114
Trd, 430722.917, 112
Trd, 430723.583, 101
Trd, 430724.367, 111
Trd, 430724.633, 110
Trd, 430724.717, 106
Trd, 430725.267, 112
Trd, 430725.683, 112
Trd, 430726.533, 91
Trd, 430728.367, 101
Trd, 430729.683, 97
Trd, 430730.167, 96
Trd, 430730.400, 96
Trd, 430730.683, 104
Trd, 430731.950, 101
Trd, 430732.033, 106
Trd, 430732.750, 101
Trd, 430733.033, 99
Trd, 430733.117, 106
Trd, 430734.017, 127
Trd, 430735.617, 102
Trd, 430735.850, 123
Trd, 430736.350, 101
Trd, 430737.233, 101
Trd, 430740.183, 98
Trd, 430740.700, 98
Trd, 430740.867, 98
Trd, 430741.067, 96
Trd, 430741.250, 102
Trd, 430741.733, 98
Trd, 430742.967, 109
Trd, 430743.217, 116
Trd, 430744.817, 94
Trd, 430744.900, 95
Trd, 430745.000, 108
Trd, 430746.117, 107
Trd, 430746.250, 108
Trd, 430747.300, 94
Trd, 430749.367, 94
Trd, 430749.533, 97
Trd, 430750.833, 96
Trd, 430750.983, 95
Trd, 430751.083, 93
Trd, 430751.383, 97
Trd, 430752.650, 100
Trd, 430752.733, 93
Trd, 430753.133, 97
Trd, 430753.600, 107
Trd, 430756.467, 103
Trd, 430757.033, 112
Trd, 430757.567, 97
Trd, 430757.717, 99
Trd, 430758.033, 111
Trd, 430758.233, 99
Trd, 430758.317, 97
Trd, 430761.033, 102
Trd, 430761.283, 105
Trd, 430762.050, 105
Trd, 430763.183, 106
Trd, 430763.367, 109
Trd, 430763.417, 109
Trd, 430763.450, 106
Trd, 430763.617, 105
Trd, 430766.017, 109
Trd, 430770.050, 110
Trd, 430770.717, 119
Trd, 430771.183, 109
Trd, 430771.200, 106
Trd, 430771.400, 119
Trd, 430771.450, 104
Trd, 430771.700, 111
Trd, 430771.817, 122
Trd, 430771.933, 103
Trd, 430773.167, 98
Trd, 430773.200, 87
Trd, 430773.283, 99
Trd, 430775.833, 103
Trd, 430775.850, 101
Trd, 430776.867, 98
Trd, 430777.033, 98
Trd, 430777.150, 96
Trd, 430777.400, 99
Trd, 430777.483, 100
Trd, 430778.800, 109
Trd, 430779.367, 107
Trd, 430780.183, 100
Trd, 430783.133, 95
Trd, 430783.467, 102
Trd, 430783.617, 112
Trd, 430783.933, 123
Trd, 430786.900, 109
Trd, 430787.183, 109
Trd, 430787.217, 108
Trd, 430787.817, 103
Trd, 430788.217, 110
Trd, 430788.500, 100
Trd, 430789.900, 107
Trd, 430790.050, 108
Trd, 430790.250, 108
Trd, 430791.000, 124
Trd, 430792.567, 110
Trd, 430792.767, 127
Trd, 430793.750, 111
Trd, 430793.817, 109
Trd, 430794.133, 112
Trd, 430794.217, 106
Trd, 430796.600, 109
Trd, 430797.333, 100
Trd, 430797.583, 99
Trd, 430798.300, 100
Trd, 430798.950, 100
Trd, 430799.183, 101
Trd, 430801.367, 97
Trd, 430801.917, 97
Trd, 430802.183, 105
Trd, 430803.000, 96
Trd, 430804.450, 101
Trd, 430806.017, 98
Trd, 430806.133, 100
Trd, 430806.750, 103
Trd, 430807.333, 88
Trd, 430808.250, 104
Trd, 430809.900, 101
Trd, 430810.017, 107
Trd, 430810.567, 101
Trd, 430810.817, 100
Trd, 430811.167, 100
Trd, 430811.233, 99
Trd, 430812.000, 108
Trd, 430812.400, 109
Trd, 430813.850, 96
Trd, 430814.300, 94
Trd, 430815.283, 120
Trd, 430815.850, 103
Trd, 430815.917, 112
Trd, 430816.167, 102
Trd, 430818.733, 109
Trd, 430819.133, 106
Trd, 430819.300, 106
Trd, 430820.383, 101
Trd, 430820.633, 102
Trd, 430820.750, 98
Trd, 430820.967, 87
Trd, 430821.067, 110
Trd, 430822.183, 101
Trd, 430824.033, 101
Trd, 430824.700, 106
Trd, 430825.783, 111
Trd, 430827.533, 121
Trd, 430827.717, 122
Trd, 430828.700, 124
Trd, 430828.967, 119
Trd, 430831.983, 99
Trd, 430832.083, 101
Trd, 430832.233, 99
Trd, 430832.433, 104
Trd, 430832.883, 99
Trd, 430832.967, 98
Trd, 430833.100, 95
Trd, 430834.333, 95
Trd, 430834.650, 100
Trd, 430835.117, 99
Trd, 430835.283, 101
Trd, 430835.417, 86
Trd, 430835.633, 84
Trd, 430838.267, 96
Trd, 430839.250, 93
Trd, 430839.400, 96
Trd, 430839.533, 98
Trd, 430839.767, 98
Trd, 430840.150, 98
Trd, 430840.367, 106
Trd, 430840.850, 100
Trd, 430841.500, 99
Trd, 430843.000, 101
Trd, 430843.417, 101
Trd, 430844.100, 101
Trd, 430845.183, 99
Trd, 430845.967, 108
Trd, 430848.167, 104
Trd, 430849.067, 98
Trd, 430849.800, 101
Trd, 430851.200, 101
Trd, 430853.167, 104
Trd, 430853.383, 104
Trd, 430853.683, 106
Trd, 430854.033, 112
Trd, 430855.167, 122
Trd, 430855.400, 119
Trd, 430855.817, 114
Trd, 430856.267, 120
Trd, 430857.533, 111
Trd, 430857.750, 109
Trd, 430858.200, 106
Trd, 430858.267, 101
Trd, 430858.350, 119
Trd, 430858.700, 109
Trd, 430859.017, 98
Trd, 430862.517, 109
Trd, 430863.667, 108
Trd, 430863.783, 109
Trd, 430864.083, 106
Trd, 430866.033, 102
Trd, 430866.133, 98
Trd, 430866.483, 96
Trd, 430867.100, 103
Trd, 430868.283, 103
Trd, 430868.617, 107
Trd, 430869.500, 107
Trd, 430870.000, 99
Trd, 430870.617, 102
Trd, 430870.917, 99
Trd, 430871.267, 102
Trd, 430872.017, 108
Trd, 430873.500, 110
Trd, 430875.100, 98
Trd, 430876.033, 95
Trd, 430876.300, 112
Trd, 430877.600, 91
Trd, 430878.083, 99
Trd, 430878.350, 91
Trd, 430879.517, 94
Trd, 430880.117, 96
Trd, 430880.917, 97
Trd, 430881.133, 99
Trd, 430881.183, 106
Trd, 430881.600, 107
Trd, 430882.250, 109
Trd, 430884.217, 107
Trd, 430884.683, 106
Trd, 430884.850, 108
Trd, 430885.233, 111
Trd, 430885.250, 98
Trd, 430887.200, 104
Trd, 430887.383, 112
Trd, 430887.783, 104
Trd, 430888.733, 120
Trd, 430889.583, 102
Trd, 430890.067, 103
Trd, 430891.783, 110
Trd, 430891.967, 123
Trd, 430892.800, 101
Trd, 430893.567, 98
Trd, 430894.600, 98
Trd, 430896.150, 96
Trd, 430896.650, 98
Trd, 430897.083, 102
Trd, 430897.450, 106
Trd, 430897.800, 106
Trd, 430897.883, 101
Trd, 430898.617, 111
Trd, 430899.350, 101
Trd, 430899.583, 118
Trd, 430900.233, 97
Trd, 430900.417, 98
Trd, 430903.233, 99
Trd, 430904.733, 98
Trd, 430905.117, 101
Trd, 430905.133, 99
Trd, 430906.033, 104
Trd, 430907.000, 102
Trd, 430907.450, 106
Trd, 430908.933, 98
Trd, 430909.200, 93
Trd, 430909.300, 102
Trd, 430911.617, 105
Trd, 430912.733, 114
Trd, 430913.433, 108
Trd, 430914.350, 108
Trd, 430914.467, 109
Trd, 430915.183, 108
Trd, 430916.600, 108
Trd, 430917.000, 107
Trd, 430917.683, 106
Trd, 430918.350, 101
Trd, 430919.283, 100
Trd, 430919.517, 99
Trd, 430919.917, 100
Trd, 430920.817, 100
Trd, 430921.067, 99
Trd, 430922.350, 99
Trd, 430922.683, 98
Trd, 430922.867, 93
Trd, 430924.133, 96
Trd, 430924.433, 103
Trd, 430924.717, 112
Trd, 430925.783, 96
Trd, 430926.100, 91
Trd, 430926.200, 112
Trd, 430927.017, 102
Trd, 430927.700, 104
Trd, 430928.583, 97
Trd, 430928.867, 91
Trd, 430929.333, 98
Trd, 430931.450, 92
Trd, 430932.117, 94
Trd, 430932.983, 98
Trd, 430933.100, 99
Trd, 430935.767, 99
Trd, 430936.200, 98
Trd, 430936.817, 84
Trd, 430938.467, 96
Trd, 430939.100, 95
Trd, 430939.183, 95
Trd, 430940.383, 97
Trd, 430941.150, 96
Trd, 430941.967, 98
Trd, 430942.117, 100
Trd, 430943.400, 102
Trd, 430943.733, 100
Trd, 430944.167, 99
Trd, 430944.300, 102
Trd, 430944.500, 112
Trd, 430944.533, 109
Trd, 430944.583, 113
Trd, 430945.483, 101
Trd, 430946.417, 98
Trd, 430947.067, 114
Trd, 430947.617, 101
Trd, 430949.283, 98
Trd, 430950.267, 98
Trd, 430950.433, 98
Trd, 430950.583, 103
Trd, 430951.100, 100
Trd, 430952.650, 103
Trd, 430953.100, 100
Trd, 430953.483, 87
Trd, 430953.800, 105
Trd, 430957.500, 103
Trd, 430957.717, 102
Trd, 430957.983, 102
Trd, 430959.250, 105
Trd, 430960.283, 96
Trd, 430961.517, 95
Trd, 430962.550, 103
Trd, 430962.767, 106
Trd, 430963.083, 106
Trd, 430964.000, 104
Trd, 430964.250, 103
Trd, 430964.633, 103
Trd, 430965.067, 103
Trd, 430965.483, 101
Trd, 430965.933, 111
Trd, 430966.383, 105
Trd, 430966.817, 108
Trd, 430968.483, 108
Trd, 430968.900, 107
Trd, 430969.633, 106
Trd, 430969.933, 107
Trd, 430970.583, 90
Trd, 430971.233, 113
Trd, 430973.550, 102
Trd, 430974.417, 103
Trd, 430974.917, 100
Trd, 430975.883, 107
Trd, 430976.167, 99
Trd, 430977.883, 109
Trd, 430979.267, 111
Trd, 430980.283, 107
Trd, 430980.883, 110
Trd, 430981.233, 112
Trd, 430981.967, 104
Trd, 430982.600, 102
Trd, 430983.500, 101
Trd, 430984.083, 98
Trd, 430984.633, 95
Trd, 430984.850, 111
Trd, 430986.950, 100
Trd, 430986.983, 106
Trd, 430987.017, 112
Trd, 430988.800, 110
Trd, 430989.317, 112
Trd, 430989.533, 114
Trd, 430990.200, 110
Trd, 430990.467, 109
Trd, 430990.517, 107
Trd, 430991.067, 106
Trd, 430991.683, 106
Trd, 430992.033, 104
Trd, 430992.467, 104
Trd, 430993.717, 99
Trd, 430994.800, 102
Trd, 430994.933, 100
Trd, 430996.783, 102
Trd, 430997.500, 109
Trd, 430997.550, 117
Trd, 431000.017, 111
Trd, 431000.333, 112
Trd, 431000.483, 110
Trd, 431000.767, 109
Trd, 431001.150, 108
Trd, 431001.233, 109
Trd, 431001.800, 106
Trd, 431003.233, 105
Trd, 431003.333, 102
Trd, 431004.817, 103
Trd, 431006.233, 102
Trd, 431006.467, 103
Trd, 431007.583, 102
Trd, 431008.483, 101
Trd, 431008.550, 108
Trd, 431009.233, 101
Trd, 431010.150, 112
Trd, 431010.233, 101
Trd, 431010.450, 98
Trd, 431010.567, 88
Trd, 431011.267, 101
Trd, 431014.683, 96
Trd, 431015.083, 87
Trd, 431016.183, 91
Trd, 431016.217, 96
Trd, 431016.833, 106
Trd, 431018.333, 106
Trd, 431018.717, 104
Trd, 431020.000, 102
Trd, 431021.267, 97
Trd, 431022.300, 97
Trd, 431022.383, 97
Trd, 431022.767, 102
Trd, 431022.883, 98
Trd, 431022.967, 106
Trd, 431023.183, 112
Trd, 431024.933, 122
Trd, 431025.433, 108
Trd, 431027.967, 117
Trd, 431027.983, 116
Trd, 431028.983, 102
Trd, 431029.350, 101
Trd, 431029.683, 104
Trd, 431032.317, 107
Trd, 431034.200, 93
Trd, 431034.350, 93
Trd, 431034.683, 93
Trd, 431035.350, 97
Trd, 431035.450, 103
Trd, 431035.733, 94
Trd, 431035.767, 95
Trd, 431036.467, 104
Trd, 431038.817, 102
Trd, 431039.283, 102
Trd, 431040.067, 85
Trd, 431040.567, 101
Trd, 431040.933, 87
Trd, 431041.417, 103
Trd, 431041.833, 101
Trd, 431042.683, 107
Trd, 431042.800, 118
Trd, 431044.467, 107
Trd, 431044.550, 109
Trd, 431044.883, 105
Trd, 431045.417, 104
Trd, 431045.917, 102
Trd, 431047.233, 102
Trd, 431047.717, 107
Trd, 431047.883, 110
Trd, 431049.100, 111
Trd, 431049.167, 112
Trd, 431049.300, 108
Trd, 431050.650, 108
Trd, 431051.367, 107
Trd, 431052.200, 117
Trd, 431053.050, 102
Trd, 431053.550, 101
Trd, 431054.100, 109
Trd, 431054.933, 108
Trd, 431055.167, 98
Trd, 431058.450, 97
Trd, 431059.500, 97
Trd, 431059.850, 100
Trd, 431060.600, 101
Trd, 431060.850, 101
Trd, 431060.967, 105
Trd, 431061.383, 100
Trd, 431061.650, 109
Trd, 431061.983, 110
Trd, 431062.550, 111
Trd, 431063.550, 98
Trd, 431064.017, 87
Trd, 431064.183, 84
Trd, 431064.983, 112
Trd, 431066.050, 111
Trd, 431066.250, 110
Trd, 431066.550, 98
Trd, 431066.867, 113
Trd, 431068.150, 93
Trd, 431070.167, 95
Trd, 431071.400, 94
Trd, 431071.750, 93
Trd, 431071.867, 95
Trd, 431072.950, 96
Trd, 431073.017, 98
Trd, 431073.117, 99
Trd, 431073.317, 104
Trd, 431074.333, 100
Trd, 431075.917, 105
Trd, 431076.600, 103
Trd, 431076.700, 107
Trd, 431077.700, 103
Trd, 431079.400, 93
Trd, 431079.600, 94
Trd, 431080.850, 105
Trd, 431081.100, 96
Trd, 431081.183, 105
Trd, 431081.383, 101
Trd, 431082.350, 101
Trd, 431083.250, 101
Trd, 431083.617, 100
Trd, 431084.183, 99
Trd, 431084.350, 98
Trd, 431085.250, 107
Trd, 431086.467, 103
Trd, 431086.717, 112
Trd, 431087.517, 111
Trd, 431088.183, 121
Trd, 431088.933, 102
Trd, 431090.083, 103
Trd, 431090.183, 102
Trd, 431090.367, 101
Trd, 431090.683, 92
Trd, 431090.883, 92
Trd, 431091.317, 93
Trd, 431092.150, 101
Trd, 431092.350, 112
Trd, 431095.600, 97
Trd, 431095.817, 87
Trd, 431097.150, 90
Trd, 431097.483, 91
Trd, 431097.550, 93
Trd, 431097.567, 103
Trd, 431098.100, 107
Trd, 431098.117, 100
Trd, 431099.917, 110
Trd, 431100.033, 103
Trd, 431102.367, 114
Trd, 431104.483, 107
Trd, 431105.150, 106
Trd, 431105.200, 104
Trd, 431106.200, 106
Trd, 431106.350, 103
Trd, 431107.133, 100
Trd, 431107.167, 106
Trd, 431107.783, 104
Trd, 431109.067, 110
Trd, 431109.250, 106
Trd, 431110.267, 109
Trd, 431110.467, 111
Trd, 431111.250, 107
Trd, 431111.383, 98
Trd, 431111.800, 111
Trd, 431113.350, 112
Trd, 431113.383, 110
Trd, 431114.217, 113
Trd, 431115.033, 110
Trd, 431115.200, 106
Trd, 431117.450, 102
Trd, 431117.600, 98
Trd, 431117.683, 101
Trd, 431118.133, 99
Trd, 431118.383, 99
Trd, 431118.400, 100
Trd, 431118.750, 123
Trd, 431119.533, 97
Trd, 431119.933, 87
Trd, 431120.100, 101
Trd, 431120.333, 124
Trd, 431120.383, 133
Trd, 431122.817, 96
Trd, 431124.750, 106
Trd, 431125.333, 103
Trd, 431125.717, 104
Trd, 431126.050, 105
Trd, 431126.400, 104
Trd, 431128.350, 100
Trd, 431129.167, 98
Trd, 431129.383, 100
Trd, 431130.400, 99
Trd, 431130.567, 100
Trd, 431130.833, 102
Trd, 431132.133, 99
Trd, 431132.583, 102
Trd, 431133.017, 94
Trd, 431133.083, 96
Trd, 431134.033, 87
Trd, 431135.367, 106
Trd, 431136.933, 103
Trd, 431137.000, 104
Trd, 431137.317, 106
Trd, 431138.567, 109
Trd, 431138.600, 110
Trd, 431138.667, 112
Trd, 431140.567, 126
Trd, 431141.000, 110
Trd, 431141.717, 100
Trd, 431143.233, 109
Trd, 431143.517, 101
Trd, 431143.733, 98
Trd, 431145.450, 104
Trd, 431146.317, 99
Trd, 431146.817, 104
Trd, 431147.283, 103
Trd, 431149.450, 104
Trd, 431150.083, 104
Trd, 431151.167, 108
Trd, 431152.150, 101
Trd, 431152.383, 101
Trd, 431152.517, 110
Trd, 431152.567, 100
Trd, 431153.083, 98
Trd, 431153.867, 106
Trd, 431154.367, 106
Trd, 431154.733, 107
Trd, 431154.850, 105
Trd, 431155.550, 108
Trd, 431156.917, 117
Trd, 431159.067, 110
Trd, 431159.467, 111
Trd, 431160.050, 108
Trd, 431160.767, 107
Trd, 431161.433, 107
Trd, 431161.767, 106
Trd, 431162.200, 107
Trd, 431162.617, 112
Trd, 431162.967, 112
Trd, 431163.667, 101
Trd, 431164.000, 98
Trd, 431164.050, 116
Trd, 431164.500, 108
Trd, 431164.783, 93
Trd, 431167.000, 102
Trd, 431167.433, 101
Trd, 431168.667, 101
Trd, 431169.150, 102
Trd, 431169.983, 102
Trd, 431170.000, 100
Trd, 431170.883, 102
Trd, 431173.033, 106
Trd, 431173.517, 103
Trd, 431173.917, 102
Trd, 431174.033, 101
Trd, 431174.617, 98
Trd, 431175.217, 105
Trd, 431176.133, 104
Trd, 431176.233, 106
Trd, 431176.867, 112
Trd, 431177.700, 103
Trd, 431178.450, 99
Trd, 431180.467, 100
Trd, 431181.000, 100
Trd, 431182.583, 102
Trd, 431183.117, 104
Trd, 431183.300, 107
Trd, 431183.567, 102
Trd, 431183.817, 101
Trd, 431184.333, 110
Trd, 431185.167, 110
Trd, 431185.950, 102
Trd, 431186.283, 108
Trd, 431187.183, 111
Trd, 431188.617, 112
Trd, 431189.850, 110
Trd, 431190.750, 115
Trd, 431191.233, 115
Trd, 431191.650, 118
Trd, 431191.750, 110
Trd, 431192.983, 120
Trd, 431193.050, 110
Trd, 431193.767, 101
Trd, 431194.667, 104
Trd, 431194.883, 103
Trd, 431195.983, 113
Trd, 431196.517, 114
Trd, 431198.233, 110
Trd, 431198.450, 109
Trd, 431198.917, 109
Trd, 431199.233, 111
Trd, 431199.467, 108
Trd, 431200.000, 98
Trd, 431201.467, 94
Trd, 431201.867, 100
Trd, 431203.167, 100
Trd, 431203.700, 99
Trd, 431204.200, 94
Trd, 431204.500, 101
Trd, 431204.633, 98
Trd, 431206.183, 103
Trd, 431206.467, 103
Trd, 431208.333, 107
Trd, 431208.967, 103
Trd, 431210.133, 100
Trd, 431210.733, 99
Trd, 431211.500, 100
Trd, 431211.883, 107
Trd, 431212.433, 100
Trd, 431213.417, 111
Trd, 431214.233, 107
Trd, 431214.300, 106
Trd, 431214.317, 112
Trd, 431214.583, 102
Trd, 431217.300, 107
Trd, 431217.633, 106
Trd, 431218.300, 110
Trd, 431218.817, 112
Trd, 431219.917, 109
Trd, 431219.983, 112
Trd, 431220.650, 109
Trd, 431221.250, 123
Trd, 431221.417, 110
Trd, 431221.550, 99
Trd, 431222.450, 122
Trd, 431222.817, 106
Trd, 431223.117, 103
Trd, 431223.283, 98
Trd, 431226.567, 99
Trd, 431226.817, 101
Trd, 431228.967, 95
Trd, 431229.617, 104
Trd, 431230.300, 106
Trd, 431230.750, 112
Trd, 431231.300, 128
Trd, 431231.850, 96
Trd, 431233.350, 101
Trd, 431233.600, 99
Trd, 431233.783, 100
Trd, 431234.500, 98
Trd, 431234.550, 101
Trd, 431235.217, 99
Trd, 431235.717, 121
Trd, 431236.050, 103
Trd, 431237.450, 109
Trd, 431238.817, 106
Trd, 431239.100, 105
Trd, 431239.533, 104
Trd, 431239.883, 105
Trd, 431240.033, 108
Trd, 431240.217, 109
Trd, 431240.850, 100
Trd, 431240.967, 101
Trd, 431241.483, 99
Trd, 431243.683, 102
Trd, 431244.567, 109
Trd, 431245.867, 99
Trd, 431246.117, 99
Trd, 431246.183, 109
Trd, 431247.200, 111
Trd, 431248.800, 109
Trd, 431249.850, 110
Trd, 431250.850, 101
Trd, 431250.867, 107
Trd, 431251.217, 107
Trd, 431251.683, 100
Trd, 431251.750, 100
Trd, 431252.633, 105
Trd, 431254.700, 103
Trd, 431256.183, 102
Trd, 431256.933, 103
Trd, 431257.033, 99
Trd, 431257.683, 109
Trd, 431258.000, 108
Trd, 431259.117, 112
Trd, 431260.500, 118
Trd, 431260.550, 121
Trd, 431260.700, 109
Trd, 431262.500, 115
Trd, 431263.233, 102
Trd, 431263.733, 102
Trd, 431264.300, 102
Trd, 431264.433, 110
Trd, 431264.983, 101
Trd, 431265.200, 99
Trd, 431265.417, 101
Trd, 431265.667, 101
Trd, 431266.050, 101
Trd, 431267.217, 95
Trd, 431268.350, 94
Trd, 431268.417, 93
Trd, 431269.033, 93
Trd, 431270.300, 94
Trd, 431270.317, 86
Trd, 431270.950, 93
Trd, 431271.517, 88
Trd, 431271.800, 95
Trd, 431274.433, 97
Trd, 431274.933, 101
Trd, 431275.633, 95
Trd, 431276.800, 101
Trd, 431278.717, 105
Trd, 431280.267, 101
Trd, 431281.450, 96
Trd, 431281.717, 97
Trd, 431282.350, 92
Trd, 431282.900, 95
Trd, 431283.283, 98
Trd, 431283.867, 108
Trd, 431284.000, 99
Trd, 431284.067, 100
Trd, 431284.950, 109
Trd, 431286.633, 102
Trd, 431287.367, 101
Trd, 431287.567, 99
Trd, 431287.750, 109
Trd, 431288.283, 105
Trd, 431288.667, 109
Trd, 431289.283, 112
Trd, 431290.183, 102
Trd, 431291.317, 103
Trd, 431291.567, 103
Trd, 431292.617, 111
Trd, 431294.400, 106
Trd, 431294.517, 107
Trd, 431295.133, 105
Trd, 431295.250, 101
Trd, 431295.817, 111
Trd, 431295.833, 112
Trd, 431296.817, 115
Trd, 431298.033, 117
Trd, 431298.833, 120
Trd, 431299.783, 121
Trd, 431299.900, 119
Trd, 431300.017, 106
Trd, 431300.100, 125
Trd, 431300.600, 108
Trd, 431301.650, 113
Trd, 431301.983, 98
Trd, 431302.117, 100
Trd, 431302.317, 101
Trd, 431302.850, 97
Trd, 431304.433, 95
Trd, 431306.367, 97
Trd, 431306.800, 98
Trd, 431306.967, 97
Trd, 431307.500, 88
Trd, 431308.783, 98
Trd, 431309.083, 101
Trd, 431312.000, 89
Trd, 431313.200, 90
Trd, 431313.450, 95
Trd, 431313.533, 88
Trd, 431315.150, 97
Trd, 431315.183, 98
Trd, 431315.583, 102
Trd, 431315.650, 106
Trd, 431316.717, 111
Trd, 431317.483, 106
Trd, 431318.300, 111
Trd, 431318.783, 106
Trd, 431319.317, 105
Trd, 431319.850, 106
Trd, 431321.500, 108
Trd, 431321.783, 109
Trd, 431322.083, 100
Trd, 431322.817, 98
Trd, 431323.083, 86
Trd, 431324.933, 110
Trd, 431325.383, 95
Trd, 431326.167, 100
Trd, 431327.517, 101
Trd, 431327.883, 100
Trd, 431328.617, 105
Trd, 431328.633, 104
Trd, 431328.867, 103
Trd, 431329.850, 100
Trd, 431330.167, 98
Trd, 431330.483, 103
Trd, 431331.217, 104
Trd, 431331.450, 109
Trd, 431332.283, 114
Trd, 431333.417, 108
Trd, 431334.900, 105
Trd, 431336.933, 101
Trd, 431336.967, 112
Trd, 431339.650, 102
Trd, 431340.050, 100
Trd, 431341.167, 95
Trd, 431341.650, 96
Trd, 431341.750, 98
Trd, 431342.367, 98
Trd, 431342.750, 105
Trd, 431342.867, 109
Trd, 431344.100, 101
Trd, 431345.567, 104
Trd, 431345.767, 109
Trd, 431346.217, 103
Trd, 431346.233, 102
Trd, 431346.517, 101
Trd, 431347.050, 112
Trd, 431349.083, 98
Trd, 431350.850, 90
Trd, 431351.000, 90
Trd, 431351.683, 91
Trd, 431352.117, 103
Trd, 431352.533, 89
Trd, 431352.767, 100
Trd, 431354.600, 97
Trd, 431355.117, 97
Trd, 431355.283, 97
Trd, 431356.000, 97
Trd, 431356.150, 98
Trd, 431356.650, 91
Trd, 431357.817, 95
Trd, 431358.267, 96
Trd, 431358.367, 98
Trd, 431358.617, 99
Trd, 431360.500, 102
Trd, 431360.583, 103
Trd, 431360.750, 107
Trd, 431361.400, 104
Trd, 431361.900, 102
Trd, 431363.083, 105
Trd, 431363.350, 103
Trd, 431364.883, 91
Trd, 431365.350, 101
Trd, 431365.367, 103
Trd, 431366.567, 104
Trd, 431368.550, 112
Trd, 431369.200, 111
Trd, 431369.433, 100
Trd, 431371.400, 109
Trd, 431372.000, 103
Trd, 431372.100, 111
Trd, 431372.983, 122
Trd, 431373.183, 113
Trd, 431373.467, 103
Trd, 431373.567, 101
Trd, 431374.900, 111
Trd, 431375.250, 99
Trd, 431375.683, 98
Trd, 431376.150, 99
Trd, 431376.733, 84
Trd, 431377.317, 87
Trd, 431378.817, 99
Trd, 431379.517, 101
Trd, 431379.783, 103
Trd, 431380.450, 100
Trd, 431381.217, 98
Trd, 431382.383, 95
Trd, 431382.733, 99
Trd, 431383.167, 94
Trd, 431383.967, 96
Trd, 431384.867, 104
Trd, 431385.967, 95
Trd, 431387.117, 110
Trd, 431387.883, 98
Trd, 431388.933, 102
Trd, 431389.817, 103
Trd, 431389.950, 109
Trd, 431390.867, 92
Trd, 431391.083, 93
Trd, 431391.433, 93
Trd, 431391.950, 109
Trd, 431392.683, 107
Trd, 431393.883, 105
Trd, 431393.967, 106
Trd, 431395.333, 106
Trd, 431395.600, 110
Trd, 431395.800, 111
Trd, 431396.483, 98
Trd, 431397.700, 90
Trd, 431398.217, 92
Trd, 431398.983, 101
Trd, 431400.683, 90
Trd, 431400.700, 93
Trd, 431400.933, 94
Trd, 431401.683, 97
Trd, 431402.583, 91
Trd, 431403.883, 96
Trd, 431404.467, 109
Trd, 431405.867, 116
Trd, 431406.267, 115
Trd, 431406.617, 109
Trd, 431407.133, 119
Trd, 431407.567, 120
Trd, 431408.200, 109
Trd, 431408.783, 122
Trd, 431411.783, 121
Trd, 431412.417, 118
Trd, 431412.683, 122
Trd, 431413.383, 118
Trd, 431414.050, 106
Trd, 431414.567, 105
Trd, 431414.767, 103
Trd, 431415.900, 103
Trd, 431416.000, 101
Trd, 431416.183, 98
Trd, 431417.333, 98
Trd, 431417.400, 104
Trd, 431417.800, 89
Trd, 431418.450, 99
Trd, 431419.083, 105
Trd, 431420.200, 109
Trd, 431420.400, 109
Trd, 431421.633, 94
Trd, 431421.750, 94
Trd, 431421.933, 107
Trd, 431423.317, 94
Trd, 431423.667, 96
Trd, 431424.333, 94
Trd, 431425.900, 95
Trd, 431425.917, 94
Trd, 431426.233, 103
Trd, 431427.083, 86
Trd, 431427.200, 111
Trd, 431427.717, 112
Trd, 431428.667, 112
Trd, 431429.083, 102
Trd, 431430.483, 103
Trd, 431431.500, 109
Trd, 431433.200, 105
Trd, 431434.000, 105
Trd, 431434.700, 102
Trd, 431435.000, 102
Trd, 431435.500, 101
Trd, 431435.817, 98
Trd, 431436.900, 92
Trd, 431439.150, 91
Trd, 431440.050, 91
Trd, 431440.433, 87
Trd, 431441.050, 100
Trd, 431441.950, 95
Trd, 431442.633, 92
Trd, 431442.683, 92
Trd, 431443.033, 95
Trd, 431443.050, 102
Trd, 431444.100, 108
Trd, 431444.333, 104
Trd, 431445.367, 105
Trd, 431445.717, 106
Trd, 431445.883, 110
Trd, 431447.517, 101
Trd, 431448.433, 99
Trd, 431448.783, 100
Trd, 431448.883, 102
Trd, 431448.967, 105
Trd, 431449.400, 112
Trd, 431450.333, 98
Trd, 431450.467, 102
Trd, 431452.450, 104
Trd, 431453.533, 106
Trd, 431454.433, 106
Trd, 431455.517, 96
Trd, 431456.433, 104
Trd, 431456.600, 105
Trd, 431456.683, 99
Trd, 431457.567, 105
Trd, 431458.367, 107
Trd, 431458.933, 105
Trd, 431459.650, 102
Trd, 431459.683, 104
Trd, 431460.100, 101
Trd, 431460.567, 98
Trd, 431460.933, 103
Trd, 431462.550, 95
Trd, 431463.033, 108
Trd, 431463.667, 107
Trd, 431464.133, 106
Trd, 431464.967, 108
Trd, 431465.117, 106
Trd, 431465.817, 106
Trd, 431466.133, 112
Trd, 431466.467, 99
Trd, 431466.817, 98
Trd, 431468.850, 98
Trd, 431471.200, 95
Trd, 431471.383, 95
Trd, 431471.450, 96
Trd, 431471.650, 93
Trd, 431471.917, 98
Trd, 431472.933, 96
Trd, 431473.667, 111
Trd, 431474.167, 111
Trd, 431475.983, 107
Trd, 431476.500, 109
Trd, 431477.250, 112
Trd, 431477.400, 111
Trd, 431478.633, 110
Trd, 431479.183, 109
Trd, 431479.433, 106
Trd, 431479.567, 109
Trd, 431479.733, 111
Trd, 431480.933, 109
Trd, 431481.333, 111
Trd, 431481.567, 106
Trd, 431481.750, 121
Trd, 431482.650, 107
Trd, 431483.450, 115
Trd, 431484.200, 113
Trd, 431485.867, 98
Trd, 431486.633, 95
Trd, 431486.867, 98
Trd, 431487.900, 108
Trd, 431490.267, 95
Trd, 431490.433, 97
Trd, 431490.633, 94
Trd, 431492.100, 96
Trd, 431492.450, 97
Trd, 431493.300, 98
Trd, 431493.883, 90
Trd, 431494.233, 95
Trd, 431494.683, 96
Trd, 431495.367, 106
Trd, 431496.983, 99
Trd, 431497.400, 102
Trd, 431498.350, 103
Trd, 431498.750, 103
Trd, 431499.183, 101
Trd, 431500.767, 101
Trd, 431500.917, 100
Trd, 431501.483, 100
Trd, 431501.567, 103
Trd, 431502.250, 109
Trd, 431504.933, 109
Trd, 431505.483, 112
Trd, 431505.900, 110
Trd, 431505.917, 109
Trd, 431506.750, 130
Trd, 431506.783, 118
Trd, 431507.317, 111
Trd, 431508.000, 98
Trd, 431508.050, 113
Trd, 431509.200, 100
Trd, 431511.583, 95
Trd, 431512.450, 93
Trd, 431512.683, 93
Trd, 431513.033, 94
Trd, 431513.050, 98
Trd, 431513.617, 96
Trd, 431513.900, 109
Trd, 431515.533, 108
Trd, 431515.617, 105
Trd, 431517.567, 106
Trd, 431518.033, 123
Trd, 431518.333, 121
Trd, 431518.567, 124
Trd, 431519.833, 123
Trd, 431520.083, 119
Trd, 431521.117, 110
Trd, 431521.333, 109
Trd, 431521.933, 108
Trd, 431522.183, 107
Trd, 431523.617, 105
Trd, 431524.167, 100
Trd, 431524.967, 97
Trd, 431525.883, 98
Trd, 431526.000, 99
Trd, 431526.017, 112
Trd, 431526.617, 98
Trd, 431527.000, 120
Trd, 431528.183, 110
Trd, 431528.633, 120
Trd, 431528.817, 108
Trd, 431529.033, 119
Trd, 431530.000, 107
Trd, 431530.683, 106
Trd, 431532.283, 103
Trd, 431533.017, 104
Trd, 431535.050, 100
Trd, 431535.850, 100
Trd, 431536.417, 101
Trd, 431537.083, 99
Trd, 431537.750, 110
Trd, 431538.783, 101
Trd, 431539.233, 98
Trd, 431540.917, 102
Trd, 431541.817, 103
Trd, 431542.150, 107
Trd, 431542.550, 105
Trd, 431543.267, 110
Trd, 431543.550, 105
Trd, 431544.650, 104
Trd, 431544.933, 105
Trd, 431545.433, 105
Trd, 431545.533, 106
Trd, 431546.300, 102
Trd, 431546.500, 101
Trd, 431547.467, 98
Trd, 431548.333, 99
Trd, 431548.433, 84
Trd, 431548.767, 108
Trd, 431549.467, 88
Trd, 431550.017, 109
Trd, 431550.333, 106
Trd, 431551.367, 108
Trd, 431553.250, 103
Trd, 431553.833, 104
Trd, 431554.083, 104
Trd, 431554.233, 105
Trd, 431554.250, 106
Trd, 431554.817, 105
Trd, 431557.783, 110
Trd, 431558.233, 115
Trd, 431559.967, 108
Trd, 431560.817, 107
Trd, 431560.900, 106
Trd, 431561.750, 102
Trd, 431562.283, 101
Trd, 431562.400, 102
Trd, 431562.833, 103
Trd, 431563.933, 104
Trd, 431564.800, 102
Trd, 431565.367, 95
Trd, 431565.517, 92
Trd, 431566.550, 111
Trd, 431568.350, 98
Trd, 431569.200, 101
Trd, 431569.633, 107
Trd, 431571.650, 102
Trd, 431572.117, 102
Trd, 431573.083, 102
Trd, 431573.767, 105
Trd, 431573.850, 108
Trd, 431573.867, 104
Trd, 431575.083, 107
Trd, 431576.550, 102
Trd, 431576.700, 103
Trd, 431576.933, 99
Trd, 431578.900, 102
Trd, 431580.400, 103
Trd, 431580.717, 101
Trd, 431581.150, 104
Trd, 431583.417, 105
Trd, 431583.783, 104
Trd, 431584.683, 105
Trd, 431584.717, 106
Trd, 431584.950, 113
Trd, 431585.217, 104
Trd, 431585.667, 103
Trd, 431586.617, 99
Trd, 431587.283, 101
Trd, 431587.567, 105
Trd, 431589.700, 102
Trd, 431590.700, 101
Trd, 431592.117, 100
Trd, 431593.233, 112
Trd, 431593.317, 110
Trd, 431594.533, 107
Trd, 431594.683, 103
Trd, 431594.767, 109
Trd, 431595.233, 111
Trd, 431595.950, 110
Trd, 431596.067, 99
Trd, 431596.683, 102
Trd, 431599.067, 106
Trd, 431599.200, 104
Trd, 431599.250, 107
Trd, 431600.150, 103
Trd, 431600.500, 107
Trd, 431600.917, 109
Trd, 431601.000, 101
Trd, 431601.017, 99
Trd, 431604.267, 108
Trd, 431604.650, 105
Trd, 431605.350, 105
Trd, 431605.533, 104
Trd, 431608.383, 104
Trd, 431608.833, 106
Trd, 431609.967, 104
Trd, 431610.867, 103
Trd, 431611.283, 103
Trd, 431611.400, 98
Trd, 431612.300, 100
Trd, 431612.400, 97
Trd, 431612.450, 100
Trd, 431615.000, 98
Trd, 431615.367, 101
Trd, 431616.133, 102
Trd, 431616.883, 95
Trd, 431617.850, 102
Trd, 431619.217, 93
Trd, 431619.300, 104
Trd, 431621.067, 103
Trd, 431622.417, 103
Trd, 431623.517, 101
Trd, 431623.833, 104
Trd, 431624.300, 107
Trd, 431625.083, 101
Trd, 431625.550, 105
Trd, 431625.733, 106
Trd, 431626.033, 106
Trd, 431626.250, 104
Trd, 431626.300, 109
Trd, 431627.483, 110
Trd, 431627.650, 108
Trd, 431627.783, 106
Trd, 431627.917, 98
Trd, 431628.900, 102
Trd, 431629.050, 102
Trd, 431630.667, 103
Trd, 431631.300, 119
Trd, 431631.583, 118
Trd, 431631.767, 92
Trd, 431632.650, 107
Trd, 431633.067, 106
Trd, 431634.217, 108
Trd, 431634.267, 100
Trd, 431635.917, 96
Trd, 431636.850, 101
Trd, 431637.117, 95
Trd, 431640.150, 103
Trd, 431640.950, 103
Trd, 431641.450, 102
Trd, 431641.667, 107
Trd, 431643.983, 108
Trd, 431644.383, 108
Trd, 431645.000, 109
Trd, 431645.600, 107
Trd, 431645.950, 106
Trd, 431646.117, 109
Trd, 431646.283, 100
Trd, 431646.600, 104
Trd, 431646.733, 106
Trd, 431647.400, 106
Trd, 431647.600, 107
Trd, 431647.667, 109
Trd, 431649.450, 103
Trd, 431650.800, 101
Trd, 431651.667, 102
Trd, 431651.717, 110
Trd, 431652.033, 99
Trd, 431652.083, 110
Trd, 431654.133, 99
Trd, 431654.950, 106
Trd, 431654.983, 100
Trd, 431655.317, 106
Trd, 431656.733, 102
Trd, 431657.117, 102
Trd, 431657.300, 92
Trd, 431658.700, 99
Trd, 431658.800, 100
Trd, 431659.050, 87
Trd, 431660.750, 104
Trd, 431662.117, 92
Trd, 431663.167, 91
Trd, 431664.567, 92
Trd, 431664.700, 97
Trd, 431664.817, 98
Trd, 431667.683, 107
Trd, 431668.183, 107
Trd, 431668.300, 106
Trd, 431668.683, 112
Trd, 431669.717, 107
Trd, 431669.867, 108
Trd, 431669.950, 113
Trd, 431669.967, 107
Trd, 431671.450, 123
Trd, 431673.683, 117
Trd, 431674.600, 115
Trd, 431675.483, 115
Trd, 431675.633, 112
Trd, 431675.683, 111
Trd, 431675.867, 116
Trd, 431676.100, 106
Trd, 431678.333, 101
Trd, 431678.817, 104
Trd, 431679.233, 105
Trd, 431679.567, 105
Trd, 431680.683, 98
Trd, 431681.183, 111
Trd, 431681.350, 103
Trd, 431682.383, 108
Trd, 431684.933, 99
Trd, 431685.800, 105
Trd, 431686.767, 106
Trd, 431687.683, 109
Trd, 431687.883, 108
Trd, 431688.500, 110
Trd, 431690.067, 112
Trd, 431690.150, 102
Trd, 431690.233, 101
Trd, 431690.750, 119
Trd, 431691.800, 101
Trd, 431692.700, 104
Trd, 431694.017, 107
Trd, 431694.967, 113
Trd, 431695.033, 105
Trd, 431698.400, 110
Trd, 431698.917, 109
Trd, 431699.483, 114
Trd, 431699.833, 111
Trd, 431700.283, 115
Trd, 431701.117, 115
Trd, 431701.250, 117
Trd, 431701.483, 118
Trd, 431701.850, 106
Trd, 431702.050, 118
Trd, 431702.583, 105
Trd, 431705.000, 102
Trd, 431705.183, 101
Trd, 431705.733, 107
Trd, 431705.800, 108
Trd, 431708.817, 104
Trd, 431710.367, 112
Trd, 431710.683, 102
Trd, 431711.583, 103
Trd, 431711.917, 108
Trd, 431713.300, 105
Trd, 431713.667, 102
Trd, 431714.467, 102
Trd, 431714.767, 101
Trd, 431715.233, 101
Trd, 431715.500, 98
Trd, 431715.633, 104
Trd, 431716.467, 104
Trd, 431717.483, 108
Trd, 431718.617, 94
Trd, 431719.200, 123
Trd, 431720.267, 95
Trd, 431720.950, 93
Trd, 431722.283, 96
Trd, 431722.850, 96
Trd, 431723.383, 98
Trd, 431723.667, 98
Trd, 431725.233, 106
Trd, 431725.267, 112
Trd, 431726.183, 107
Trd, 431726.667, 106
Trd, 431727.383, 106
Trd, 431728.017, 109
Trd, 431729.567, 101
Trd, 431729.750, 108
Trd, 431730.767, 111
Trd, 431733.133, 103
Trd, 431733.283, 107
Trd, 431733.333, 120
Trd, 431733.583, 110
Trd, 431736.150, 112
Trd, 431736.183, 113
Trd, 431736.833, 111
Trd, 431737.800, 112
Trd, 431738.300, 109
Trd, 431739.883, 112
Trd, 431739.933, 112
Trd, 431740.333, 113
Trd, 431740.667, 111
Trd, 431741.250, 108
Trd, 431741.883, 106
Trd, 431742.050, 88
Trd, 431744.400, 97
Trd, 431744.617, 103
Trd, 431745.733, 100
Trd, 431745.767, 102
Trd, 431747.067, 103
Trd, 431747.750, 107
Trd, 431749.050, 108
Trd, 431749.517, 109
Trd, 431750.117, 106
Trd, 431751.583, 113
Trd, 431751.933, 111
Trd, 431752.167, 118
Trd, 431752.933, 101
Trd, 431753.500, 112
Trd, 431754.733, 104
Trd, 431754.767, 106
Trd, 431756.250, 107
Trd, 431756.550, 101
Trd, 431756.600, 105
Trd, 431756.883, 102
Trd, 431757.833, 105
Trd, 431758.117, 112
Trd, 431758.567, 120
Trd, 431758.700, 119
Trd, 431759.700, 98
Trd, 431760.500, 112
Trd, 431761.383, 97
Trd, 431761.400, 110
Trd, 431761.533, 97
Trd, 431762.417, 103
Trd, 431763.950, 116
Trd, 431765.617, 94
Trd, 431765.800, 101
Trd, 431766.950, 98
Trd, 431767.900, 94
Trd, 431768.283, 97
Trd, 431768.633, 102
Trd, 431769.133, 96
Trd, 431769.833, 97
Trd, 431770.767, 108
Trd, 431771.267, 111
Trd, 431772.583, 106
Trd, 431772.783, 98
Trd, 431774.117, 104
Trd, 431774.317, 106
Trd, 431775.867, 107
Trd, 431776.067, 107
Trd, 431776.733, 107
Trd, 431777.217, 106
Trd, 431777.517, 101
Trd, 431779.083, 101
Trd, 431780.617, 93
Trd, 431781.100, 92
Trd, 431781.350, 94
Trd, 431781.700, 111
Trd, 431781.783, 112
Trd, 431783.450, 120
Trd, 431783.933, 105
Trd, 431784.433, 106
Trd, 431786.083, 108
Trd, 431786.350, 109
Trd, 431787.783, 109
Trd, 431788.317, 102
Trd, 431790.300, 100
Trd, 431790.900, 109
Trd, 431791.033, 98
Trd, 431791.300, 110
Trd, 431791.667, 110
Trd, 431791.833, 94
Trd, 431793.950, 112
Trd, 431794.517, 112
Trd, 431795.933, 107
Trd, 431796.200, 106
Trd, 431796.267, 106
Trd, 431796.950, 113
Trd, 431797.283, 110
Trd, 431798.100, 100
Trd, 431798.300, 99
Trd, 431798.783, 98
Trd, 431800.050, 101
Trd, 431800.100, 96
Trd, 431800.850, 96
Trd, 431801.250, 107
Trd, 431801.267, 87
Trd, 431802.117, 109
Trd, 431803.400, 97
Trd, 431804.383, 99
Trd, 431804.483, 102
Trd, 431805.600, 110
Trd, 431805.767, 101
Trd, 431809.117, 104
Trd, 431809.300, 103
Trd, 431810.017, 101
Trd, 431810.533, 101
Trd, 431810.950, 103
Trd, 431811.633, 98
Trd, 431812.017, 108
Trd, 431812.367, 112
Trd, 431813.550, 120
Trd, 431814.350, 113
Trd, 431816.050, 111
Trd, 431816.217, 111
Trd, 431816.567, 115
Trd, 431816.900, 112
Trd, 431816.950, 109
Trd, 431817.950, 108
Trd, 431818.000, 106
Trd, 431819.867, 101
Trd, 431820.217, 105
Trd, 431821.367, 102
Trd, 431821.767, 102
Trd, 431822.467, 103
Trd, 431822.517, 106
Trd, 431823.567, 108
Trd, 431824.483, 106
Trd, 431824.550, 98
Trd, 431825.667, 108
Trd, 431828.450, 94
Trd, 431829.117, 101
Trd, 431831.217, 101
Trd, 431831.450, 101
Trd, 431831.650, 102
Trd, 431832.067, 101
Trd, 431832.250, 103
Trd, 431833.567, 99
Trd, 431833.633, 107
Trd, 431834.633, 120
Trd, 431835.083, 101
Trd, 431837.150, 103
Trd, 431837.317, 102
Trd, 431837.333, 100
Trd, 431838.050, 93
Trd, 431839.667, 88
Trd, 431840.833, 96
Trd, 431841.750, 96
Trd, 431842.517, 98
Trd, 431842.900, 96
Trd, 431843.033, 96
Trd, 431843.150, 95
Trd, 431844.183, 98
Trd, 431844.700, 92
Trd, 431845.133, 103
Trd, 431845.250, 103
Trd, 431845.617, 107
Trd, 431848.017, 112
Trd, 431848.750, 105
Trd, 431849.800, 101
Trd, 431849.883, 102
Trd, 431851.250, 101
Trd, 431852.350, 102
Trd, 431853.533, 98
Trd, 431854.200, 100
Trd, 431854.317, 106
Trd, 431855.400, 101
Trd, 431855.650, 98
Trd, 431856.583, 111
Trd, 431856.733, 112
Trd, 431857.733, 109
Trd, 431858.567, 102
Trd, 431859.733, 108
Trd, 431860.350, 111
Trd, 431860.467, 118
Trd, 431861.083, 115
Trd, 431861.217, 117
Trd, 431862.133, 117
Trd, 431862.650, 107
Trd, 431863.567, 122
Trd, 431864.217, 109
Trd, 431865.333, 106
Trd, 431866.867, 104
Trd, 431867.417, 105
Trd, 431867.533, 106
Trd, 431867.783, 101
Trd, 431867.800, 98
Trd, 431868.600, 102
Trd, 431868.850, 86
Trd, 431868.917, 94
Trd, 431870.700, 100
Trd, 431871.033, 100
Trd, 431871.250, 103
Trd, 431871.533, 99
Trd, 431874.733, 94
Trd, 431875.167, 97
Trd, 431876.000, 98
Trd, 431876.100, 103
Trd, 431877.017, 102
Trd, 431877.100, 103
Trd, 431878.050, 100
Trd, 431878.083, 106
Trd, 431878.467, 100
Trd, 431879.633, 105
Trd, 431879.950, 105
Trd, 431880.517, 100
Trd, 431881.017, 108
Trd, 431881.533, 99
Trd, 431882.333, 98
Trd, 431882.550, 102
Trd, 431884.450, 102
Trd, 431885.033, 103
Trd, 431885.150, 106
Trd, 431887.000, 102
Trd, 431887.150, 101
Trd, 431887.250, 111
Trd, 431887.950, 105
Trd, 431888.550, 107
Trd, 431889.967, 125
Trd, 431891.033, 110
Trd, 431891.450, 105
Trd, 431891.533, 106
Trd, 431891.800, 105
Trd, 431892.200, 103
Trd, 431892.683, 100
Trd, 431893.167, 98
Trd, 431893.733, 104
Trd, 431894.233, 99
Trd, 431895.600, 101
Trd, 431896.600, 102
Trd, 431897.517, 101
Trd, 431899.083, 98
Trd, 431899.200, 99
Trd, 431899.267, 102
Trd, 431900.350, 92
Trd, 431900.850, 98
Trd, 431901.400, 102
Trd, 431902.867, 98
Trd, 431903.233, 100
Trd, 431904.300, 99
Trd, 431904.550, 100
Trd, 431905.867, 93
Trd, 431906.817, 94
Trd, 431907.217, 94
Trd, 431907.383, 95
Trd, 431907.667, 98
Trd, 431908.550, 98
Trd, 431909.717, 108
Trd, 431909.967, 108
Trd, 431910.333, 107
Trd, 431910.800, 107
Trd, 431912.767, 106
Trd, 431913.833, 106
Trd, 431914.867, 108
Trd, 431915.283, 107
Trd, 431915.683, 108
Trd, 431915.717, 110
Trd, 431916.950, 102
Trd, 431917.533, 104
Trd, 431919.133, 106
Trd, 431919.300, 105
Trd, 431919.717, 106
Trd, 431919.750, 112
Trd, 431920.000, 126
Trd, 431920.883, 124
Trd, 431920.900, 116
Trd, 431921.433, 104
Trd, 431923.700, 117
Trd, 431924.350, 99
Trd, 431924.600, 100
Trd, 431925.133, 99
Trd, 431926.233, 107
Trd, 431927.150, 98
Trd, 431927.433, 102
Trd, 431927.667, 93
Trd, 431928.450, 93
Trd, 431930.533, 90
Trd, 431932.167, 89
Trd, 431932.183, 90
Trd, 431933.350, 93
Trd, 431933.567, 95
Trd, 431934.583, 95
Trd, 431935.117, 95
Trd, 431935.183, 89
Trd, 431936.550, 99
Trd, 431936.800, 89
Trd, 431939.167, 99
Trd, 431939.300, 100
Trd, 431940.600, 95
Trd, 431941.317, 103
Trd, 431941.833, 96
Trd, 431942.567, 100
Trd, 431942.667, 101
Trd, 431942.767, 112
Trd, 431943.333, 104
Trd, 431943.783, 103
Trd, 431944.433, 108
Trd, 431945.467, 106
Trd, 431946.683, 105
Trd, 431947.533, 103
Trd, 431947.833, 113
Trd, 431948.533, 108
Trd, 431949.083, 98
Trd, 431949.450, 105
Trd, 431950.767, 99
Trd, 431950.833, 101
Trd, 431951.083, 98
Trd, 431953.667, 101
Trd, 431955.350, 103
Trd, 431955.517, 101
Trd, 431955.633, 104
Trd, 431956.283, 101
Trd, 431956.383, 101
Trd, 431956.450, 106
Trd, 431956.900, 99
Trd, 431958.383, 110
Trd, 431958.700, 108
Trd, 431959.033, 112
Trd, 431959.117, 103
Trd, 431962.383, 101
Trd, 431962.633, 102
Trd, 431964.900, 106
Trd, 431964.917, 105
Trd, 431965.017, 103
Trd, 431966.050, 108
Trd, 431967.267, 117
Trd, 431967.350, 118
Trd, 431967.850, 101
Trd, 431968.467, 106
Trd, 431969.217, 100
Trd, 431970.633, 100
Trd, 431971.200, 102
Trd, 431971.800, 108
Trd, 431971.917, 112
Trd, 431973.233, 116
Trd, 431973.600, 115
Trd, 431974.500, 109
Trd, 431974.617, 115
Trd, 431976.533, 106
Trd, 431977.517, 99
Trd, 431977.583, 101
Trd, 431977.667, 98
Trd, 431979.217, 93
Trd, 431980.450, 87
Trd, 431982.083, 87
Trd, 431982.683, 90
Trd, 431983.117, 85
Trd, 431984.250, 85
Trd, 431985.350, 89
Trd, 431985.867, 93
Trd, 431985.950, 94
Trd, 431986.950, 98
Trd, 431987.717, 96
Trd, 431988.500, 97
Trd, 431989.733, 94
Trd, 431989.950, 95
Trd, 431989.983, 97
Trd, 431990.717, 96
Trd, 431990.733, 95
Trd, 431991.000, 94
Trd, 431991.767, 97
Trd, 431992.433, 87
Trd, 431992.750, 98
Trd, 431993.350, 101
Trd, 431993.683, 111
Trd, 431994.333, 101
Trd, 431996.833, 106
Trd, 431997.183, 102
Trd, 431997.200, 101
Trd, 431998.050, 101
Trd, 431998.650, 99
Trd, 431998.883, 103
